# This file is brought to you by Roblox Corporation
# Generated by Roblox Studio

mtllib baseTecnofutura.mtl

g Base1

v 29.8686 19.083 -24 
v 29.8686 19.083 60.214 
v 29.8686 17.2243 -24 
v 29.8686 17.2243 60.214 
v -35 19.083 60.214 
v 29.8686 19.083 60.214 
v -35 19.083 -24 
v 29.8686 19.083 -24 
v 29.8686 19.083 60.214 
v -35 19.083 60.214 
v 29.8686 17.2243 60.214 
v -35 17.2243 60.214 
v -35 19.083 60.214 
v -35 19.083 -24 
v -35 17.2243 60.214 
v -35 17.2243 -24 
v -35 17.2243 -24 
v 29.8686 17.2243 -24 
v -35 17.2243 60.214 
v 29.8686 17.2243 60.214 
v -35 19.083 -24 
v 29.8686 19.083 -24 
v -35 17.2243 -24 
v 29.8686 17.2243 -24 

vn 1 0 0 
vn 1 0 0 
vn 1 0 0 
vn 1 0 0 
vn 0 1 0 
vn 0 1 0 
vn 0 1 0 
vn 0 1 0 
vn 0 0 1 
vn 0 0 1 
vn 0 0 1 
vn 0 0 1 
vn -1 0 0 
vn -1 0 0 
vn -1 0 0 
vn -1 0 0 
vn 0 -1 0 
vn 0 -1 0 
vn 0 -1 0 
vn 0 -1 0 
vn 0 0 -1 
vn 0 0 -1 
vn 0 0 -1 
vn 0 0 -1 

vt 15.7768 -1.75 
vt 5.25 -1.75 
vt 15.7768 -1.98233 
vt 5.25 -1.98233 
vt 13.3586 -1.75 
vt 5.25 -1.75 
vt 13.3586 -12.2768 
vt 5.25 -12.2768 
vt 13.3586 -1.75 
vt 5.25 -1.75 
vt 13.3586 -1.98233 
vt 5.25 -1.98233 
vt 15.7768 -1.75 
vt 5.25 -1.75 
vt 15.7768 -1.98233 
vt 5.25 -1.98233 
vt 13.3586 -1.75 
vt 5.25 -1.75 
vt 13.3586 -12.2768 
vt 5.25 -12.2768 
vt 13.3586 -1.75 
vt 5.25 -1.75 
vt 13.3586 -1.98233 
vt 5.25 -1.98233 

usemtl Base1Mtl

f 1/1/1 2/2/2 3/3/3 
f 3/3/3 2/2/2 4/4/4 
f 5/5/5 6/6/6 7/7/7 
f 7/7/7 6/6/6 8/8/8 
f 9/9/9 10/10/10 11/11/11 
f 11/11/11 10/10/10 12/12/12 
f 13/13/13 14/14/14 15/15/15 
f 15/15/15 14/14/14 16/16/16 
f 17/17/17 18/18/18 19/19/19 
f 19/19/19 18/18/18 20/20/20 
f 21/21/21 22/22/22 23/23/23 
f 23/23/23 22/22/22 24/24/24 

g Part1

v -15.2774 2.45871 55.7883 
v -15.2774 2.45871 58.9722 
v -15.2774 3.25869 55.7883 
v -15.2774 3.25869 58.9722 
v -8.87752 2.45871 58.9722 
v -15.2774 2.45871 58.9722 
v -8.87752 2.45871 55.7883 
v -15.2774 2.45871 55.7883 
v -15.2774 2.45871 58.9722 
v -8.87752 2.45871 58.9722 
v -15.2774 3.25869 58.9722 
v -8.87752 3.25869 58.9722 
v -8.87752 2.45871 58.9722 
v -8.87752 2.45871 55.7883 
v -8.87752 3.25869 58.9722 
v -8.87752 3.25869 55.7883 
v -8.87752 3.25869 55.7883 
v -15.2774 3.25869 55.7883 
v -8.87752 3.25869 58.9722 
v -15.2774 3.25869 58.9722 
v -8.87752 2.45871 55.7883 
v -15.2774 2.45871 55.7883 
v -8.87752 3.25869 55.7883 
v -15.2774 3.25869 55.7883 

vn -1 0 0 
vn -1 0 0 
vn -1 0 0 
vn -1 0 0 
vn 0 -1 0 
vn 0 -1 0 
vn 0 -1 0 
vn 0 -1 0 
vn 0 0 1 
vn 0 0 1 
vn 0 0 1 
vn 0 0 1 
vn 1 0 0 
vn 1 0 0 
vn 1 0 0 
vn 1 0 0 
vn 0 1 0 
vn 0 1 0 
vn 0 1 0 
vn 0 1 0 
vn 0 0 -1 
vn 0 0 -1 
vn 0 0 -1 
vn 0 0 -1 

vt 7.89799 -6.5 
vt 7.5 -6.5 
vt 7.89799 -6.6 
vt 7.5 -6.6 
vt 8.29999 -6.5 
vt 7.5 -6.5 
vt 8.29999 -6.89799 
vt 7.5 -6.89799 
vt 8.29999 -6.5 
vt 7.5 -6.5 
vt 8.29999 -6.6 
vt 7.5 -6.6 
vt 7.89799 -6.5 
vt 7.5 -6.5 
vt 7.89799 -6.6 
vt 7.5 -6.6 
vt 8.29999 -6.5 
vt 7.5 -6.5 
vt 8.29999 -6.89799 
vt 7.5 -6.89799 
vt 8.29999 -6.5 
vt 7.5 -6.5 
vt 8.29999 -6.6 
vt 7.5 -6.6 

usemtl Part1Mtl

f 25/25/25 26/26/26 27/27/27 
f 27/27/27 26/26/26 28/28/28 
f 29/29/29 30/30/30 31/31/31 
f 31/31/31 30/30/30 32/32/32 
f 33/33/33 34/34/34 35/35/35 
f 35/35/35 34/34/34 36/36/36 
f 37/37/37 38/38/38 39/39/39 
f 39/39/39 38/38/38 40/40/40 
f 41/41/41 42/42/42 43/43/43 
f 43/43/43 42/42/42 44/44/44 
f 45/45/45 46/46/46 47/47/47 
f 47/47/47 46/46/46 48/48/48 

g Part2

v -10.7974 13.2986 55.6925 
v -10.7974 14.0185 55.6925 
v -10.7974 13.2986 55.8525 
v -10.7974 14.0185 55.8525 
v -13.3573 14.0185 55.6925 
v -10.7974 14.0185 55.6925 
v -13.3573 13.2986 55.6925 
v -10.7974 13.2986 55.6925 
v -10.7974 14.0185 55.6925 
v -13.3573 14.0185 55.6925 
v -10.7974 14.0185 55.8525 
v -13.3573 14.0185 55.8525 
v -13.3573 14.0185 55.6925 
v -13.3573 13.2986 55.6925 
v -13.3573 14.0185 55.8525 
v -13.3573 13.2986 55.8525 
v -13.3573 13.2986 55.8525 
v -10.7974 13.2986 55.8525 
v -13.3573 14.0185 55.8525 
v -10.7974 14.0185 55.8525 
v -13.3573 13.2986 55.6925 
v -10.7974 13.2986 55.6925 
v -13.3573 13.2986 55.8525 
v -10.7974 13.2986 55.8525 

vn 1 0 0 
vn 1 0 0 
vn 1 0 0 
vn 1 0 0 
vn 0 0 -1 
vn 0 0 -1 
vn 0 0 -1 
vn 0 0 -1 
vn 0 1 0 
vn 0 1 0 
vn 0 1 0 
vn 0 1 0 
vn -1 0 0 
vn -1 0 0 
vn -1 0 0 
vn -1 0 0 
vn 0 0 1 
vn 0 0 1 
vn 0 0 1 
vn 0 0 1 
vn 0 -1 0 
vn 0 -1 0 
vn 0 -1 0 
vn 0 -1 0 

vt 4.84 -2.75 
vt 4.75 -2.75 
vt 4.84 -2.77 
vt 4.75 -2.77 
vt 5.06999 -2.75 
vt 4.75 -2.75 
vt 5.06999 -2.84 
vt 4.75 -2.84 
vt 5.06999 -2.75 
vt 4.75 -2.75 
vt 5.06999 -2.77 
vt 4.75 -2.77 
vt 4.84 -2.75 
vt 4.75 -2.75 
vt 4.84 -2.77 
vt 4.75 -2.77 
vt 5.06999 -2.75 
vt 4.75 -2.75 
vt 5.06999 -2.84 
vt 4.75 -2.84 
vt 5.06999 -2.75 
vt 4.75 -2.75 
vt 5.06999 -2.77 
vt 4.75 -2.77 

usemtl Part1Mtl

f 49/49/49 50/50/50 51/51/51 
f 51/51/51 50/50/50 52/52/52 
f 53/53/53 54/54/54 55/55/55 
f 55/55/55 54/54/54 56/56/56 
f 57/57/57 58/58/58 59/59/59 
f 59/59/59 58/58/58 60/60/60 
f 61/61/61 62/62/62 63/63/63 
f 63/63/63 62/62/62 64/64/64 
f 65/65/65 66/66/66 67/67/67 
f 67/67/67 66/66/66 68/68/68 
f 69/69/69 70/70/70 71/71/71 
f 71/71/71 70/70/70 72/72/72 

g Part3

v -8.87742 12.8577 55.7725 
v -8.87742 12.8577 58.9724 
v -8.87742 12.5377 55.7725 
v -8.87742 12.5377 58.9724 
v -15.2773 12.8577 58.9724 
v -8.87742 12.8577 58.9724 
v -15.2773 12.8577 55.7725 
v -8.87742 12.8577 55.7725 
v -8.87742 12.8577 58.9724 
v -15.2773 12.8577 58.9724 
v -8.87742 12.5377 58.9724 
v -15.2773 12.5377 58.9724 
v -15.2773 12.8577 58.9724 
v -15.2773 12.8577 55.7725 
v -15.2773 12.5377 58.9724 
v -15.2773 12.5377 55.7725 
v -15.2773 12.5377 55.7725 
v -8.87742 12.5377 55.7725 
v -15.2773 12.5377 58.9724 
v -8.87742 12.5377 58.9724 
v -15.2773 12.8577 55.7725 
v -8.87742 12.8577 55.7725 
v -15.2773 12.5377 55.7725 
v -8.87742 12.5377 55.7725 

vn 1 0 0 
vn 1 0 0 
vn 1 0 0 
vn 1 0 0 
vn 0 1 0 
vn 0 1 0 
vn 0 1 0 
vn 0 1 0 
vn 0 0 1 
vn 0 0 1 
vn 0 0 1 
vn 0 0 1 
vn -1 0 0 
vn -1 0 0 
vn -1 0 0 
vn -1 0 0 
vn 0 -1 0 
vn 0 -1 0 
vn 0 -1 0 
vn 0 -1 0 
vn 0 0 -1 
vn 0 0 -1 
vn 0 0 -1 
vn 0 0 -1 

vt 2.89999 -2.25 
vt 2.5 -2.25 
vt 2.89999 -2.29 
vt 2.5 -2.29 
vt 3.29999 -2.25 
vt 2.5 -2.25 
vt 3.29999 -2.64999 
vt 2.5 -2.64999 
vt 3.29999 -2.25 
vt 2.5 -2.25 
vt 3.29999 -2.29 
vt 2.5 -2.29 
vt 2.89999 -2.25 
vt 2.5 -2.25 
vt 2.89999 -2.29 
vt 2.5 -2.29 
vt 3.29999 -2.25 
vt 2.5 -2.25 
vt 3.29999 -2.64999 
vt 2.5 -2.64999 
vt 3.29999 -2.25 
vt 2.5 -2.25 
vt 3.29999 -2.29 
vt 2.5 -2.29 

usemtl Part1Mtl

f 73/73/73 74/74/74 75/75/75 
f 75/75/75 74/74/74 76/76/76 
f 77/77/77 78/78/78 79/79/79 
f 79/79/79 78/78/78 80/80/80 
f 81/81/81 82/82/82 83/83/83 
f 83/83/83 82/82/82 84/84/84 
f 85/85/85 86/86/86 87/87/87 
f 87/87/87 86/86/86 88/88/88 
f 89/89/89 90/90/90 91/91/91 
f 91/91/91 90/90/90 92/92/92 
f 93/93/93 94/94/94 95/95/95 
f 95/95/95 94/94/94 96/96/96 

g Part4

v -15.2773 12.8577 55.7725 
v -15.2773 12.8577 58.9724 
v -15.2773 14.4577 55.7725 
v -15.2773 14.4577 58.9724 
v -8.87742 12.8577 58.9724 
v -15.2773 12.8577 58.9724 
v -8.87742 12.8577 55.7725 
v -15.2773 12.8577 55.7725 
v -15.2773 12.8577 58.9724 
v -8.87742 12.8577 58.9724 
v -15.2773 14.4577 58.9724 
v -8.87742 14.4577 58.9724 
v -8.87742 12.8577 58.9724 
v -8.87742 12.8577 55.7725 
v -8.87742 14.4577 58.9724 
v -8.87742 14.4577 55.7725 
v -8.87742 14.4577 55.7725 
v -15.2773 14.4577 55.7725 
v -8.87742 14.4577 58.9724 
v -15.2773 14.4577 58.9724 
v -8.87742 12.8577 55.7725 
v -15.2773 12.8577 55.7725 
v -8.87742 14.4577 55.7725 
v -15.2773 14.4577 55.7725 

vn -1 0 0 
vn -1 0 0 
vn -1 0 0 
vn -1 0 0 
vn 0 -1 0 
vn 0 -1 0 
vn 0 -1 0 
vn 0 -1 0 
vn 0 0 1 
vn 0 0 1 
vn 0 0 1 
vn 0 0 1 
vn 1 0 0 
vn 1 0 0 
vn 1 0 0 
vn 1 0 0 
vn 0 1 0 
vn 0 1 0 
vn 0 1 0 
vn 0 1 0 
vn 0 0 -1 
vn 0 0 -1 
vn 0 0 -1 
vn 0 0 -1 

vt 1.89999 -1.75 
vt 1.5 -1.75 
vt 1.89999 -1.95 
vt 1.5 -1.95 
vt 2.29999 -1.75 
vt 1.5 -1.75 
vt 2.29999 -2.14999 
vt 1.5 -2.14999 
vt 2.29999 -1.75 
vt 1.5 -1.75 
vt 2.29999 -1.95 
vt 1.5 -1.95 
vt 1.89999 -1.75 
vt 1.5 -1.75 
vt 1.89999 -1.95 
vt 1.5 -1.95 
vt 2.29999 -1.75 
vt 1.5 -1.75 
vt 2.29999 -2.14999 
vt 1.5 -2.14999 
vt 2.29999 -1.75 
vt 1.5 -1.75 
vt 2.29999 -1.95 
vt 1.5 -1.95 

usemtl Part1Mtl

f 97/97/97 98/98/98 99/99/99 
f 99/99/99 98/98/98 100/100/100 
f 101/101/101 102/102/102 103/103/103 
f 103/103/103 102/102/102 104/104/104 
f 105/105/105 106/106/106 107/107/107 
f 107/107/107 106/106/106 108/108/108 
f 109/109/109 110/110/110 111/111/111 
f 111/111/111 110/110/110 112/112/112 
f 113/113/113 114/114/114 115/115/115 
f 115/115/115 114/114/114 116/116/116 
f 117/117/117 118/118/118 119/119/119 
f 119/119/119 118/118/118 120/120/120 

g Part5

v -9.19641 12.8585 55.7726 
v -9.19641 12.8585 58.9725 
v -8.87642 12.8585 55.7726 
v -8.87642 12.8585 58.9725 
v -9.19641 4.85866 58.9725 
v -9.19641 12.8585 58.9725 
v -9.19641 4.85866 55.7726 
v -9.19641 12.8585 55.7726 
v -9.19641 12.8585 58.9725 
v -9.19641 4.85866 58.9725 
v -8.87642 12.8585 58.9725 
v -8.87642 4.85866 58.9725 
v -9.19641 4.85866 58.9725 
v -9.19641 4.85866 55.7726 
v -8.87642 4.85866 58.9725 
v -8.87642 4.85866 55.7726 
v -8.87642 4.85866 55.7726 
v -8.87642 12.8585 55.7726 
v -8.87642 4.85866 58.9725 
v -8.87642 12.8585 58.9725 
v -9.19641 4.85866 55.7726 
v -9.19641 12.8585 55.7726 
v -8.87642 4.85866 55.7726 
v -8.87642 12.8585 55.7726 

vn 0 1 0 
vn 0 1 0 
vn 0 1 0 
vn 0 1 0 
vn -1 0 0 
vn -1 0 0 
vn -1 0 0 
vn -1 0 0 
vn 0 0 1 
vn 0 0 1 
vn 0 0 1 
vn 0 0 1 
vn 0 -1 0 
vn 0 -1 0 
vn 0 -1 0 
vn 0 -1 0 
vn 1 0 0 
vn 1 0 0 
vn 1 0 0 
vn 1 0 0 
vn 0 0 -1 
vn 0 0 -1 
vn 0 0 -1 
vn 0 0 -1 

vt 4.39999 -6.25 
vt 4 -6.25 
vt 4.39999 -6.29 
vt 4 -6.29 
vt 4.99998 -6.25 
vt 4 -6.25 
vt 4.99998 -6.64999 
vt 4 -6.64999 
vt 4.99998 -6.25 
vt 4 -6.25 
vt 4.99998 -6.29 
vt 4 -6.29 
vt 4.39999 -6.25 
vt 4 -6.25 
vt 4.39999 -6.29 
vt 4 -6.29 
vt 4.99998 -6.25 
vt 4 -6.25 
vt 4.99998 -6.64999 
vt 4 -6.64999 
vt 4.99998 -6.25 
vt 4 -6.25 
vt 4.99998 -6.29 
vt 4 -6.29 

usemtl Part1Mtl

f 121/121/121 122/122/122 123/123/123 
f 123/123/123 122/122/122 124/124/124 
f 125/125/125 126/126/126 127/127/127 
f 127/127/127 126/126/126 128/128/128 
f 129/129/129 130/130/130 131/131/131 
f 131/131/131 130/130/130 132/132/132 
f 133/133/133 134/134/134 135/135/135 
f 135/135/135 134/134/134 136/136/136 
f 137/137/137 138/138/138 139/139/139 
f 139/139/139 138/138/138 140/140/140 
f 141/141/141 142/142/142 143/143/143 
f 143/143/143 142/142/142 144/144/144 

g Part6

v -15.2775 12.8585 58.9735 
v -8.87757 12.8585 58.9735 
v -15.2775 12.8585 58.6535 
v -8.87757 12.8585 58.6535 
v -8.87757 4.85866 58.9735 
v -8.87757 12.8585 58.9735 
v -15.2775 4.85866 58.9735 
v -15.2775 12.8585 58.9735 
v -8.87757 12.8585 58.9735 
v -8.87757 4.85866 58.9735 
v -8.87757 12.8585 58.6535 
v -8.87757 4.85866 58.6535 
v -8.87757 4.85866 58.9735 
v -15.2775 4.85866 58.9735 
v -8.87757 4.85866 58.6535 
v -15.2775 4.85866 58.6535 
v -15.2775 4.85866 58.6535 
v -15.2775 12.8585 58.6535 
v -8.87757 4.85866 58.6535 
v -8.87757 12.8585 58.6535 
v -15.2775 4.85866 58.9735 
v -15.2775 12.8585 58.9735 
v -15.2775 4.85866 58.6535 
v -15.2775 12.8585 58.6535 

vn 0 1 0 
vn 0 1 0 
vn 0 1 0 
vn 0 1 0 
vn 0 0 1 
vn 0 0 1 
vn 0 0 1 
vn 0 0 1 
vn 1 0 0 
vn 1 0 0 
vn 1 0 0 
vn 1 0 0 
vn 0 -1 0 
vn 0 -1 0 
vn 0 -1 0 
vn 0 -1 0 
vn 0 0 -1 
vn 0 0 -1 
vn 0 0 -1 
vn 0 0 -1 
vn -1 0 0 
vn -1 0 0 
vn -1 0 0 
vn -1 0 0 

vt 4.29999 -2 
vt 3.5 -2 
vt 4.29999 -2.04 
vt 3.5 -2.04 
vt 4.49998 -2 
vt 3.5 -2 
vt 4.49998 -2.79999 
vt 3.5 -2.79999 
vt 4.49998 -2 
vt 3.5 -2 
vt 4.49998 -2.04 
vt 3.5 -2.04 
vt 4.29999 -2 
vt 3.5 -2 
vt 4.29999 -2.04 
vt 3.5 -2.04 
vt 4.49998 -2 
vt 3.5 -2 
vt 4.49998 -2.79999 
vt 3.5 -2.79999 
vt 4.49998 -2 
vt 3.5 -2 
vt 4.49998 -2.04 
vt 3.5 -2.04 

usemtl Part1Mtl

f 145/145/145 146/146/146 147/147/147 
f 147/147/147 146/146/146 148/148/148 
f 149/149/149 150/150/150 151/151/151 
f 151/151/151 150/150/150 152/152/152 
f 153/153/153 154/154/154 155/155/155 
f 155/155/155 154/154/154 156/156/156 
f 157/157/157 158/158/158 159/159/159 
f 159/159/159 158/158/158 160/160/160 
f 161/161/161 162/162/162 163/163/163 
f 163/163/163 162/162/162 164/164/164 
f 165/165/165 166/166/166 167/167/167 
f 167/167/167 166/166/166 168/168/168 

g Part7

v -15.2773 3.25856 55.7876 
v -15.2773 3.25856 58.9635 
v -15.2773 4.85853 55.7876 
v -15.2773 4.85853 58.9635 
v -8.87737 3.25856 58.9635 
v -15.2773 3.25856 58.9635 
v -8.87737 3.25856 55.7876 
v -15.2773 3.25856 55.7876 
v -15.2773 3.25856 58.9635 
v -8.87737 3.25856 58.9635 
v -15.2773 4.85853 58.9635 
v -8.87737 4.85853 58.9635 
v -8.87737 3.25856 58.9635 
v -8.87737 3.25856 55.7876 
v -8.87737 4.85853 58.9635 
v -8.87737 4.85853 55.7876 
v -8.87737 4.85853 55.7876 
v -15.2773 4.85853 55.7876 
v -8.87737 4.85853 58.9635 
v -15.2773 4.85853 58.9635 
v -8.87737 3.25856 55.7876 
v -15.2773 3.25856 55.7876 
v -8.87737 4.85853 55.7876 
v -15.2773 4.85853 55.7876 

vn -1 0 0 
vn -1 0 0 
vn -1 0 0 
vn -1 0 0 
vn 0 -1 0 
vn 0 -1 0 
vn 0 -1 0 
vn 0 -1 0 
vn 0 0 1 
vn 0 0 1 
vn 0 0 1 
vn 0 0 1 
vn 1 0 0 
vn 1 0 0 
vn 1 0 0 
vn 1 0 0 
vn 0 1 0 
vn 0 1 0 
vn 0 1 0 
vn 0 1 0 
vn 0 0 -1 
vn 0 0 -1 
vn 0 0 -1 
vn 0 0 -1 

vt 1.89699 0.75 
vt 1.5 0.75 
vt 1.89699 0.550003 
vt 1.5 0.550003 
vt 2.29999 0.75 
vt 1.5 0.75 
vt 2.29999 0.353006 
vt 1.5 0.353006 
vt 2.29999 0.75 
vt 1.5 0.75 
vt 2.29999 0.550003 
vt 1.5 0.550003 
vt 1.89699 0.75 
vt 1.5 0.75 
vt 1.89699 0.550003 
vt 1.5 0.550003 
vt 2.29999 0.75 
vt 1.5 0.75 
vt 2.29999 0.353006 
vt 1.5 0.353006 
vt 2.29999 0.75 
vt 1.5 0.75 
vt 2.29999 0.550003 
vt 1.5 0.550003 

usemtl Part1Mtl

f 169/169/169 170/170/170 171/171/171 
f 171/171/171 170/170/170 172/172/172 
f 173/173/173 174/174/174 175/175/175 
f 175/175/175 174/174/174 176/176/176 
f 177/177/177 178/178/178 179/179/179 
f 179/179/179 178/178/178 180/180/180 
f 181/181/181 182/182/182 183/183/183 
f 183/183/183 182/182/182 184/184/184 
f 185/185/185 186/186/186 187/187/187 
f 187/187/187 186/186/186 188/188/188 
f 189/189/189 190/190/190 191/191/191 
f 191/191/191 190/190/190 192/192/192 

g Part8

v -12.2774 3.45856 55.7071 
v -12.2774 4.65854 55.7071 
v -12.2774 3.45856 55.8671 
v -12.2774 4.65854 55.8671 
v -15.0774 4.65854 55.7071 
v -12.2774 4.65854 55.7071 
v -15.0774 3.45856 55.7071 
v -12.2774 3.45856 55.7071 
v -12.2774 4.65854 55.7071 
v -15.0774 4.65854 55.7071 
v -12.2774 4.65854 55.8671 
v -15.0774 4.65854 55.8671 
v -15.0774 4.65854 55.7071 
v -15.0774 3.45856 55.7071 
v -15.0774 4.65854 55.8671 
v -15.0774 3.45856 55.8671 
v -15.0774 3.45856 55.8671 
v -12.2774 3.45856 55.8671 
v -15.0774 4.65854 55.8671 
v -12.2774 4.65854 55.8671 
v -15.0774 3.45856 55.7071 
v -12.2774 3.45856 55.7071 
v -15.0774 3.45856 55.8671 
v -12.2774 3.45856 55.8671 

vn 1 0 0 
vn 1 0 0 
vn 1 0 0 
vn 1 0 0 
vn 0 0 -1 
vn 0 0 -1 
vn 0 0 -1 
vn 0 0 -1 
vn 0 1 0 
vn 0 1 0 
vn 0 1 0 
vn 0 1 0 
vn -1 0 0 
vn -1 0 0 
vn -1 0 0 
vn -1 0 0 
vn 0 0 1 
vn 0 0 1 
vn 0 0 1 
vn 0 0 1 
vn 0 -1 0 
vn 0 -1 0 
vn 0 -1 0 
vn 0 -1 0 

vt 3.9 1 
vt 3.75 1 
vt 3.9 0.98 
vt 3.75 0.98 
vt 4.09999 1 
vt 3.75 1 
vt 4.09999 0.850002 
vt 3.75 0.850002 
vt 4.09999 1 
vt 3.75 1 
vt 4.09999 0.98 
vt 3.75 0.98 
vt 3.9 1 
vt 3.75 1 
vt 3.9 0.98 
vt 3.75 0.98 
vt 4.09999 1 
vt 3.75 1 
vt 4.09999 0.850002 
vt 3.75 0.850002 
vt 4.09999 1 
vt 3.75 1 
vt 4.09999 0.98 
vt 3.75 0.98 

usemtl Part1Mtl

f 193/193/193 194/194/194 195/195/195 
f 195/195/195 194/194/194 196/196/196 
f 197/197/197 198/198/198 199/199/199 
f 199/199/199 198/198/198 200/200/200 
f 201/201/201 202/202/202 203/203/203 
f 203/203/203 202/202/202 204/204/204 
f 205/205/205 206/206/206 207/207/207 
f 207/207/207 206/206/206 208/208/208 
f 209/209/209 210/210/210 211/211/211 
f 211/211/211 210/210/210 212/212/212 
f 213/213/213 214/214/214 215/215/215 
f 215/215/215 214/214/214 216/216/216 

g Part9

v -13.2773 3.85855 55.6294 
v -13.2773 4.25854 55.6294 
v -13.2773 3.85855 55.7894 
v -13.2773 4.25854 55.7894 
v -14.0773 4.25854 55.6294 
v -13.2773 4.25854 55.6294 
v -14.0773 3.85855 55.6294 
v -13.2773 3.85855 55.6294 
v -13.2773 4.25854 55.6294 
v -14.0773 4.25854 55.6294 
v -13.2773 4.25854 55.7894 
v -14.0773 4.25854 55.7894 
v -14.0773 4.25854 55.6294 
v -14.0773 3.85855 55.6294 
v -14.0773 4.25854 55.7894 
v -14.0773 3.85855 55.7894 
v -14.0773 3.85855 55.7894 
v -13.2773 3.85855 55.7894 
v -14.0773 4.25854 55.7894 
v -13.2773 4.25854 55.7894 
v -14.0773 3.85855 55.6294 
v -13.2773 3.85855 55.6294 
v -14.0773 3.85855 55.7894 
v -13.2773 3.85855 55.7894 

vn 1 0 0 
vn 1 0 0 
vn 1 0 0 
vn 1 0 0 
vn 0 0 -1 
vn 0 0 -1 
vn 0 0 -1 
vn 0 0 -1 
vn 0 1 0 
vn 0 1 0 
vn 0 1 0 
vn 0 1 0 
vn -1 0 0 
vn -1 0 0 
vn -1 0 0 
vn -1 0 0 
vn 0 0 1 
vn 0 0 1 
vn 0 0 1 
vn 0 0 1 
vn 0 -1 0 
vn 0 -1 0 
vn 0 -1 0 
vn 0 -1 0 

vt 0.299999 -1 
vt 0.25 -1 
vt 0.299999 -1.02 
vt 0.25 -1.02 
vt 0.349998 -1 
vt 0.25 -1 
vt 0.349998 -1.05 
vt 0.25 -1.05 
vt 0.349998 -1 
vt 0.25 -1 
vt 0.349998 -1.02 
vt 0.25 -1.02 
vt 0.299999 -1 
vt 0.25 -1 
vt 0.299999 -1.02 
vt 0.25 -1.02 
vt 0.349998 -1 
vt 0.25 -1 
vt 0.349998 -1.05 
vt 0.25 -1.05 
vt 0.349998 -1 
vt 0.25 -1 
vt 0.349998 -1.02 
vt 0.25 -1.02 

usemtl Part1Mtl

f 217/217/217 218/218/218 219/219/219 
f 219/219/219 218/218/218 220/220/220 
f 221/221/221 222/222/222 223/223/223 
f 223/223/223 222/222/222 224/224/224 
f 225/225/225 226/226/226 227/227/227 
f 227/227/227 226/226/226 228/228/228 
f 229/229/229 230/230/230 231/231/231 
f 231/231/231 230/230/230 232/232/232 
f 233/233/233 234/234/234 235/235/235 
f 235/235/235 234/234/234 236/236/236 
f 237/237/237 238/238/238 239/239/239 
f 239/239/239 238/238/238 240/240/240 

g Part10

v -10.0776 3.85855 55.6293 
v -10.0776 4.25854 55.6293 
v -10.0776 3.85855 55.7893 
v -10.0776 4.25854 55.7893 
v -10.8776 4.25854 55.6293 
v -10.0776 4.25854 55.6293 
v -10.8776 3.85855 55.6293 
v -10.0776 3.85855 55.6293 
v -10.0776 4.25854 55.6293 
v -10.8776 4.25854 55.6293 
v -10.0776 4.25854 55.7893 
v -10.8776 4.25854 55.7893 
v -10.8776 4.25854 55.6293 
v -10.8776 3.85855 55.6293 
v -10.8776 4.25854 55.7893 
v -10.8776 3.85855 55.7893 
v -10.8776 3.85855 55.7893 
v -10.0776 3.85855 55.7893 
v -10.8776 4.25854 55.7893 
v -10.0776 4.25854 55.7893 
v -10.8776 3.85855 55.6293 
v -10.0776 3.85855 55.6293 
v -10.8776 3.85855 55.7893 
v -10.0776 3.85855 55.7893 

vn 1 0 0 
vn 1 0 0 
vn 1 0 0 
vn 1 0 0 
vn 0 0 -1 
vn 0 0 -1 
vn 0 0 -1 
vn 0 0 -1 
vn 0 1 0 
vn 0 1 0 
vn 0 1 0 
vn 0 1 0 
vn -1 0 0 
vn -1 0 0 
vn -1 0 0 
vn -1 0 0 
vn 0 0 1 
vn 0 0 1 
vn 0 0 1 
vn 0 0 1 
vn 0 -1 0 
vn 0 -1 0 
vn 0 -1 0 
vn 0 -1 0 

vt 2.8 -1.25 
vt 2.75 -1.25 
vt 2.8 -1.27 
vt 2.75 -1.27 
vt 2.85 -1.25 
vt 2.75 -1.25 
vt 2.85 -1.3 
vt 2.75 -1.3 
vt 2.85 -1.25 
vt 2.75 -1.25 
vt 2.85 -1.27 
vt 2.75 -1.27 
vt 2.8 -1.25 
vt 2.75 -1.25 
vt 2.8 -1.27 
vt 2.75 -1.27 
vt 2.85 -1.25 
vt 2.75 -1.25 
vt 2.85 -1.3 
vt 2.75 -1.3 
vt 2.85 -1.25 
vt 2.75 -1.25 
vt 2.85 -1.27 
vt 2.75 -1.27 

usemtl Part1Mtl

f 241/241/241 242/242/242 243/243/243 
f 243/243/243 242/242/242 244/244/244 
f 245/245/245 246/246/246 247/247/247 
f 247/247/247 246/246/246 248/248/248 
f 249/249/249 250/250/250 251/251/251 
f 251/251/251 250/250/250 252/252/252 
f 253/253/253 254/254/254 255/255/255 
f 255/255/255 254/254/254 256/256/256 
f 257/257/257 258/258/258 259/259/259 
f 259/259/259 258/258/258 260/260/260 
f 261/261/261 262/262/262 263/263/263 
f 263/263/263 262/262/262 264/264/264 

g Part11

v -9.07742 3.45856 55.7065 
v -9.07742 4.65854 55.7065 
v -9.07742 3.45856 55.8665 
v -9.07742 4.65854 55.8665 
v -11.8774 4.65854 55.7065 
v -9.07742 4.65854 55.7065 
v -11.8774 3.45856 55.7065 
v -9.07742 3.45856 55.7065 
v -9.07742 4.65854 55.7065 
v -11.8774 4.65854 55.7065 
v -9.07742 4.65854 55.8665 
v -11.8774 4.65854 55.8665 
v -11.8774 4.65854 55.7065 
v -11.8774 3.45856 55.7065 
v -11.8774 4.65854 55.8665 
v -11.8774 3.45856 55.8665 
v -11.8774 3.45856 55.8665 
v -9.07742 3.45856 55.8665 
v -11.8774 4.65854 55.8665 
v -9.07742 4.65854 55.8665 
v -11.8774 3.45856 55.7065 
v -9.07742 3.45856 55.7065 
v -11.8774 3.45856 55.8665 
v -9.07742 3.45856 55.8665 

vn 1 0 0 
vn 1 0 0 
vn 1 0 0 
vn 1 0 0 
vn 0 0 -1 
vn 0 0 -1 
vn 0 0 -1 
vn 0 0 -1 
vn 0 1 0 
vn 0 1 0 
vn 0 1 0 
vn 0 1 0 
vn -1 0 0 
vn -1 0 0 
vn -1 0 0 
vn -1 0 0 
vn 0 0 1 
vn 0 0 1 
vn 0 0 1 
vn 0 0 1 
vn 0 -1 0 
vn 0 -1 0 
vn 0 -1 0 
vn 0 -1 0 

vt 3.15 -5.75 
vt 3 -5.75 
vt 3.15 -5.77 
vt 3 -5.77 
vt 3.34999 -5.75 
vt 3 -5.75 
vt 3.34999 -5.9 
vt 3 -5.9 
vt 3.34999 -5.75 
vt 3 -5.75 
vt 3.34999 -5.77 
vt 3 -5.77 
vt 3.15 -5.75 
vt 3 -5.75 
vt 3.15 -5.77 
vt 3 -5.77 
vt 3.34999 -5.75 
vt 3 -5.75 
vt 3.34999 -5.9 
vt 3 -5.9 
vt 3.34999 -5.75 
vt 3 -5.75 
vt 3.34999 -5.77 
vt 3 -5.77 

usemtl Part1Mtl

f 265/265/265 266/266/266 267/267/267 
f 267/267/267 266/266/266 268/268/268 
f 269/269/269 270/270/270 271/271/271 
f 271/271/271 270/270/270 272/272/272 
f 273/273/273 274/274/274 275/275/275 
f 275/275/275 274/274/274 276/276/276 
f 277/277/277 278/278/278 279/279/279 
f 279/279/279 278/278/278 280/280/280 
f 281/281/281 282/282/282 283/283/283 
f 283/283/283 282/282/282 284/284/284 
f 285/285/285 286/286/286 287/287/287 
f 287/287/287 286/286/286 288/288/288 

g Part12

v -21.6771 2.45871 55.7884 
v -21.6771 2.45871 58.9724 
v -21.6771 3.25869 55.7884 
v -21.6771 3.25869 58.9724 
v -15.2773 2.45871 58.9724 
v -21.6771 2.45871 58.9724 
v -15.2773 2.45871 55.7884 
v -21.6771 2.45871 55.7884 
v -21.6771 2.45871 58.9724 
v -15.2773 2.45871 58.9724 
v -21.6771 3.25869 58.9724 
v -15.2773 3.25869 58.9724 
v -15.2773 2.45871 58.9724 
v -15.2773 2.45871 55.7884 
v -15.2773 3.25869 58.9724 
v -15.2773 3.25869 55.7884 
v -15.2773 3.25869 55.7884 
v -21.6771 3.25869 55.7884 
v -15.2773 3.25869 58.9724 
v -21.6771 3.25869 58.9724 
v -15.2773 2.45871 55.7884 
v -21.6771 2.45871 55.7884 
v -15.2773 3.25869 55.7884 
v -21.6771 3.25869 55.7884 

vn -1 0 0 
vn -1 0 0 
vn -1 0 0 
vn -1 0 0 
vn 0 -1 0 
vn 0 -1 0 
vn 0 -1 0 
vn 0 -1 0 
vn 0 0 1 
vn 0 0 1 
vn 0 0 1 
vn 0 0 1 
vn 1 0 0 
vn 1 0 0 
vn 1 0 0 
vn 1 0 0 
vn 0 1 0 
vn 0 1 0 
vn 0 1 0 
vn 0 1 0 
vn 0 0 -1 
vn 0 0 -1 
vn 0 0 -1 
vn 0 0 -1 

vt 6.64799 -6.75 
vt 6.25 -6.75 
vt 6.64799 -6.85 
vt 6.25 -6.85 
vt 7.04999 -6.75 
vt 6.25 -6.75 
vt 7.04999 -7.14799 
vt 6.25 -7.14799 
vt 7.04999 -6.75 
vt 6.25 -6.75 
vt 7.04999 -6.85 
vt 6.25 -6.85 
vt 6.64799 -6.75 
vt 6.25 -6.75 
vt 6.64799 -6.85 
vt 6.25 -6.85 
vt 7.04999 -6.75 
vt 6.25 -6.75 
vt 7.04999 -7.14799 
vt 6.25 -7.14799 
vt 7.04999 -6.75 
vt 6.25 -6.75 
vt 7.04999 -6.85 
vt 6.25 -6.85 

usemtl Part1Mtl

f 289/289/289 290/290/290 291/291/291 
f 291/291/291 290/290/290 292/292/292 
f 293/293/293 294/294/294 295/295/295 
f 295/295/295 294/294/294 296/296/296 
f 297/297/297 298/298/298 299/299/299 
f 299/299/299 298/298/298 300/300/300 
f 301/301/301 302/302/302 303/303/303 
f 303/303/303 302/302/302 304/304/304 
f 305/305/305 306/306/306 307/307/307 
f 307/307/307 306/306/306 308/308/308 
f 309/309/309 310/310/310 311/311/311 
f 311/311/311 310/310/310 312/312/312 

g Part13

v -17.1971 13.2986 55.6925 
v -17.1971 14.0185 55.6925 
v -17.1971 13.2986 55.8525 
v -17.1971 14.0185 55.8525 
v -19.7571 14.0185 55.6925 
v -17.1971 14.0185 55.6925 
v -19.7571 13.2986 55.6925 
v -17.1971 13.2986 55.6925 
v -17.1971 14.0185 55.6925 
v -19.7571 14.0185 55.6925 
v -17.1971 14.0185 55.8525 
v -19.7571 14.0185 55.8525 
v -19.7571 14.0185 55.6925 
v -19.7571 13.2986 55.6925 
v -19.7571 14.0185 55.8525 
v -19.7571 13.2986 55.8525 
v -19.7571 13.2986 55.8525 
v -17.1971 13.2986 55.8525 
v -19.7571 14.0185 55.8525 
v -17.1971 14.0185 55.8525 
v -19.7571 13.2986 55.6925 
v -17.1971 13.2986 55.6925 
v -19.7571 13.2986 55.8525 
v -17.1971 13.2986 55.8525 

vn 1 0 0 
vn 1 0 0 
vn 1 0 0 
vn 1 0 0 
vn 0 0 -1 
vn 0 0 -1 
vn 0 0 -1 
vn 0 0 -1 
vn 0 1 0 
vn 0 1 0 
vn 0 1 0 
vn 0 1 0 
vn -1 0 0 
vn -1 0 0 
vn -1 0 0 
vn -1 0 0 
vn 0 0 1 
vn 0 0 1 
vn 0 0 1 
vn 0 0 1 
vn 0 -1 0 
vn 0 -1 0 
vn 0 -1 0 
vn 0 -1 0 

vt 7.34 -3 
vt 7.25 -3 
vt 7.34 -3.02 
vt 7.25 -3.02 
vt 7.56999 -3 
vt 7.25 -3 
vt 7.56999 -3.09 
vt 7.25 -3.09 
vt 7.56999 -3 
vt 7.25 -3 
vt 7.56999 -3.02 
vt 7.25 -3.02 
vt 7.34 -3 
vt 7.25 -3 
vt 7.34 -3.02 
vt 7.25 -3.02 
vt 7.56999 -3 
vt 7.25 -3 
vt 7.56999 -3.09 
vt 7.25 -3.09 
vt 7.56999 -3 
vt 7.25 -3 
vt 7.56999 -3.02 
vt 7.25 -3.02 

usemtl Part1Mtl

f 313/313/313 314/314/314 315/315/315 
f 315/315/315 314/314/314 316/316/316 
f 317/317/317 318/318/318 319/319/319 
f 319/319/319 318/318/318 320/320/320 
f 321/321/321 322/322/322 323/323/323 
f 323/323/323 322/322/322 324/324/324 
f 325/325/325 326/326/326 327/327/327 
f 327/327/327 326/326/326 328/328/328 
f 329/329/329 330/330/330 331/331/331 
f 331/331/331 330/330/330 332/332/332 
f 333/333/333 334/334/334 335/335/335 
f 335/335/335 334/334/334 336/336/336 

g Part14

v -15.2773 12.8577 55.7725 
v -15.2773 12.8577 58.9725 
v -15.2773 12.5377 55.7725 
v -15.2773 12.5377 58.9725 
v -21.6772 12.8577 58.9725 
v -15.2773 12.8577 58.9725 
v -21.6772 12.8577 55.7725 
v -15.2773 12.8577 55.7725 
v -15.2773 12.8577 58.9725 
v -21.6772 12.8577 58.9725 
v -15.2773 12.5377 58.9725 
v -21.6772 12.5377 58.9725 
v -21.6772 12.8577 58.9725 
v -21.6772 12.8577 55.7725 
v -21.6772 12.5377 58.9725 
v -21.6772 12.5377 55.7725 
v -21.6772 12.5377 55.7725 
v -15.2773 12.5377 55.7725 
v -21.6772 12.5377 58.9725 
v -15.2773 12.5377 58.9725 
v -21.6772 12.8577 55.7725 
v -15.2773 12.8577 55.7725 
v -21.6772 12.5377 55.7725 
v -15.2773 12.5377 55.7725 

vn 1 0 0 
vn 1 0 0 
vn 1 0 0 
vn 1 0 0 
vn 0 1 0 
vn 0 1 0 
vn 0 1 0 
vn 0 1 0 
vn 0 0 1 
vn 0 0 1 
vn 0 0 1 
vn 0 0 1 
vn -1 0 0 
vn -1 0 0 
vn -1 0 0 
vn -1 0 0 
vn 0 -1 0 
vn 0 -1 0 
vn 0 -1 0 
vn 0 -1 0 
vn 0 0 -1 
vn 0 0 -1 
vn 0 0 -1 
vn 0 0 -1 

vt 4.39999 -2 
vt 4 -2 
vt 4.39999 -2.04 
vt 4 -2.04 
vt 4.79999 -2 
vt 4 -2 
vt 4.79999 -2.39999 
vt 4 -2.39999 
vt 4.79999 -2 
vt 4 -2 
vt 4.79999 -2.04 
vt 4 -2.04 
vt 4.39999 -2 
vt 4 -2 
vt 4.39999 -2.04 
vt 4 -2.04 
vt 4.79999 -2 
vt 4 -2 
vt 4.79999 -2.39999 
vt 4 -2.39999 
vt 4.79999 -2 
vt 4 -2 
vt 4.79999 -2.04 
vt 4 -2.04 

usemtl Part1Mtl

f 337/337/337 338/338/338 339/339/339 
f 339/339/339 338/338/338 340/340/340 
f 341/341/341 342/342/342 343/343/343 
f 343/343/343 342/342/342 344/344/344 
f 345/345/345 346/346/346 347/347/347 
f 347/347/347 346/346/346 348/348/348 
f 349/349/349 350/350/350 351/351/351 
f 351/351/351 350/350/350 352/352/352 
f 353/353/353 354/354/354 355/355/355 
f 355/355/355 354/354/354 356/356/356 
f 357/357/357 358/358/358 359/359/359 
f 359/359/359 358/358/358 360/360/360 

g Part15

v -21.6772 12.8577 55.7725 
v -21.6772 12.8577 58.9725 
v -21.6772 14.4577 55.7725 
v -21.6772 14.4577 58.9725 
v -15.2773 12.8577 58.9725 
v -21.6772 12.8577 58.9725 
v -15.2773 12.8577 55.7725 
v -21.6772 12.8577 55.7725 
v -21.6772 12.8577 58.9725 
v -15.2773 12.8577 58.9725 
v -21.6772 14.4577 58.9725 
v -15.2773 14.4577 58.9725 
v -15.2773 12.8577 58.9725 
v -15.2773 12.8577 55.7725 
v -15.2773 14.4577 58.9725 
v -15.2773 14.4577 55.7725 
v -15.2773 14.4577 55.7725 
v -21.6772 14.4577 55.7725 
v -15.2773 14.4577 58.9725 
v -21.6772 14.4577 58.9725 
v -15.2773 12.8577 55.7725 
v -21.6772 12.8577 55.7725 
v -15.2773 14.4577 55.7725 
v -21.6772 14.4577 55.7725 

vn -1 0 0 
vn -1 0 0 
vn -1 0 0 
vn -1 0 0 
vn 0 -1 0 
vn 0 -1 0 
vn 0 -1 0 
vn 0 -1 0 
vn 0 0 1 
vn 0 0 1 
vn 0 0 1 
vn 0 0 1 
vn 1 0 0 
vn 1 0 0 
vn 1 0 0 
vn 1 0 0 
vn 0 1 0 
vn 0 1 0 
vn 0 1 0 
vn 0 1 0 
vn 0 0 -1 
vn 0 0 -1 
vn 0 0 -1 
vn 0 0 -1 

vt 3.64999 -4.25 
vt 3.25 -4.25 
vt 3.64999 -4.45 
vt 3.25 -4.45 
vt 4.04999 -4.25 
vt 3.25 -4.25 
vt 4.04999 -4.64999 
vt 3.25 -4.64999 
vt 4.04999 -4.25 
vt 3.25 -4.25 
vt 4.04999 -4.45 
vt 3.25 -4.45 
vt 3.64999 -4.25 
vt 3.25 -4.25 
vt 3.64999 -4.45 
vt 3.25 -4.45 
vt 4.04999 -4.25 
vt 3.25 -4.25 
vt 4.04999 -4.64999 
vt 3.25 -4.64999 
vt 4.04999 -4.25 
vt 3.25 -4.25 
vt 4.04999 -4.45 
vt 3.25 -4.45 

usemtl Part1Mtl

f 361/361/361 362/362/362 363/363/363 
f 363/363/363 362/362/362 364/364/364 
f 365/365/365 366/366/366 367/367/367 
f 367/367/367 366/366/366 368/368/368 
f 369/369/369 370/370/370 371/371/371 
f 371/371/371 370/370/370 372/372/372 
f 373/373/373 374/374/374 375/375/375 
f 375/375/375 374/374/374 376/376/376 
f 377/377/377 378/378/378 379/379/379 
f 379/379/379 378/378/378 380/380/380 
f 381/381/381 382/382/382 383/383/383 
f 383/383/383 382/382/382 384/384/384 

g Part16

v -21.6776 12.8585 55.7726 
v -21.6776 12.8585 58.9725 
v -21.3576 12.8585 55.7726 
v -21.3576 12.8585 58.9725 
v -21.6776 4.85866 58.9725 
v -21.6776 12.8585 58.9725 
v -21.6776 4.85866 55.7726 
v -21.6776 12.8585 55.7726 
v -21.6776 12.8585 58.9725 
v -21.6776 4.85866 58.9725 
v -21.3576 12.8585 58.9725 
v -21.3576 4.85866 58.9725 
v -21.6776 4.85866 58.9725 
v -21.6776 4.85866 55.7726 
v -21.3576 4.85866 58.9725 
v -21.3576 4.85866 55.7726 
v -21.3576 4.85866 55.7726 
v -21.3576 12.8585 55.7726 
v -21.3576 4.85866 58.9725 
v -21.3576 12.8585 58.9725 
v -21.6776 4.85866 55.7726 
v -21.6776 12.8585 55.7726 
v -21.3576 4.85866 55.7726 
v -21.3576 12.8585 55.7726 

vn 0 1 0 
vn 0 1 0 
vn 0 1 0 
vn 0 1 0 
vn -1 0 0 
vn -1 0 0 
vn -1 0 0 
vn -1 0 0 
vn 0 0 1 
vn 0 0 1 
vn 0 0 1 
vn 0 0 1 
vn 0 -1 0 
vn 0 -1 0 
vn 0 -1 0 
vn 0 -1 0 
vn 1 0 0 
vn 1 0 0 
vn 1 0 0 
vn 1 0 0 
vn 0 0 -1 
vn 0 0 -1 
vn 0 0 -1 
vn 0 0 -1 

vt 2.64999 -0.75 
vt 2.25 -0.75 
vt 2.64999 -0.789999 
vt 2.25 -0.789999 
vt 3.24998 -0.75 
vt 2.25 -0.75 
vt 3.24998 -1.14999 
vt 2.25 -1.14999 
vt 3.24998 -0.75 
vt 2.25 -0.75 
vt 3.24998 -0.789999 
vt 2.25 -0.789999 
vt 2.64999 -0.75 
vt 2.25 -0.75 
vt 2.64999 -0.789999 
vt 2.25 -0.789999 
vt 3.24998 -0.75 
vt 2.25 -0.75 
vt 3.24998 -1.14999 
vt 2.25 -1.14999 
vt 3.24998 -0.75 
vt 2.25 -0.75 
vt 3.24998 -0.789999 
vt 2.25 -0.789999 

usemtl Part1Mtl

f 385/385/385 386/386/386 387/387/387 
f 387/387/387 386/386/386 388/388/388 
f 389/389/389 390/390/390 391/391/391 
f 391/391/391 390/390/390 392/392/392 
f 393/393/393 394/394/394 395/395/395 
f 395/395/395 394/394/394 396/396/396 
f 397/397/397 398/398/398 399/399/399 
f 399/399/399 398/398/398 400/400/400 
f 401/401/401 402/402/402 403/403/403 
f 403/403/403 402/402/402 404/404/404 
f 405/405/405 406/406/406 407/407/407 
f 407/407/407 406/406/406 408/408/408 

g Part17

v -21.6775 12.8585 58.9733 
v -15.2776 12.8585 58.9733 
v -21.6775 12.8585 58.6533 
v -15.2776 12.8585 58.6533 
v -15.2776 4.85866 58.9733 
v -15.2776 12.8585 58.9733 
v -21.6775 4.85866 58.9733 
v -21.6775 12.8585 58.9733 
v -15.2776 12.8585 58.9733 
v -15.2776 4.85866 58.9733 
v -15.2776 12.8585 58.6533 
v -15.2776 4.85866 58.6533 
v -15.2776 4.85866 58.9733 
v -21.6775 4.85866 58.9733 
v -15.2776 4.85866 58.6533 
v -21.6775 4.85866 58.6533 
v -21.6775 4.85866 58.6533 
v -21.6775 12.8585 58.6533 
v -15.2776 4.85866 58.6533 
v -15.2776 12.8585 58.6533 
v -21.6775 4.85866 58.9733 
v -21.6775 12.8585 58.9733 
v -21.6775 4.85866 58.6533 
v -21.6775 12.8585 58.6533 

vn 0 1 0 
vn 0 1 0 
vn 0 1 0 
vn 0 1 0 
vn 0 0 1 
vn 0 0 1 
vn 0 0 1 
vn 0 0 1 
vn 1 0 0 
vn 1 0 0 
vn 1 0 0 
vn 1 0 0 
vn 0 -1 0 
vn 0 -1 0 
vn 0 -1 0 
vn 0 -1 0 
vn 0 0 -1 
vn 0 0 -1 
vn 0 0 -1 
vn 0 0 -1 
vn -1 0 0 
vn -1 0 0 
vn -1 0 0 
vn -1 0 0 

vt 4.79999 -4 
vt 4 -4 
vt 4.79999 -4.04 
vt 4 -4.04 
vt 4.99998 -4 
vt 4 -4 
vt 4.99998 -4.79999 
vt 4 -4.79999 
vt 4.99998 -4 
vt 4 -4 
vt 4.99998 -4.04 
vt 4 -4.04 
vt 4.79999 -4 
vt 4 -4 
vt 4.79999 -4.04 
vt 4 -4.04 
vt 4.99998 -4 
vt 4 -4 
vt 4.99998 -4.79999 
vt 4 -4.79999 
vt 4.99998 -4 
vt 4 -4 
vt 4.99998 -4.04 
vt 4 -4.04 

usemtl Part1Mtl

f 409/409/409 410/410/410 411/411/411 
f 411/411/411 410/410/410 412/412/412 
f 413/413/413 414/414/414 415/415/415 
f 415/415/415 414/414/414 416/416/416 
f 417/417/417 418/418/418 419/419/419 
f 419/419/419 418/418/418 420/420/420 
f 421/421/421 422/422/422 423/423/423 
f 423/423/423 422/422/422 424/424/424 
f 425/425/425 426/426/426 427/427/427 
f 427/427/427 426/426/426 428/428/428 
f 429/429/429 430/430/430 431/431/431 
f 431/431/431 430/430/430 432/432/432 

g Part18

v -21.6772 3.25856 55.7875 
v -21.6772 3.25856 58.9635 
v -21.6772 4.85853 55.7875 
v -21.6772 4.85853 58.9635 
v -15.2773 3.25856 58.9635 
v -21.6772 3.25856 58.9635 
v -15.2773 3.25856 55.7875 
v -21.6772 3.25856 55.7875 
v -21.6772 3.25856 58.9635 
v -15.2773 3.25856 58.9635 
v -21.6772 4.85853 58.9635 
v -15.2773 4.85853 58.9635 
v -15.2773 3.25856 58.9635 
v -15.2773 3.25856 55.7875 
v -15.2773 4.85853 58.9635 
v -15.2773 4.85853 55.7875 
v -15.2773 4.85853 55.7875 
v -21.6772 4.85853 55.7875 
v -15.2773 4.85853 58.9635 
v -21.6772 4.85853 58.9635 
v -15.2773 3.25856 55.7875 
v -21.6772 3.25856 55.7875 
v -15.2773 4.85853 55.7875 
v -21.6772 4.85853 55.7875 

vn -1 0 0 
vn -1 0 0 
vn -1 0 0 
vn -1 0 0 
vn 0 -1 0 
vn 0 -1 0 
vn 0 -1 0 
vn 0 -1 0 
vn 0 0 1 
vn 0 0 1 
vn 0 0 1 
vn 0 0 1 
vn 1 0 0 
vn 1 0 0 
vn 1 0 0 
vn 1 0 0 
vn 0 1 0 
vn 0 1 0 
vn 0 1 0 
vn 0 1 0 
vn 0 0 -1 
vn 0 0 -1 
vn 0 0 -1 
vn 0 0 -1 

vt 2.39699 0.75 
vt 2 0.75 
vt 2.39699 0.550003 
vt 2 0.550003 
vt 2.79999 0.75 
vt 2 0.75 
vt 2.79999 0.353006 
vt 2 0.353006 
vt 2.79999 0.75 
vt 2 0.75 
vt 2.79999 0.550003 
vt 2 0.550003 
vt 2.39699 0.75 
vt 2 0.75 
vt 2.39699 0.550003 
vt 2 0.550003 
vt 2.79999 0.75 
vt 2 0.75 
vt 2.79999 0.353006 
vt 2 0.353006 
vt 2.79999 0.75 
vt 2 0.75 
vt 2.79999 0.550003 
vt 2 0.550003 

usemtl Part1Mtl

f 433/433/433 434/434/434 435/435/435 
f 435/435/435 434/434/434 436/436/436 
f 437/437/437 438/438/438 439/439/439 
f 439/439/439 438/438/438 440/440/440 
f 441/441/441 442/442/442 443/443/443 
f 443/443/443 442/442/442 444/444/444 
f 445/445/445 446/446/446 447/447/447 
f 447/447/447 446/446/446 448/448/448 
f 449/449/449 450/450/450 451/451/451 
f 451/451/451 450/450/450 452/452/452 
f 453/453/453 454/454/454 455/455/455 
f 455/455/455 454/454/454 456/456/456 

g Part19

v -18.6774 3.45856 55.7069 
v -18.6774 4.65854 55.7069 
v -18.6774 3.45856 55.8669 
v -18.6774 4.65854 55.8669 
v -21.4773 4.65854 55.7069 
v -18.6774 4.65854 55.7069 
v -21.4773 3.45856 55.7069 
v -18.6774 3.45856 55.7069 
v -18.6774 4.65854 55.7069 
v -21.4773 4.65854 55.7069 
v -18.6774 4.65854 55.8669 
v -21.4773 4.65854 55.8669 
v -21.4773 4.65854 55.7069 
v -21.4773 3.45856 55.7069 
v -21.4773 4.65854 55.8669 
v -21.4773 3.45856 55.8669 
v -21.4773 3.45856 55.8669 
v -18.6774 3.45856 55.8669 
v -21.4773 4.65854 55.8669 
v -18.6774 4.65854 55.8669 
v -21.4773 3.45856 55.7069 
v -18.6774 3.45856 55.7069 
v -21.4773 3.45856 55.8669 
v -18.6774 3.45856 55.8669 

vn 1 0 0 
vn 1 0 0 
vn 1 0 0 
vn 1 0 0 
vn 0 0 -1 
vn 0 0 -1 
vn 0 0 -1 
vn 0 0 -1 
vn 0 1 0 
vn 0 1 0 
vn 0 1 0 
vn 0 1 0 
vn -1 0 0 
vn -1 0 0 
vn -1 0 0 
vn -1 0 0 
vn 0 0 1 
vn 0 0 1 
vn 0 0 1 
vn 0 0 1 
vn 0 -1 0 
vn 0 -1 0 
vn 0 -1 0 
vn 0 -1 0 

vt 2.9 -1.25 
vt 2.75 -1.25 
vt 2.9 -1.27 
vt 2.75 -1.27 
vt 3.09999 -1.25 
vt 2.75 -1.25 
vt 3.09999 -1.4 
vt 2.75 -1.4 
vt 3.09999 -1.25 
vt 2.75 -1.25 
vt 3.09999 -1.27 
vt 2.75 -1.27 
vt 2.9 -1.25 
vt 2.75 -1.25 
vt 2.9 -1.27 
vt 2.75 -1.27 
vt 3.09999 -1.25 
vt 2.75 -1.25 
vt 3.09999 -1.4 
vt 2.75 -1.4 
vt 3.09999 -1.25 
vt 2.75 -1.25 
vt 3.09999 -1.27 
vt 2.75 -1.27 

usemtl Part1Mtl

f 457/457/457 458/458/458 459/459/459 
f 459/459/459 458/458/458 460/460/460 
f 461/461/461 462/462/462 463/463/463 
f 463/463/463 462/462/462 464/464/464 
f 465/465/465 466/466/466 467/467/467 
f 467/467/467 466/466/466 468/468/468 
f 469/469/469 470/470/470 471/471/471 
f 471/471/471 470/470/470 472/472/472 
f 473/473/473 474/474/474 475/475/475 
f 475/475/475 474/474/474 476/476/476 
f 477/477/477 478/478/478 479/479/479 
f 479/479/479 478/478/478 480/480/480 

g Part20

v -19.6772 3.85855 55.6293 
v -19.6772 4.25854 55.6293 
v -19.6772 3.85855 55.7893 
v -19.6772 4.25854 55.7893 
v -20.4772 4.25854 55.6293 
v -19.6772 4.25854 55.6293 
v -20.4772 3.85855 55.6293 
v -19.6772 3.85855 55.6293 
v -19.6772 4.25854 55.6293 
v -20.4772 4.25854 55.6293 
v -19.6772 4.25854 55.7893 
v -20.4772 4.25854 55.7893 
v -20.4772 4.25854 55.6293 
v -20.4772 3.85855 55.6293 
v -20.4772 4.25854 55.7893 
v -20.4772 3.85855 55.7893 
v -20.4772 3.85855 55.7893 
v -19.6772 3.85855 55.7893 
v -20.4772 4.25854 55.7893 
v -19.6772 4.25854 55.7893 
v -20.4772 3.85855 55.6293 
v -19.6772 3.85855 55.6293 
v -20.4772 3.85855 55.7893 
v -19.6772 3.85855 55.7893 

vn 1 0 0 
vn 1 0 0 
vn 1 0 0 
vn 1 0 0 
vn 0 0 -1 
vn 0 0 -1 
vn 0 0 -1 
vn 0 0 -1 
vn 0 1 0 
vn 0 1 0 
vn 0 1 0 
vn 0 1 0 
vn -1 0 0 
vn -1 0 0 
vn -1 0 0 
vn -1 0 0 
vn 0 0 1 
vn 0 0 1 
vn 0 0 1 
vn 0 0 1 
vn 0 -1 0 
vn 0 -1 0 
vn 0 -1 0 
vn 0 -1 0 

vt 0.0499992 1 
vt 0 1 
vt 0.0499992 0.98 
vt 0 0.98 
vt 0.0999984 1 
vt 0 1 
vt 0.0999984 0.950001 
vt 0 0.950001 
vt 0.0999984 1 
vt 0 1 
vt 0.0999984 0.98 
vt 0 0.98 
vt 0.0499992 1 
vt 0 1 
vt 0.0499992 0.98 
vt 0 0.98 
vt 0.0999984 1 
vt 0 1 
vt 0.0999984 0.950001 
vt 0 0.950001 
vt 0.0999984 1 
vt 0 1 
vt 0.0999984 0.98 
vt 0 0.98 

usemtl Part1Mtl

f 481/481/481 482/482/482 483/483/483 
f 483/483/483 482/482/482 484/484/484 
f 485/485/485 486/486/486 487/487/487 
f 487/487/487 486/486/486 488/488/488 
f 489/489/489 490/490/490 491/491/491 
f 491/491/491 490/490/490 492/492/492 
f 493/493/493 494/494/494 495/495/495 
f 495/495/495 494/494/494 496/496/496 
f 497/497/497 498/498/498 499/499/499 
f 499/499/499 498/498/498 500/500/500 
f 501/501/501 502/502/502 503/503/503 
f 503/503/503 502/502/502 504/504/504 

g Part21

v -16.4774 3.85855 55.6293 
v -16.4774 4.25854 55.6293 
v -16.4774 3.85855 55.7893 
v -16.4774 4.25854 55.7893 
v -17.2774 4.25854 55.6293 
v -16.4774 4.25854 55.6293 
v -17.2774 3.85855 55.6293 
v -16.4774 3.85855 55.6293 
v -16.4774 4.25854 55.6293 
v -17.2774 4.25854 55.6293 
v -16.4774 4.25854 55.7893 
v -17.2774 4.25854 55.7893 
v -17.2774 4.25854 55.6293 
v -17.2774 3.85855 55.6293 
v -17.2774 4.25854 55.7893 
v -17.2774 3.85855 55.7893 
v -17.2774 3.85855 55.7893 
v -16.4774 3.85855 55.7893 
v -17.2774 4.25854 55.7893 
v -16.4774 4.25854 55.7893 
v -17.2774 3.85855 55.6293 
v -16.4774 3.85855 55.6293 
v -17.2774 3.85855 55.7893 
v -16.4774 3.85855 55.7893 

vn 1 0 0 
vn 1 0 0 
vn 1 0 0 
vn 1 0 0 
vn 0 0 -1 
vn 0 0 -1 
vn 0 0 -1 
vn 0 0 -1 
vn 0 1 0 
vn 0 1 0 
vn 0 1 0 
vn 0 1 0 
vn -1 0 0 
vn -1 0 0 
vn -1 0 0 
vn -1 0 0 
vn 0 0 1 
vn 0 0 1 
vn 0 0 1 
vn 0 0 1 
vn 0 -1 0 
vn 0 -1 0 
vn 0 -1 0 
vn 0 -1 0 

vt 2.05 0 
vt 2 0 
vt 2.05 -0.0199996 
vt 2 -0.0199996 
vt 2.1 0 
vt 2 0 
vt 2.1 -0.0499992 
vt 2 -0.0499992 
vt 2.1 0 
vt 2 0 
vt 2.1 -0.0199996 
vt 2 -0.0199996 
vt 2.05 0 
vt 2 0 
vt 2.05 -0.0199996 
vt 2 -0.0199996 
vt 2.1 0 
vt 2 0 
vt 2.1 -0.0499992 
vt 2 -0.0499992 
vt 2.1 0 
vt 2 0 
vt 2.1 -0.0199996 
vt 2 -0.0199996 

usemtl Part1Mtl

f 505/505/505 506/506/506 507/507/507 
f 507/507/507 506/506/506 508/508/508 
f 509/509/509 510/510/510 511/511/511 
f 511/511/511 510/510/510 512/512/512 
f 513/513/513 514/514/514 515/515/515 
f 515/515/515 514/514/514 516/516/516 
f 517/517/517 518/518/518 519/519/519 
f 519/519/519 518/518/518 520/520/520 
f 521/521/521 522/522/522 523/523/523 
f 523/523/523 522/522/522 524/524/524 
f 525/525/525 526/526/526 527/527/527 
f 527/527/527 526/526/526 528/528/528 

g Part22

v -15.4772 3.45856 55.7064 
v -15.4772 4.65854 55.7064 
v -15.4772 3.45856 55.8664 
v -15.4772 4.65854 55.8664 
v -18.2772 4.65854 55.7064 
v -15.4772 4.65854 55.7064 
v -18.2772 3.45856 55.7064 
v -15.4772 3.45856 55.7064 
v -15.4772 4.65854 55.7064 
v -18.2772 4.65854 55.7064 
v -15.4772 4.65854 55.8664 
v -18.2772 4.65854 55.8664 
v -18.2772 4.65854 55.7064 
v -18.2772 3.45856 55.7064 
v -18.2772 4.65854 55.8664 
v -18.2772 3.45856 55.8664 
v -18.2772 3.45856 55.8664 
v -15.4772 3.45856 55.8664 
v -18.2772 4.65854 55.8664 
v -15.4772 4.65854 55.8664 
v -18.2772 3.45856 55.7064 
v -15.4772 3.45856 55.7064 
v -18.2772 3.45856 55.8664 
v -15.4772 3.45856 55.8664 

vn 1 0 0 
vn 1 0 0 
vn 1 0 0 
vn 1 0 0 
vn 0 0 -1 
vn 0 0 -1 
vn 0 0 -1 
vn 0 0 -1 
vn 0 1 0 
vn 0 1 0 
vn 0 1 0 
vn 0 1 0 
vn -1 0 0 
vn -1 0 0 
vn -1 0 0 
vn -1 0 0 
vn 0 0 1 
vn 0 0 1 
vn 0 0 1 
vn 0 0 1 
vn 0 -1 0 
vn 0 -1 0 
vn 0 -1 0 
vn 0 -1 0 

vt 5.9 -2.25 
vt 5.75 -2.25 
vt 5.9 -2.27 
vt 5.75 -2.27 
vt 6.09999 -2.25 
vt 5.75 -2.25 
vt 6.09999 -2.4 
vt 5.75 -2.4 
vt 6.09999 -2.25 
vt 5.75 -2.25 
vt 6.09999 -2.27 
vt 5.75 -2.27 
vt 5.9 -2.25 
vt 5.75 -2.25 
vt 5.9 -2.27 
vt 5.75 -2.27 
vt 6.09999 -2.25 
vt 5.75 -2.25 
vt 6.09999 -2.4 
vt 5.75 -2.4 
vt 6.09999 -2.25 
vt 5.75 -2.25 
vt 6.09999 -2.27 
vt 5.75 -2.27 

usemtl Part1Mtl

f 529/529/529 530/530/530 531/531/531 
f 531/531/531 530/530/530 532/532/532 
f 533/533/533 534/534/534 535/535/535 
f 535/535/535 534/534/534 536/536/536 
f 537/537/537 538/538/538 539/539/539 
f 539/539/539 538/538/538 540/540/540 
f 541/541/541 542/542/542 543/543/543 
f 543/543/543 542/542/542 544/544/544 
f 545/545/545 546/546/546 547/547/547 
f 547/547/547 546/546/546 548/548/548 
f 549/549/549 550/550/550 551/551/551 
f 551/551/551 550/550/550 552/552/552 

g Part23

v 24.624 1.65882 5.19999 
v 27.808 1.65882 5.19999 
v 24.624 2.45881 5.19999 
v 27.808 2.45881 5.19999 
v 27.808 1.65882 -1.1999 
v 27.808 1.65882 5.19999 
v 24.624 1.65882 -1.1999 
v 24.624 1.65882 5.19999 
v 27.808 1.65882 5.19999 
v 27.808 1.65882 -1.1999 
v 27.808 2.45881 5.19999 
v 27.808 2.45881 -1.1999 
v 27.808 1.65882 -1.1999 
v 24.624 1.65882 -1.1999 
v 27.808 2.45881 -1.1999 
v 24.624 2.45881 -1.1999 
v 24.624 2.45881 -1.1999 
v 24.624 2.45881 5.19999 
v 27.808 2.45881 -1.1999 
v 27.808 2.45881 5.19999 
v 24.624 1.65882 -1.1999 
v 24.624 1.65882 5.19999 
v 24.624 2.45881 -1.1999 
v 24.624 2.45881 5.19999 

vn 0 0 1 
vn 0 0 1 
vn 0 0 1 
vn 0 0 1 
vn 0 -1 0 
vn 0 -1 0 
vn 0 -1 0 
vn 0 -1 0 
vn 1 0 0 
vn 1 0 0 
vn 1 0 0 
vn 1 0 0 
vn 0 0 -1 
vn 0 0 -1 
vn 0 0 -1 
vn 0 0 -1 
vn 0 1 0 
vn 0 1 0 
vn 0 1 0 
vn 0 1 0 
vn -1 0 0 
vn -1 0 0 
vn -1 0 0 
vn -1 0 0 

vt 3.39799 -3.25 
vt 3 -3.25 
vt 3.39799 -3.35 
vt 3 -3.35 
vt 3.79999 -3.25 
vt 3 -3.25 
vt 3.79999 -3.64799 
vt 3 -3.64799 
vt 3.79999 -3.25 
vt 3 -3.25 
vt 3.79999 -3.35 
vt 3 -3.35 
vt 3.39799 -3.25 
vt 3 -3.25 
vt 3.39799 -3.35 
vt 3 -3.35 
vt 3.79999 -3.25 
vt 3 -3.25 
vt 3.79999 -3.64799 
vt 3 -3.64799 
vt 3.79999 -3.25 
vt 3 -3.25 
vt 3.79999 -3.35 
vt 3 -3.35 

usemtl Part1Mtl

f 553/553/553 554/554/554 555/555/555 
f 555/555/555 554/554/554 556/556/556 
f 557/557/557 558/558/558 559/559/559 
f 559/559/559 558/558/558 560/560/560 
f 561/561/561 562/562/562 563/563/563 
f 563/563/563 562/562/562 564/564/564 
f 565/565/565 566/566/566 567/567/567 
f 567/567/567 566/566/566 568/568/568 
f 569/569/569 570/570/570 571/571/571 
f 571/571/571 570/570/570 572/572/572 
f 573/573/573 574/574/574 575/575/575 
f 575/575/575 574/574/574 576/576/576 

g Part24

v 24.5282 12.4987 0.719968 
v 24.5282 13.2187 0.719968 
v 24.6882 12.4987 0.719968 
v 24.6882 13.2187 0.719968 
v 24.5282 13.2187 3.27993 
v 24.5282 13.2187 0.719968 
v 24.5282 12.4987 3.27993 
v 24.5282 12.4987 0.719968 
v 24.5282 13.2187 0.719968 
v 24.5282 13.2187 3.27993 
v 24.6882 13.2187 0.719968 
v 24.6882 13.2187 3.27993 
v 24.5282 13.2187 3.27993 
v 24.5282 12.4987 3.27993 
v 24.6882 13.2187 3.27993 
v 24.6882 12.4987 3.27993 
v 24.6882 12.4987 3.27993 
v 24.6882 12.4987 0.719968 
v 24.6882 13.2187 3.27993 
v 24.6882 13.2187 0.719968 
v 24.5282 12.4987 3.27993 
v 24.5282 12.4987 0.719968 
v 24.6882 12.4987 3.27993 
v 24.6882 12.4987 0.719968 

vn 0 0 -1 
vn 0 0 -1 
vn 0 0 -1 
vn 0 0 -1 
vn -1 0 0 
vn -1 0 0 
vn -1 0 0 
vn -1 0 0 
vn 0 1 0 
vn 0 1 0 
vn 0 1 0 
vn 0 1 0 
vn 0 0 1 
vn 0 0 1 
vn 0 0 1 
vn 0 0 1 
vn 1 0 0 
vn 1 0 0 
vn 1 0 0 
vn 1 0 0 
vn 0 -1 0 
vn 0 -1 0 
vn 0 -1 0 
vn 0 -1 0 

vt 3.84 -3 
vt 3.75 -3 
vt 3.84 -3.02 
vt 3.75 -3.02 
vt 4.06999 -3 
vt 3.75 -3 
vt 4.06999 -3.09 
vt 3.75 -3.09 
vt 4.06999 -3 
vt 3.75 -3 
vt 4.06999 -3.02 
vt 3.75 -3.02 
vt 3.84 -3 
vt 3.75 -3 
vt 3.84 -3.02 
vt 3.75 -3.02 
vt 4.06999 -3 
vt 3.75 -3 
vt 4.06999 -3.09 
vt 3.75 -3.09 
vt 4.06999 -3 
vt 3.75 -3 
vt 4.06999 -3.02 
vt 3.75 -3.02 

usemtl Part1Mtl

f 577/577/577 578/578/578 579/579/579 
f 579/579/579 578/578/578 580/580/580 
f 581/581/581 582/582/582 583/583/583 
f 583/583/583 582/582/582 584/584/584 
f 585/585/585 586/586/586 587/587/587 
f 587/587/587 586/586/586 588/588/588 
f 589/589/589 590/590/590 591/591/591 
f 591/591/591 590/590/590 592/592/592 
f 593/593/593 594/594/594 595/595/595 
f 595/595/595 594/594/594 596/596/596 
f 597/597/597 598/598/598 599/599/599 
f 599/599/599 598/598/598 600/600/600 

g Part25

v 24.6082 12.0578 -1.2 
v 27.8082 12.0578 -1.2 
v 24.6082 11.7378 -1.2 
v 27.8082 11.7378 -1.2 
v 27.8082 12.0578 5.19989 
v 27.8082 12.0578 -1.2 
v 24.6082 12.0578 5.19989 
v 24.6082 12.0578 -1.2 
v 27.8082 12.0578 -1.2 
v 27.8082 12.0578 5.19989 
v 27.8082 11.7378 -1.2 
v 27.8082 11.7378 5.19989 
v 27.8082 12.0578 5.19989 
v 24.6082 12.0578 5.19989 
v 27.8082 11.7378 5.19989 
v 24.6082 11.7378 5.19989 
v 24.6082 11.7378 5.19989 
v 24.6082 11.7378 -1.2 
v 27.8082 11.7378 5.19989 
v 27.8082 11.7378 -1.2 
v 24.6082 12.0578 5.19989 
v 24.6082 12.0578 -1.2 
v 24.6082 11.7378 5.19989 
v 24.6082 11.7378 -1.2 

vn 0 0 -1 
vn 0 0 -1 
vn 0 0 -1 
vn 0 0 -1 
vn 0 1 0 
vn 0 1 0 
vn 0 1 0 
vn 0 1 0 
vn 1 0 0 
vn 1 0 0 
vn 1 0 0 
vn 1 0 0 
vn 0 0 1 
vn 0 0 1 
vn 0 0 1 
vn 0 0 1 
vn 0 -1 0 
vn 0 -1 0 
vn 0 -1 0 
vn 0 -1 0 
vn -1 0 0 
vn -1 0 0 
vn -1 0 0 
vn -1 0 0 

vt 6.39999 0.5 
vt 6 0.5 
vt 6.39999 0.460001 
vt 6 0.460001 
vt 6.79999 0.5 
vt 6 0.5 
vt 6.79999 0.100007 
vt 6 0.100007 
vt 6.79999 0.5 
vt 6 0.5 
vt 6.79999 0.460001 
vt 6 0.460001 
vt 6.39999 0.5 
vt 6 0.5 
vt 6.39999 0.460001 
vt 6 0.460001 
vt 6.79999 0.5 
vt 6 0.5 
vt 6.79999 0.100007 
vt 6 0.100007 
vt 6.79999 0.5 
vt 6 0.5 
vt 6.79999 0.460001 
vt 6 0.460001 

usemtl Part1Mtl

f 601/601/601 602/602/602 603/603/603 
f 603/603/603 602/602/602 604/604/604 
f 605/605/605 606/606/606 607/607/607 
f 607/607/607 606/606/606 608/608/608 
f 609/609/609 610/610/610 611/611/611 
f 611/611/611 610/610/610 612/612/612 
f 613/613/613 614/614/614 615/615/615 
f 615/615/615 614/614/614 616/616/616 
f 617/617/617 618/618/618 619/619/619 
f 619/619/619 618/618/618 620/620/620 
f 621/621/621 622/622/622 623/623/623 
f 623/623/623 622/622/622 624/624/624 

g Part26

v 24.6082 12.0579 5.19989 
v 27.8082 12.0579 5.19989 
v 24.6082 13.6578 5.19989 
v 27.8082 13.6578 5.19989 
v 27.8082 12.0579 -1.2 
v 27.8082 12.0579 5.19989 
v 24.6082 12.0579 -1.2 
v 24.6082 12.0579 5.19989 
v 27.8082 12.0579 5.19989 
v 27.8082 12.0579 -1.2 
v 27.8082 13.6578 5.19989 
v 27.8082 13.6578 -1.2 
v 27.8082 12.0579 -1.2 
v 24.6082 12.0579 -1.2 
v 27.8082 13.6578 -1.2 
v 24.6082 13.6578 -1.2 
v 24.6082 13.6578 -1.2 
v 24.6082 13.6578 5.19989 
v 27.8082 13.6578 -1.2 
v 27.8082 13.6578 5.19989 
v 24.6082 12.0579 -1.2 
v 24.6082 12.0579 5.19989 
v 24.6082 13.6578 -1.2 
v 24.6082 13.6578 5.19989 

vn 0 0 1 
vn 0 0 1 
vn 0 0 1 
vn 0 0 1 
vn 0 -1 0 
vn 0 -1 0 
vn 0 -1 0 
vn 0 -1 0 
vn 1 0 0 
vn 1 0 0 
vn 1 0 0 
vn 1 0 0 
vn 0 0 -1 
vn 0 0 -1 
vn 0 0 -1 
vn 0 0 -1 
vn 0 1 0 
vn 0 1 0 
vn 0 1 0 
vn 0 1 0 
vn -1 0 0 
vn -1 0 0 
vn -1 0 0 
vn -1 0 0 

vt 5.64999 -4.25 
vt 5.25 -4.25 
vt 5.64999 -4.45 
vt 5.25 -4.45 
vt 6.04999 -4.25 
vt 5.25 -4.25 
vt 6.04999 -4.64999 
vt 5.25 -4.64999 
vt 6.04999 -4.25 
vt 5.25 -4.25 
vt 6.04999 -4.45 
vt 5.25 -4.45 
vt 5.64999 -4.25 
vt 5.25 -4.25 
vt 5.64999 -4.45 
vt 5.25 -4.45 
vt 6.04999 -4.25 
vt 5.25 -4.25 
vt 6.04999 -4.64999 
vt 5.25 -4.64999 
vt 6.04999 -4.25 
vt 5.25 -4.25 
vt 6.04999 -4.45 
vt 5.25 -4.45 

usemtl Part1Mtl

f 625/625/625 626/626/626 627/627/627 
f 627/627/627 626/626/626 628/628/628 
f 629/629/629 630/630/630 631/631/631 
f 631/631/631 630/630/630 632/632/632 
f 633/633/633 634/634/634 635/635/635 
f 635/635/635 634/634/634 636/636/636 
f 637/637/637 638/638/638 639/639/639 
f 639/639/639 638/638/638 640/640/640 
f 641/641/641 642/642/642 643/643/643 
f 643/643/643 642/642/642 644/644/644 
f 645/645/645 646/646/646 647/647/647 
f 647/647/647 646/646/646 648/648/648 

g Part27

v 24.6084 12.0586 -0.88101 
v 27.8083 12.0586 -0.88101 
v 24.6084 12.0586 -1.201 
v 27.8083 12.0586 -1.201 
v 27.8083 4.05877 -0.88101 
v 27.8083 12.0586 -0.88101 
v 24.6084 4.05877 -0.88101 
v 24.6084 12.0586 -0.88101 
v 27.8083 12.0586 -0.88101 
v 27.8083 4.05877 -0.88101 
v 27.8083 12.0586 -1.201 
v 27.8083 4.05877 -1.201 
v 27.8083 4.05877 -0.88101 
v 24.6084 4.05877 -0.88101 
v 27.8083 4.05877 -1.201 
v 24.6084 4.05877 -1.201 
v 24.6084 4.05877 -1.201 
v 24.6084 12.0586 -1.201 
v 27.8083 4.05877 -1.201 
v 27.8083 12.0586 -1.201 
v 24.6084 4.05877 -0.88101 
v 24.6084 12.0586 -0.88101 
v 24.6084 4.05877 -1.201 
v 24.6084 12.0586 -1.201 

vn 0 1 0 
vn 0 1 0 
vn 0 1 0 
vn 0 1 0 
vn 0 0 1 
vn 0 0 1 
vn 0 0 1 
vn 0 0 1 
vn 1 0 0 
vn 1 0 0 
vn 1 0 0 
vn 1 0 0 
vn 0 -1 0 
vn 0 -1 0 
vn 0 -1 0 
vn 0 -1 0 
vn 0 0 -1 
vn 0 0 -1 
vn 0 0 -1 
vn 0 0 -1 
vn -1 0 0 
vn -1 0 0 
vn -1 0 0 
vn -1 0 0 

vt 0.899993 -2.5 
vt 0.5 -2.5 
vt 0.899993 -2.54 
vt 0.5 -2.54 
vt 1.49998 -2.5 
vt 0.5 -2.5 
vt 1.49998 -2.89999 
vt 0.5 -2.89999 
vt 1.49998 -2.5 
vt 0.5 -2.5 
vt 1.49998 -2.54 
vt 0.5 -2.54 
vt 0.899993 -2.5 
vt 0.5 -2.5 
vt 0.899993 -2.54 
vt 0.5 -2.54 
vt 1.49998 -2.5 
vt 0.5 -2.5 
vt 1.49998 -2.89999 
vt 0.5 -2.89999 
vt 1.49998 -2.5 
vt 0.5 -2.5 
vt 1.49998 -2.54 
vt 0.5 -2.54 

usemtl Part1Mtl

f 649/649/649 650/650/650 651/651/651 
f 651/651/651 650/650/650 652/652/652 
f 653/653/653 654/654/654 655/655/655 
f 655/655/655 654/654/654 656/656/656 
f 657/657/657 658/658/658 659/659/659 
f 659/659/659 658/658/658 660/660/660 
f 661/661/661 662/662/662 663/663/663 
f 663/663/663 662/662/662 664/664/664 
f 665/665/665 666/666/666 667/667/667 
f 667/667/667 666/666/666 668/668/668 
f 669/669/669 670/670/670 671/671/671 
f 671/671/671 670/670/670 672/672/672 

g Part28

v 27.8092 12.0586 5.20004 
v 27.8092 12.0586 -1.19985 
v 27.4892 12.0586 5.20004 
v 27.4892 12.0586 -1.19985 
v 27.8092 4.05877 -1.19985 
v 27.8092 12.0586 -1.19985 
v 27.8092 4.05877 5.20004 
v 27.8092 12.0586 5.20004 
v 27.8092 12.0586 -1.19985 
v 27.8092 4.05877 -1.19985 
v 27.4892 12.0586 -1.19985 
v 27.4892 4.05877 -1.19985 
v 27.8092 4.05877 -1.19985 
v 27.8092 4.05877 5.20004 
v 27.4892 4.05877 -1.19985 
v 27.4892 4.05877 5.20004 
v 27.4892 4.05877 5.20004 
v 27.4892 12.0586 5.20004 
v 27.4892 4.05877 -1.19985 
v 27.4892 12.0586 -1.19985 
v 27.8092 4.05877 5.20004 
v 27.8092 12.0586 5.20004 
v 27.4892 4.05877 5.20004 
v 27.4892 12.0586 5.20004 

vn 0 1 0 
vn 0 1 0 
vn 0 1 0 
vn 0 1 0 
vn 1 0 0 
vn 1 0 0 
vn 1 0 0 
vn 1 0 0 
vn 0 0 -1 
vn 0 0 -1 
vn 0 0 -1 
vn 0 0 -1 
vn 0 -1 0 
vn 0 -1 0 
vn 0 -1 0 
vn 0 -1 0 
vn -1 0 0 
vn -1 0 0 
vn -1 0 0 
vn -1 0 0 
vn 0 0 1 
vn 0 0 1 
vn 0 0 1 
vn 0 0 1 

vt 5.29999 -1.25 
vt 4.5 -1.25 
vt 5.29999 -1.29 
vt 4.5 -1.29 
vt 5.49998 -1.25 
vt 4.5 -1.25 
vt 5.49998 -2.04999 
vt 4.5 -2.04999 
vt 5.49998 -1.25 
vt 4.5 -1.25 
vt 5.49998 -1.29 
vt 4.5 -1.29 
vt 5.29999 -1.25 
vt 4.5 -1.25 
vt 5.29999 -1.29 
vt 4.5 -1.29 
vt 5.49998 -1.25 
vt 4.5 -1.25 
vt 5.49998 -2.04999 
vt 4.5 -2.04999 
vt 5.49998 -1.25 
vt 4.5 -1.25 
vt 5.49998 -1.29 
vt 4.5 -1.29 

usemtl Part1Mtl

f 673/673/673 674/674/674 675/675/675 
f 675/675/675 674/674/674 676/676/676 
f 677/677/677 678/678/678 679/679/679 
f 679/679/679 678/678/678 680/680/680 
f 681/681/681 682/682/682 683/683/683 
f 683/683/683 682/682/682 684/684/684 
f 685/685/685 686/686/686 687/687/687 
f 687/687/687 686/686/686 688/688/688 
f 689/689/689 690/690/690 691/691/691 
f 691/691/691 690/690/690 692/692/692 
f 693/693/693 694/694/694 695/695/695 
f 695/695/695 694/694/694 696/696/696 

g Part29

v 24.6233 2.45867 5.19985 
v 27.7993 2.45867 5.19985 
v 24.6233 4.05865 5.19985 
v 27.7993 4.05865 5.19985 
v 27.7993 2.45867 -1.20005 
v 27.7993 2.45867 5.19985 
v 24.6233 2.45867 -1.20005 
v 24.6233 2.45867 5.19985 
v 27.7993 2.45867 5.19985 
v 27.7993 2.45867 -1.20005 
v 27.7993 4.05865 5.19985 
v 27.7993 4.05865 -1.20005 
v 27.7993 2.45867 -1.20005 
v 24.6233 2.45867 -1.20005 
v 27.7993 4.05865 -1.20005 
v 24.6233 4.05865 -1.20005 
v 24.6233 4.05865 -1.20005 
v 24.6233 4.05865 5.19985 
v 27.7993 4.05865 -1.20005 
v 27.7993 4.05865 5.19985 
v 24.6233 2.45867 -1.20005 
v 24.6233 2.45867 5.19985 
v 24.6233 4.05865 -1.20005 
v 24.6233 4.05865 5.19985 

vn 0 0 1 
vn 0 0 1 
vn 0 0 1 
vn 0 0 1 
vn 0 -1 0 
vn 0 -1 0 
vn 0 -1 0 
vn 0 -1 0 
vn 1 0 0 
vn 1 0 0 
vn 1 0 0 
vn 1 0 0 
vn 0 0 -1 
vn 0 0 -1 
vn 0 0 -1 
vn 0 0 -1 
vn 0 1 0 
vn 0 1 0 
vn 0 1 0 
vn 0 1 0 
vn -1 0 0 
vn -1 0 0 
vn -1 0 0 
vn -1 0 0 

vt 6.39699 0 
vt 6 0 
vt 6.39699 -0.199997 
vt 6 -0.199997 
vt 6.79999 0 
vt 6 0 
vt 6.79999 -0.396994 
vt 6 -0.396994 
vt 6.79999 0 
vt 6 0 
vt 6.79999 -0.199997 
vt 6 -0.199997 
vt 6.39699 0 
vt 6 0 
vt 6.39699 -0.199997 
vt 6 -0.199997 
vt 6.79999 0 
vt 6 0 
vt 6.79999 -0.396994 
vt 6 -0.396994 
vt 6.79999 0 
vt 6 0 
vt 6.79999 -0.199997 
vt 6 -0.199997 

usemtl Part1Mtl

f 697/697/697 698/698/698 699/699/699 
f 699/699/699 698/698/698 700/700/700 
f 701/701/701 702/702/702 703/703/703 
f 703/703/703 702/702/702 704/704/704 
f 705/705/705 706/706/706 707/707/707 
f 707/707/707 706/706/706 708/708/708 
f 709/709/709 710/710/710 711/711/711 
f 711/711/711 710/710/710 712/712/712 
f 713/713/713 714/714/714 715/715/715 
f 715/715/715 714/714/714 716/716/716 
f 717/717/717 718/718/718 719/719/719 
f 719/719/719 718/718/718 720/720/720 

g Part30

v 24.5428 2.65867 2.19999 
v 24.5428 3.85865 2.19999 
v 24.7028 2.65867 2.19999 
v 24.7028 3.85865 2.19999 
v 24.5428 3.85865 4.99994 
v 24.5428 3.85865 2.19999 
v 24.5428 2.65867 4.99994 
v 24.5428 2.65867 2.19999 
v 24.5428 3.85865 2.19999 
v 24.5428 3.85865 4.99994 
v 24.7028 3.85865 2.19999 
v 24.7028 3.85865 4.99994 
v 24.5428 3.85865 4.99994 
v 24.5428 2.65867 4.99994 
v 24.7028 3.85865 4.99994 
v 24.7028 2.65867 4.99994 
v 24.7028 2.65867 4.99994 
v 24.7028 2.65867 2.19999 
v 24.7028 3.85865 4.99994 
v 24.7028 3.85865 2.19999 
v 24.5428 2.65867 4.99994 
v 24.5428 2.65867 2.19999 
v 24.7028 2.65867 4.99994 
v 24.7028 2.65867 2.19999 

vn 0 0 -1 
vn 0 0 -1 
vn 0 0 -1 
vn 0 0 -1 
vn -1 0 0 
vn -1 0 0 
vn -1 0 0 
vn -1 0 0 
vn 0 1 0 
vn 0 1 0 
vn 0 1 0 
vn 0 1 0 
vn 0 0 1 
vn 0 0 1 
vn 0 0 1 
vn 0 0 1 
vn 1 0 0 
vn 1 0 0 
vn 1 0 0 
vn 1 0 0 
vn 0 -1 0 
vn 0 -1 0 
vn 0 -1 0 
vn 0 -1 0 

vt 6.9 -3 
vt 6.75 -3 
vt 6.9 -3.02 
vt 6.75 -3.02 
vt 7.09999 -3 
vt 6.75 -3 
vt 7.09999 -3.15 
vt 6.75 -3.15 
vt 7.09999 -3 
vt 6.75 -3 
vt 7.09999 -3.02 
vt 6.75 -3.02 
vt 6.9 -3 
vt 6.75 -3 
vt 6.9 -3.02 
vt 6.75 -3.02 
vt 7.09999 -3 
vt 6.75 -3 
vt 7.09999 -3.15 
vt 6.75 -3.15 
vt 7.09999 -3 
vt 6.75 -3 
vt 7.09999 -3.02 
vt 6.75 -3.02 

usemtl Part1Mtl

f 721/721/721 722/722/722 723/723/723 
f 723/723/723 722/722/722 724/724/724 
f 725/725/725 726/726/726 727/727/727 
f 727/727/727 726/726/726 728/728/728 
f 729/729/729 730/730/730 731/731/731 
f 731/731/731 730/730/730 732/732/732 
f 733/733/733 734/734/734 735/735/735 
f 735/735/735 734/734/734 736/736/736 
f 737/737/737 738/738/738 739/739/739 
f 739/739/739 738/738/738 740/740/740 
f 741/741/741 742/742/742 743/743/743 
f 743/743/743 742/742/742 744/744/744 

g Part31

v 24.4651 3.05866 3.19992 
v 24.4651 3.45866 3.19992 
v 24.6251 3.05866 3.19992 
v 24.6251 3.45866 3.19992 
v 24.4651 3.45866 3.99991 
v 24.4651 3.45866 3.19992 
v 24.4651 3.05866 3.99991 
v 24.4651 3.05866 3.19992 
v 24.4651 3.45866 3.19992 
v 24.4651 3.45866 3.99991 
v 24.6251 3.45866 3.19992 
v 24.6251 3.45866 3.99991 
v 24.4651 3.45866 3.99991 
v 24.4651 3.05866 3.99991 
v 24.6251 3.45866 3.99991 
v 24.6251 3.05866 3.99991 
v 24.6251 3.05866 3.99991 
v 24.6251 3.05866 3.19992 
v 24.6251 3.45866 3.99991 
v 24.6251 3.45866 3.19992 
v 24.4651 3.05866 3.99991 
v 24.4651 3.05866 3.19992 
v 24.6251 3.05866 3.99991 
v 24.6251 3.05866 3.19992 

vn 0 0 -1 
vn 0 0 -1 
vn 0 0 -1 
vn 0 0 -1 
vn -1 0 0 
vn -1 0 0 
vn -1 0 0 
vn -1 0 0 
vn 0 1 0 
vn 0 1 0 
vn 0 1 0 
vn 0 1 0 
vn 0 0 1 
vn 0 0 1 
vn 0 0 1 
vn 0 0 1 
vn 1 0 0 
vn 1 0 0 
vn 1 0 0 
vn 1 0 0 
vn 0 -1 0 
vn 0 -1 0 
vn 0 -1 0 
vn 0 -1 0 

vt 0.799999 0 
vt 0.75 0 
vt 0.799999 -0.0199996 
vt 0.75 -0.0199996 
vt 0.849998 0 
vt 0.75 0 
vt 0.849998 -0.0499992 
vt 0.75 -0.0499992 
vt 0.849998 0 
vt 0.75 0 
vt 0.849998 -0.0199996 
vt 0.75 -0.0199996 
vt 0.799999 0 
vt 0.75 0 
vt 0.799999 -0.0199996 
vt 0.75 -0.0199996 
vt 0.849998 0 
vt 0.75 0 
vt 0.849998 -0.0499992 
vt 0.75 -0.0499992 
vt 0.849998 0 
vt 0.75 0 
vt 0.849998 -0.0199996 
vt 0.75 -0.0199996 

usemtl Part1Mtl

f 745/745/745 746/746/746 747/747/747 
f 747/747/747 746/746/746 748/748/748 
f 749/749/749 750/750/750 751/751/751 
f 751/751/751 750/750/750 752/752/752 
f 753/753/753 754/754/754 755/755/755 
f 755/755/755 754/754/754 756/756/756 
f 757/757/757 758/758/758 759/759/759 
f 759/759/759 758/758/758 760/760/760 
f 761/761/761 762/762/762 763/763/763 
f 763/763/763 762/762/762 764/764/764 
f 765/765/765 766/766/766 767/767/767 
f 767/767/767 766/766/766 768/768/768 

g Part32

v 24.465 3.05866 0.000180244 
v 24.465 3.45866 0.000180244 
v 24.625 3.05866 0.000180244 
v 24.625 3.45866 0.000180244 
v 24.465 3.45866 0.800167 
v 24.465 3.45866 0.000180244 
v 24.465 3.05866 0.800167 
v 24.465 3.05866 0.000180244 
v 24.465 3.45866 0.000180244 
v 24.465 3.45866 0.800167 
v 24.625 3.45866 0.000180244 
v 24.625 3.45866 0.800167 
v 24.465 3.45866 0.800167 
v 24.465 3.05866 0.800167 
v 24.625 3.45866 0.800167 
v 24.625 3.05866 0.800167 
v 24.625 3.05866 0.800167 
v 24.625 3.05866 0.000180244 
v 24.625 3.45866 0.800167 
v 24.625 3.45866 0.000180244 
v 24.465 3.05866 0.800167 
v 24.465 3.05866 0.000180244 
v 24.625 3.05866 0.800167 
v 24.625 3.05866 0.000180244 

vn 0 0 -1 
vn 0 0 -1 
vn 0 0 -1 
vn 0 0 -1 
vn -1 0 0 
vn -1 0 0 
vn -1 0 0 
vn -1 0 0 
vn 0 1 0 
vn 0 1 0 
vn 0 1 0 
vn 0 1 0 
vn 0 0 1 
vn 0 0 1 
vn 0 0 1 
vn 0 0 1 
vn 1 0 0 
vn 1 0 0 
vn 1 0 0 
vn 1 0 0 
vn 0 -1 0 
vn 0 -1 0 
vn 0 -1 0 
vn 0 -1 0 

vt 1.8 -2 
vt 1.75 -2 
vt 1.8 -2.02 
vt 1.75 -2.02 
vt 1.85 -2 
vt 1.75 -2 
vt 1.85 -2.05 
vt 1.75 -2.05 
vt 1.85 -2 
vt 1.75 -2 
vt 1.85 -2.02 
vt 1.75 -2.02 
vt 1.8 -2 
vt 1.75 -2 
vt 1.8 -2.02 
vt 1.75 -2.02 
vt 1.85 -2 
vt 1.75 -2 
vt 1.85 -2.05 
vt 1.75 -2.05 
vt 1.85 -2 
vt 1.75 -2 
vt 1.85 -2.02 
vt 1.75 -2.02 

usemtl Part1Mtl

f 769/769/769 770/770/770 771/771/771 
f 771/771/771 770/770/770 772/772/772 
f 773/773/773 774/774/774 775/775/775 
f 775/775/775 774/774/774 776/776/776 
f 777/777/777 778/778/778 779/779/779 
f 779/779/779 778/778/778 780/780/780 
f 781/781/781 782/782/782 783/783/783 
f 783/783/783 782/782/782 784/784/784 
f 785/785/785 786/786/786 787/787/787 
f 787/787/787 786/786/786 788/788/788 
f 789/789/789 790/790/790 791/791/791 
f 791/791/791 790/790/790 792/792/792 

g Part33

v 24.5423 2.65867 -0.999998 
v 24.5423 3.85865 -0.999998 
v 24.7023 2.65867 -0.999998 
v 24.7023 3.85865 -0.999998 
v 24.5423 3.85865 1.79996 
v 24.5423 3.85865 -0.999998 
v 24.5423 2.65867 1.79996 
v 24.5423 2.65867 -0.999998 
v 24.5423 3.85865 -0.999998 
v 24.5423 3.85865 1.79996 
v 24.7023 3.85865 -0.999998 
v 24.7023 3.85865 1.79996 
v 24.5423 3.85865 1.79996 
v 24.5423 2.65867 1.79996 
v 24.7023 3.85865 1.79996 
v 24.7023 2.65867 1.79996 
v 24.7023 2.65867 1.79996 
v 24.7023 2.65867 -0.999998 
v 24.7023 3.85865 1.79996 
v 24.7023 3.85865 -0.999998 
v 24.5423 2.65867 1.79996 
v 24.5423 2.65867 -0.999998 
v 24.7023 2.65867 1.79996 
v 24.7023 2.65867 -0.999998 

vn 0 0 -1 
vn 0 0 -1 
vn 0 0 -1 
vn 0 0 -1 
vn -1 0 0 
vn -1 0 0 
vn -1 0 0 
vn -1 0 0 
vn 0 1 0 
vn 0 1 0 
vn 0 1 0 
vn 0 1 0 
vn 0 0 1 
vn 0 0 1 
vn 0 0 1 
vn 0 0 1 
vn 1 0 0 
vn 1 0 0 
vn 1 0 0 
vn 1 0 0 
vn 0 -1 0 
vn 0 -1 0 
vn 0 -1 0 
vn 0 -1 0 

vt 4.9 0.75 
vt 4.75 0.75 
vt 4.9 0.73 
vt 4.75 0.73 
vt 5.09999 0.75 
vt 4.75 0.75 
vt 5.09999 0.600002 
vt 4.75 0.600002 
vt 5.09999 0.75 
vt 4.75 0.75 
vt 5.09999 0.73 
vt 4.75 0.73 
vt 4.9 0.75 
vt 4.75 0.75 
vt 4.9 0.73 
vt 4.75 0.73 
vt 5.09999 0.75 
vt 4.75 0.75 
vt 5.09999 0.600002 
vt 4.75 0.600002 
vt 5.09999 0.75 
vt 4.75 0.75 
vt 5.09999 0.73 
vt 4.75 0.73 

usemtl Part1Mtl

f 793/793/793 794/794/794 795/795/795 
f 795/795/795 794/794/794 796/796/796 
f 797/797/797 798/798/798 799/799/799 
f 799/799/799 798/798/798 800/800/800 
f 801/801/801 802/802/802 803/803/803 
f 803/803/803 802/802/802 804/804/804 
f 805/805/805 806/806/806 807/807/807 
f 807/807/807 806/806/806 808/808/808 
f 809/809/809 810/810/810 811/811/811 
f 811/811/811 810/810/810 812/812/812 
f 813/813/813 814/814/814 815/815/815 
f 815/815/815 814/814/814 816/816/816 

g Part34

v 24.6242 1.65882 11.5997 
v 27.8081 1.65882 11.5997 
v 24.6242 2.45881 11.5997 
v 27.8081 2.45881 11.5997 
v 27.8081 1.65882 5.19983 
v 27.8081 1.65882 11.5997 
v 24.6242 1.65882 5.19983 
v 24.6242 1.65882 11.5997 
v 27.8081 1.65882 11.5997 
v 27.8081 1.65882 5.19983 
v 27.8081 2.45881 11.5997 
v 27.8081 2.45881 5.19983 
v 27.8081 1.65882 5.19983 
v 24.6242 1.65882 5.19983 
v 27.8081 2.45881 5.19983 
v 24.6242 2.45881 5.19983 
v 24.6242 2.45881 5.19983 
v 24.6242 2.45881 11.5997 
v 27.8081 2.45881 5.19983 
v 27.8081 2.45881 11.5997 
v 24.6242 1.65882 5.19983 
v 24.6242 1.65882 11.5997 
v 24.6242 2.45881 5.19983 
v 24.6242 2.45881 11.5997 

vn 0 0 1 
vn 0 0 1 
vn 0 0 1 
vn 0 0 1 
vn 0 -1 0 
vn 0 -1 0 
vn 0 -1 0 
vn 0 -1 0 
vn 1 0 0 
vn 1 0 0 
vn 1 0 0 
vn 1 0 0 
vn 0 0 -1 
vn 0 0 -1 
vn 0 0 -1 
vn 0 0 -1 
vn 0 1 0 
vn 0 1 0 
vn 0 1 0 
vn 0 1 0 
vn -1 0 0 
vn -1 0 0 
vn -1 0 0 
vn -1 0 0 

vt 3.14799 -3.25 
vt 2.75 -3.25 
vt 3.14799 -3.35 
vt 2.75 -3.35 
vt 3.54999 -3.25 
vt 2.75 -3.25 
vt 3.54999 -3.64799 
vt 2.75 -3.64799 
vt 3.54999 -3.25 
vt 2.75 -3.25 
vt 3.54999 -3.35 
vt 2.75 -3.35 
vt 3.14799 -3.25 
vt 2.75 -3.25 
vt 3.14799 -3.35 
vt 2.75 -3.35 
vt 3.54999 -3.25 
vt 2.75 -3.25 
vt 3.54999 -3.64799 
vt 2.75 -3.64799 
vt 3.54999 -3.25 
vt 2.75 -3.25 
vt 3.54999 -3.35 
vt 2.75 -3.35 

usemtl Part1Mtl

f 817/817/817 818/818/818 819/819/819 
f 819/819/819 818/818/818 820/820/820 
f 821/821/821 822/822/822 823/823/823 
f 823/823/823 822/822/822 824/824/824 
f 825/825/825 826/826/826 827/827/827 
f 827/827/827 826/826/826 828/828/828 
f 829/829/829 830/830/830 831/831/831 
f 831/831/831 830/830/830 832/832/832 
f 833/833/833 834/834/834 835/835/835 
f 835/835/835 834/834/834 836/836/836 
f 837/837/837 838/838/838 839/839/839 
f 839/839/839 838/838/838 840/840/840 

g Part35

v 24.5282 12.4987 7.1197 
v 24.5282 13.2187 7.1197 
v 24.6882 12.4987 7.1197 
v 24.6882 13.2187 7.1197 
v 24.5282 13.2187 9.67966 
v 24.5282 13.2187 7.1197 
v 24.5282 12.4987 9.67966 
v 24.5282 12.4987 7.1197 
v 24.5282 13.2187 7.1197 
v 24.5282 13.2187 9.67966 
v 24.6882 13.2187 7.1197 
v 24.6882 13.2187 9.67966 
v 24.5282 13.2187 9.67966 
v 24.5282 12.4987 9.67966 
v 24.6882 13.2187 9.67966 
v 24.6882 12.4987 9.67966 
v 24.6882 12.4987 9.67966 
v 24.6882 12.4987 7.1197 
v 24.6882 13.2187 9.67966 
v 24.6882 13.2187 7.1197 
v 24.5282 12.4987 9.67966 
v 24.5282 12.4987 7.1197 
v 24.6882 12.4987 9.67966 
v 24.6882 12.4987 7.1197 

vn 0 0 -1 
vn 0 0 -1 
vn 0 0 -1 
vn 0 0 -1 
vn -1 0 0 
vn -1 0 0 
vn -1 0 0 
vn -1 0 0 
vn 0 1 0 
vn 0 1 0 
vn 0 1 0 
vn 0 1 0 
vn 0 0 1 
vn 0 0 1 
vn 0 0 1 
vn 0 0 1 
vn 1 0 0 
vn 1 0 0 
vn 1 0 0 
vn 1 0 0 
vn 0 -1 0 
vn 0 -1 0 
vn 0 -1 0 
vn 0 -1 0 

vt 4.34 -4.25 
vt 4.25 -4.25 
vt 4.34 -4.27 
vt 4.25 -4.27 
vt 4.56999 -4.25 
vt 4.25 -4.25 
vt 4.56999 -4.34 
vt 4.25 -4.34 
vt 4.56999 -4.25 
vt 4.25 -4.25 
vt 4.56999 -4.27 
vt 4.25 -4.27 
vt 4.34 -4.25 
vt 4.25 -4.25 
vt 4.34 -4.27 
vt 4.25 -4.27 
vt 4.56999 -4.25 
vt 4.25 -4.25 
vt 4.56999 -4.34 
vt 4.25 -4.34 
vt 4.56999 -4.25 
vt 4.25 -4.25 
vt 4.56999 -4.27 
vt 4.25 -4.27 

usemtl Part1Mtl

f 841/841/841 842/842/842 843/843/843 
f 843/843/843 842/842/842 844/844/844 
f 845/845/845 846/846/846 847/847/847 
f 847/847/847 846/846/846 848/848/848 
f 849/849/849 850/850/850 851/851/851 
f 851/851/851 850/850/850 852/852/852 
f 853/853/853 854/854/854 855/855/855 
f 855/855/855 854/854/854 856/856/856 
f 857/857/857 858/858/858 859/859/859 
f 859/859/859 858/858/858 860/860/860 
f 861/861/861 862/862/862 863/863/863 
f 863/863/863 862/862/862 864/864/864 

g Part36

v 24.6083 12.0578 5.19993 
v 27.8082 12.0578 5.19993 
v 24.6083 11.7378 5.19993 
v 27.8082 11.7378 5.19993 
v 27.8082 12.0578 11.5998 
v 27.8082 12.0578 5.19993 
v 24.6083 12.0578 11.5998 
v 24.6083 12.0578 5.19993 
v 27.8082 12.0578 5.19993 
v 27.8082 12.0578 11.5998 
v 27.8082 11.7378 5.19993 
v 27.8082 11.7378 11.5998 
v 27.8082 12.0578 11.5998 
v 24.6083 12.0578 11.5998 
v 27.8082 11.7378 11.5998 
v 24.6083 11.7378 11.5998 
v 24.6083 11.7378 11.5998 
v 24.6083 11.7378 5.19993 
v 27.8082 11.7378 11.5998 
v 27.8082 11.7378 5.19993 
v 24.6083 12.0578 11.5998 
v 24.6083 12.0578 5.19993 
v 24.6083 11.7378 11.5998 
v 24.6083 11.7378 5.19993 

vn 0 0 -1 
vn 0 0 -1 
vn 0 0 -1 
vn 0 0 -1 
vn 0 1 0 
vn 0 1 0 
vn 0 1 0 
vn 0 1 0 
vn 1 0 0 
vn 1 0 0 
vn 1 0 0 
vn 1 0 0 
vn 0 0 1 
vn 0 0 1 
vn 0 0 1 
vn 0 0 1 
vn 0 -1 0 
vn 0 -1 0 
vn 0 -1 0 
vn 0 -1 0 
vn -1 0 0 
vn -1 0 0 
vn -1 0 0 
vn -1 0 0 

vt 5.64999 -6.25 
vt 5.25 -6.25 
vt 5.64999 -6.29 
vt 5.25 -6.29 
vt 6.04999 -6.25 
vt 5.25 -6.25 
vt 6.04999 -6.64999 
vt 5.25 -6.64999 
vt 6.04999 -6.25 
vt 5.25 -6.25 
vt 6.04999 -6.29 
vt 5.25 -6.29 
vt 5.64999 -6.25 
vt 5.25 -6.25 
vt 5.64999 -6.29 
vt 5.25 -6.29 
vt 6.04999 -6.25 
vt 5.25 -6.25 
vt 6.04999 -6.64999 
vt 5.25 -6.64999 
vt 6.04999 -6.25 
vt 5.25 -6.25 
vt 6.04999 -6.29 
vt 5.25 -6.29 

usemtl Part1Mtl

f 865/865/865 866/866/866 867/867/867 
f 867/867/867 866/866/866 868/868/868 
f 869/869/869 870/870/870 871/871/871 
f 871/871/871 870/870/870 872/872/872 
f 873/873/873 874/874/874 875/875/875 
f 875/875/875 874/874/874 876/876/876 
f 877/877/877 878/878/878 879/879/879 
f 879/879/879 878/878/878 880/880/880 
f 881/881/881 882/882/882 883/883/883 
f 883/883/883 882/882/882 884/884/884 
f 885/885/885 886/886/886 887/887/887 
f 887/887/887 886/886/886 888/888/888 

g Part37

v 24.6083 12.0579 11.5998 
v 27.8082 12.0579 11.5998 
v 24.6083 13.6578 11.5998 
v 27.8082 13.6578 11.5998 
v 27.8082 12.0579 5.19993 
v 27.8082 12.0579 11.5998 
v 24.6083 12.0579 5.19993 
v 24.6083 12.0579 11.5998 
v 27.8082 12.0579 11.5998 
v 27.8082 12.0579 5.19993 
v 27.8082 13.6578 11.5998 
v 27.8082 13.6578 5.19993 
v 27.8082 12.0579 5.19993 
v 24.6083 12.0579 5.19993 
v 27.8082 13.6578 5.19993 
v 24.6083 13.6578 5.19993 
v 24.6083 13.6578 5.19993 
v 24.6083 13.6578 11.5998 
v 27.8082 13.6578 5.19993 
v 27.8082 13.6578 11.5998 
v 24.6083 12.0579 5.19993 
v 24.6083 12.0579 11.5998 
v 24.6083 13.6578 5.19993 
v 24.6083 13.6578 11.5998 

vn 0 0 1 
vn 0 0 1 
vn 0 0 1 
vn 0 0 1 
vn 0 -1 0 
vn 0 -1 0 
vn 0 -1 0 
vn 0 -1 0 
vn 1 0 0 
vn 1 0 0 
vn 1 0 0 
vn 1 0 0 
vn 0 0 -1 
vn 0 0 -1 
vn 0 0 -1 
vn 0 0 -1 
vn 0 1 0 
vn 0 1 0 
vn 0 1 0 
vn 0 1 0 
vn -1 0 0 
vn -1 0 0 
vn -1 0 0 
vn -1 0 0 

vt 3.89999 -0.5 
vt 3.5 -0.5 
vt 3.89999 -0.699997 
vt 3.5 -0.699997 
vt 4.29999 -0.5 
vt 3.5 -0.5 
vt 4.29999 -0.899993 
vt 3.5 -0.899993 
vt 4.29999 -0.5 
vt 3.5 -0.5 
vt 4.29999 -0.699997 
vt 3.5 -0.699997 
vt 3.89999 -0.5 
vt 3.5 -0.5 
vt 3.89999 -0.699997 
vt 3.5 -0.699997 
vt 4.29999 -0.5 
vt 3.5 -0.5 
vt 4.29999 -0.899993 
vt 3.5 -0.899993 
vt 4.29999 -0.5 
vt 3.5 -0.5 
vt 4.29999 -0.699997 
vt 3.5 -0.699997 

usemtl Part1Mtl

f 889/889/889 890/890/890 891/891/891 
f 891/891/891 890/890/890 892/892/892 
f 893/893/893 894/894/894 895/895/895 
f 895/895/895 894/894/894 896/896/896 
f 897/897/897 898/898/898 899/899/899 
f 899/899/899 898/898/898 900/900/900 
f 901/901/901 902/902/902 903/903/903 
f 903/903/903 902/902/902 904/904/904 
f 905/905/905 906/906/906 907/907/907 
f 907/907/907 906/906/906 908/908/908 
f 909/909/909 910/910/910 911/911/911 
f 911/911/911 910/910/910 912/912/912 

g Part38

v 24.6083 12.0586 11.6002 
v 27.8083 12.0586 11.6002 
v 24.6083 12.0586 11.2802 
v 27.8083 12.0586 11.2802 
v 27.8083 4.05877 11.6002 
v 27.8083 12.0586 11.6002 
v 24.6083 4.05877 11.6002 
v 24.6083 12.0586 11.6002 
v 27.8083 12.0586 11.6002 
v 27.8083 4.05877 11.6002 
v 27.8083 12.0586 11.2802 
v 27.8083 4.05877 11.2802 
v 27.8083 4.05877 11.6002 
v 24.6083 4.05877 11.6002 
v 27.8083 4.05877 11.2802 
v 24.6083 4.05877 11.2802 
v 24.6083 4.05877 11.2802 
v 24.6083 12.0586 11.2802 
v 27.8083 4.05877 11.2802 
v 27.8083 12.0586 11.2802 
v 24.6083 4.05877 11.6002 
v 24.6083 12.0586 11.6002 
v 24.6083 4.05877 11.2802 
v 24.6083 12.0586 11.2802 

vn 0 1 0 
vn 0 1 0 
vn 0 1 0 
vn 0 1 0 
vn 0 0 1 
vn 0 0 1 
vn 0 0 1 
vn 0 0 1 
vn 1 0 0 
vn 1 0 0 
vn 1 0 0 
vn 1 0 0 
vn 0 -1 0 
vn 0 -1 0 
vn 0 -1 0 
vn 0 -1 0 
vn 0 0 -1 
vn 0 0 -1 
vn 0 0 -1 
vn 0 0 -1 
vn -1 0 0 
vn -1 0 0 
vn -1 0 0 
vn -1 0 0 

vt 3.89999 -5.5 
vt 3.5 -5.5 
vt 3.89999 -5.54 
vt 3.5 -5.54 
vt 4.49998 -5.5 
vt 3.5 -5.5 
vt 4.49998 -5.89999 
vt 3.5 -5.89999 
vt 4.49998 -5.5 
vt 3.5 -5.5 
vt 4.49998 -5.54 
vt 3.5 -5.54 
vt 3.89999 -5.5 
vt 3.5 -5.5 
vt 3.89999 -5.54 
vt 3.5 -5.54 
vt 4.49998 -5.5 
vt 3.5 -5.5 
vt 4.49998 -5.89999 
vt 3.5 -5.89999 
vt 4.49998 -5.5 
vt 3.5 -5.5 
vt 4.49998 -5.54 
vt 3.5 -5.54 

usemtl Part1Mtl

f 913/913/913 914/914/914 915/915/915 
f 915/915/915 914/914/914 916/916/916 
f 917/917/917 918/918/918 919/919/919 
f 919/919/919 918/918/918 920/920/920 
f 921/921/921 922/922/922 923/923/923 
f 923/923/923 922/922/922 924/924/924 
f 925/925/925 926/926/926 927/927/927 
f 927/927/927 926/926/926 928/928/928 
f 929/929/929 930/930/930 931/931/931 
f 931/931/931 930/930/930 932/932/932 
f 933/933/933 934/934/934 935/935/935 
f 935/935/935 934/934/934 936/936/936 

g Part39

v 27.809 12.0586 11.6001 
v 27.809 12.0586 5.20017 
v 27.489 12.0586 11.6001 
v 27.489 12.0586 5.20017 
v 27.809 4.05877 5.20017 
v 27.809 12.0586 5.20017 
v 27.809 4.05877 11.6001 
v 27.809 12.0586 11.6001 
v 27.809 12.0586 5.20017 
v 27.809 4.05877 5.20017 
v 27.489 12.0586 5.20017 
v 27.489 4.05877 5.20017 
v 27.809 4.05877 5.20017 
v 27.809 4.05877 11.6001 
v 27.489 4.05877 5.20017 
v 27.489 4.05877 11.6001 
v 27.489 4.05877 11.6001 
v 27.489 12.0586 11.6001 
v 27.489 4.05877 5.20017 
v 27.489 12.0586 5.20017 
v 27.809 4.05877 11.6001 
v 27.809 12.0586 11.6001 
v 27.489 4.05877 11.6001 
v 27.489 12.0586 11.6001 

vn 0 1 0 
vn 0 1 0 
vn 0 1 0 
vn 0 1 0 
vn 1 0 0 
vn 1 0 0 
vn 1 0 0 
vn 1 0 0 
vn 0 0 -1 
vn 0 0 -1 
vn 0 0 -1 
vn 0 0 -1 
vn 0 -1 0 
vn 0 -1 0 
vn 0 -1 0 
vn 0 -1 0 
vn -1 0 0 
vn -1 0 0 
vn -1 0 0 
vn -1 0 0 
vn 0 0 1 
vn 0 0 1 
vn 0 0 1 
vn 0 0 1 

vt 2.04999 -2.75 
vt 1.25 -2.75 
vt 2.04999 -2.79 
vt 1.25 -2.79 
vt 2.24998 -2.75 
vt 1.25 -2.75 
vt 2.24998 -3.54999 
vt 1.25 -3.54999 
vt 2.24998 -2.75 
vt 1.25 -2.75 
vt 2.24998 -2.79 
vt 1.25 -2.79 
vt 2.04999 -2.75 
vt 1.25 -2.75 
vt 2.04999 -2.79 
vt 1.25 -2.79 
vt 2.24998 -2.75 
vt 1.25 -2.75 
vt 2.24998 -3.54999 
vt 1.25 -3.54999 
vt 2.24998 -2.75 
vt 1.25 -2.75 
vt 2.24998 -2.79 
vt 1.25 -2.79 

usemtl Part1Mtl

f 937/937/937 938/938/938 939/939/939 
f 939/939/939 938/938/938 940/940/940 
f 941/941/941 942/942/942 943/943/943 
f 943/943/943 942/942/942 944/944/944 
f 945/945/945 946/946/946 947/947/947 
f 947/947/947 946/946/946 948/948/948 
f 949/949/949 950/950/950 951/951/951 
f 951/951/951 950/950/950 952/952/952 
f 953/953/953 954/954/954 955/955/955 
f 955/955/955 954/954/954 956/956/956 
f 957/957/957 958/958/958 959/959/959 
f 959/959/959 958/958/958 960/960/960 

g Part40

v 24.6233 2.45867 11.5998 
v 27.7992 2.45867 11.5998 
v 24.6233 4.05865 11.5998 
v 27.7992 4.05865 11.5998 
v 27.7992 2.45867 5.19993 
v 27.7992 2.45867 11.5998 
v 24.6233 2.45867 5.19993 
v 24.6233 2.45867 11.5998 
v 27.7992 2.45867 11.5998 
v 27.7992 2.45867 5.19993 
v 27.7992 4.05865 11.5998 
v 27.7992 4.05865 5.19993 
v 27.7992 2.45867 5.19993 
v 24.6233 2.45867 5.19993 
v 27.7992 4.05865 5.19993 
v 24.6233 4.05865 5.19993 
v 24.6233 4.05865 5.19993 
v 24.6233 4.05865 11.5998 
v 27.7992 4.05865 5.19993 
v 27.7992 4.05865 11.5998 
v 24.6233 2.45867 5.19993 
v 24.6233 2.45867 11.5998 
v 24.6233 4.05865 5.19993 
v 24.6233 4.05865 11.5998 

vn 0 0 1 
vn 0 0 1 
vn 0 0 1 
vn 0 0 1 
vn 0 -1 0 
vn 0 -1 0 
vn 0 -1 0 
vn 0 -1 0 
vn 1 0 0 
vn 1 0 0 
vn 1 0 0 
vn 1 0 0 
vn 0 0 -1 
vn 0 0 -1 
vn 0 0 -1 
vn 0 0 -1 
vn 0 1 0 
vn 0 1 0 
vn 0 1 0 
vn 0 1 0 
vn -1 0 0 
vn -1 0 0 
vn -1 0 0 
vn -1 0 0 

vt 5.89699 -2 
vt 5.5 -2 
vt 5.89699 -2.2 
vt 5.5 -2.2 
vt 6.29999 -2 
vt 5.5 -2 
vt 6.29999 -2.39699 
vt 5.5 -2.39699 
vt 6.29999 -2 
vt 5.5 -2 
vt 6.29999 -2.2 
vt 5.5 -2.2 
vt 5.89699 -2 
vt 5.5 -2 
vt 5.89699 -2.2 
vt 5.5 -2.2 
vt 6.29999 -2 
vt 5.5 -2 
vt 6.29999 -2.39699 
vt 5.5 -2.39699 
vt 6.29999 -2 
vt 5.5 -2 
vt 6.29999 -2.2 
vt 5.5 -2.2 

usemtl Part1Mtl

f 961/961/961 962/962/962 963/963/963 
f 963/963/963 962/962/962 964/964/964 
f 965/965/965 966/966/966 967/967/967 
f 967/967/967 966/966/966 968/968/968 
f 969/969/969 970/970/970 971/971/971 
f 971/971/971 970/970/970 972/972/972 
f 973/973/973 974/974/974 975/975/975 
f 975/975/975 974/974/974 976/976/976 
f 977/977/977 978/978/978 979/979/979 
f 979/979/979 978/978/978 980/980/980 
f 981/981/981 982/982/982 983/983/983 
f 983/983/983 982/982/982 984/984/984 

g Part41

v 24.5427 2.65867 8.59996 
v 24.5427 3.85865 8.59996 
v 24.7027 2.65867 8.59996 
v 24.7027 3.85865 8.59996 
v 24.5427 3.85865 11.3999 
v 24.5427 3.85865 8.59996 
v 24.5427 2.65867 11.3999 
v 24.5427 2.65867 8.59996 
v 24.5427 3.85865 8.59996 
v 24.5427 3.85865 11.3999 
v 24.7027 3.85865 8.59996 
v 24.7027 3.85865 11.3999 
v 24.5427 3.85865 11.3999 
v 24.5427 2.65867 11.3999 
v 24.7027 3.85865 11.3999 
v 24.7027 2.65867 11.3999 
v 24.7027 2.65867 11.3999 
v 24.7027 2.65867 8.59996 
v 24.7027 3.85865 11.3999 
v 24.7027 3.85865 8.59996 
v 24.5427 2.65867 11.3999 
v 24.5427 2.65867 8.59996 
v 24.7027 2.65867 11.3999 
v 24.7027 2.65867 8.59996 

vn 0 0 -1 
vn 0 0 -1 
vn 0 0 -1 
vn 0 0 -1 
vn -1 0 0 
vn -1 0 0 
vn -1 0 0 
vn -1 0 0 
vn 0 1 0 
vn 0 1 0 
vn 0 1 0 
vn 0 1 0 
vn 0 0 1 
vn 0 0 1 
vn 0 0 1 
vn 0 0 1 
vn 1 0 0 
vn 1 0 0 
vn 1 0 0 
vn 1 0 0 
vn 0 -1 0 
vn 0 -1 0 
vn 0 -1 0 
vn 0 -1 0 

vt 7.9 -2.5 
vt 7.75 -2.5 
vt 7.9 -2.52 
vt 7.75 -2.52 
vt 8.09999 -2.5 
vt 7.75 -2.5 
vt 8.09999 -2.65 
vt 7.75 -2.65 
vt 8.09999 -2.5 
vt 7.75 -2.5 
vt 8.09999 -2.52 
vt 7.75 -2.52 
vt 7.9 -2.5 
vt 7.75 -2.5 
vt 7.9 -2.52 
vt 7.75 -2.52 
vt 8.09999 -2.5 
vt 7.75 -2.5 
vt 8.09999 -2.65 
vt 7.75 -2.65 
vt 8.09999 -2.5 
vt 7.75 -2.5 
vt 8.09999 -2.52 
vt 7.75 -2.52 

usemtl Part1Mtl

f 985/985/985 986/986/986 987/987/987 
f 987/987/987 986/986/986 988/988/988 
f 989/989/989 990/990/990 991/991/991 
f 991/991/991 990/990/990 992/992/992 
f 993/993/993 994/994/994 995/995/995 
f 995/995/995 994/994/994 996/996/996 
f 997/997/997 998/998/998 999/999/999 
f 999/999/999 998/998/998 1000/1000/1000 
f 1001/1001/1001 1002/1002/1002 1003/1003/1003 
f 1003/1003/1003 1002/1002/1002 1004/1004/1004 
f 1005/1005/1005 1006/1006/1006 1007/1007/1007 
f 1007/1007/1007 1006/1006/1006 1008/1008/1008 

g Part42

v 24.4651 3.05866 9.5998 
v 24.4651 3.45866 9.5998 
v 24.6251 3.05866 9.5998 
v 24.6251 3.45866 9.5998 
v 24.4651 3.45866 10.3998 
v 24.4651 3.45866 9.5998 
v 24.4651 3.05866 10.3998 
v 24.4651 3.05866 9.5998 
v 24.4651 3.45866 9.5998 
v 24.4651 3.45866 10.3998 
v 24.6251 3.45866 9.5998 
v 24.6251 3.45866 10.3998 
v 24.4651 3.45866 10.3998 
v 24.4651 3.05866 10.3998 
v 24.6251 3.45866 10.3998 
v 24.6251 3.05866 10.3998 
v 24.6251 3.05866 10.3998 
v 24.6251 3.05866 9.5998 
v 24.6251 3.45866 10.3998 
v 24.6251 3.45866 9.5998 
v 24.4651 3.05866 10.3998 
v 24.4651 3.05866 9.5998 
v 24.6251 3.05866 10.3998 
v 24.6251 3.05866 9.5998 

vn 0 0 -1 
vn 0 0 -1 
vn 0 0 -1 
vn 0 0 -1 
vn -1 0 0 
vn -1 0 0 
vn -1 0 0 
vn -1 0 0 
vn 0 1 0 
vn 0 1 0 
vn 0 1 0 
vn 0 1 0 
vn 0 0 1 
vn 0 0 1 
vn 0 0 1 
vn 0 0 1 
vn 1 0 0 
vn 1 0 0 
vn 1 0 0 
vn 1 0 0 
vn 0 -1 0 
vn 0 -1 0 
vn 0 -1 0 
vn 0 -1 0 

vt 6.8 -4.25 
vt 6.75 -4.25 
vt 6.8 -4.27 
vt 6.75 -4.27 
vt 6.85 -4.25 
vt 6.75 -4.25 
vt 6.85 -4.3 
vt 6.75 -4.3 
vt 6.85 -4.25 
vt 6.75 -4.25 
vt 6.85 -4.27 
vt 6.75 -4.27 
vt 6.8 -4.25 
vt 6.75 -4.25 
vt 6.8 -4.27 
vt 6.75 -4.27 
vt 6.85 -4.25 
vt 6.75 -4.25 
vt 6.85 -4.3 
vt 6.75 -4.3 
vt 6.85 -4.25 
vt 6.75 -4.25 
vt 6.85 -4.27 
vt 6.75 -4.27 

usemtl Part1Mtl

f 1009/1009/1009 1010/1010/1010 1011/1011/1011 
f 1011/1011/1011 1010/1010/1010 1012/1012/1012 
f 1013/1013/1013 1014/1014/1014 1015/1015/1015 
f 1015/1015/1015 1014/1014/1014 1016/1016/1016 
f 1017/1017/1017 1018/1018/1018 1019/1019/1019 
f 1019/1019/1019 1018/1018/1018 1020/1020/1020 
f 1021/1021/1021 1022/1022/1022 1023/1023/1023 
f 1023/1023/1023 1022/1022/1022 1024/1024/1024 
f 1025/1025/1025 1026/1026/1026 1027/1027/1027 
f 1027/1027/1027 1026/1026/1026 1028/1028/1028 
f 1029/1029/1029 1030/1030/1030 1031/1031/1031 
f 1031/1031/1031 1030/1030/1030 1032/1032/1032 

g Part43

v 24.465 3.05866 6.39996 
v 24.465 3.45866 6.39996 
v 24.625 3.05866 6.39996 
v 24.625 3.45866 6.39996 
v 24.465 3.45866 7.19995 
v 24.465 3.45866 6.39996 
v 24.465 3.05866 7.19995 
v 24.465 3.05866 6.39996 
v 24.465 3.45866 6.39996 
v 24.465 3.45866 7.19995 
v 24.625 3.45866 6.39996 
v 24.625 3.45866 7.19995 
v 24.465 3.45866 7.19995 
v 24.465 3.05866 7.19995 
v 24.625 3.45866 7.19995 
v 24.625 3.05866 7.19995 
v 24.625 3.05866 7.19995 
v 24.625 3.05866 6.39996 
v 24.625 3.45866 7.19995 
v 24.625 3.45866 6.39996 
v 24.465 3.05866 7.19995 
v 24.465 3.05866 6.39996 
v 24.625 3.05866 7.19995 
v 24.625 3.05866 6.39996 

vn 0 0 -1 
vn 0 0 -1 
vn 0 0 -1 
vn 0 0 -1 
vn -1 0 0 
vn -1 0 0 
vn -1 0 0 
vn -1 0 0 
vn 0 1 0 
vn 0 1 0 
vn 0 1 0 
vn 0 1 0 
vn 0 0 1 
vn 0 0 1 
vn 0 0 1 
vn 0 0 1 
vn 1 0 0 
vn 1 0 0 
vn 1 0 0 
vn 1 0 0 
vn 0 -1 0 
vn 0 -1 0 
vn 0 -1 0 
vn 0 -1 0 

vt 0.799999 0 
vt 0.75 0 
vt 0.799999 -0.0199996 
vt 0.75 -0.0199996 
vt 0.849998 0 
vt 0.75 0 
vt 0.849998 -0.0499992 
vt 0.75 -0.0499992 
vt 0.849998 0 
vt 0.75 0 
vt 0.849998 -0.0199996 
vt 0.75 -0.0199996 
vt 0.799999 0 
vt 0.75 0 
vt 0.799999 -0.0199996 
vt 0.75 -0.0199996 
vt 0.849998 0 
vt 0.75 0 
vt 0.849998 -0.0499992 
vt 0.75 -0.0499992 
vt 0.849998 0 
vt 0.75 0 
vt 0.849998 -0.0199996 
vt 0.75 -0.0199996 

usemtl Part1Mtl

f 1033/1033/1033 1034/1034/1034 1035/1035/1035 
f 1035/1035/1035 1034/1034/1034 1036/1036/1036 
f 1037/1037/1037 1038/1038/1038 1039/1039/1039 
f 1039/1039/1039 1038/1038/1038 1040/1040/1040 
f 1041/1041/1041 1042/1042/1042 1043/1043/1043 
f 1043/1043/1043 1042/1042/1042 1044/1044/1044 
f 1045/1045/1045 1046/1046/1046 1047/1047/1047 
f 1047/1047/1047 1046/1046/1046 1048/1048/1048 
f 1049/1049/1049 1050/1050/1050 1051/1051/1051 
f 1051/1051/1051 1050/1050/1050 1052/1052/1052 
f 1053/1053/1053 1054/1054/1054 1055/1055/1055 
f 1055/1055/1055 1054/1054/1054 1056/1056/1056 

g Part44

v 24.5421 2.65867 5.39978 
v 24.5421 3.85865 5.39978 
v 24.7021 2.65867 5.39978 
v 24.7021 3.85865 5.39978 
v 24.5421 3.85865 8.19974 
v 24.5421 3.85865 5.39978 
v 24.5421 2.65867 8.19974 
v 24.5421 2.65867 5.39978 
v 24.5421 3.85865 5.39978 
v 24.5421 3.85865 8.19974 
v 24.7021 3.85865 5.39978 
v 24.7021 3.85865 8.19974 
v 24.5421 3.85865 8.19974 
v 24.5421 2.65867 8.19974 
v 24.7021 3.85865 8.19974 
v 24.7021 2.65867 8.19974 
v 24.7021 2.65867 8.19974 
v 24.7021 2.65867 5.39978 
v 24.7021 3.85865 8.19974 
v 24.7021 3.85865 5.39978 
v 24.5421 2.65867 8.19974 
v 24.5421 2.65867 5.39978 
v 24.7021 2.65867 8.19974 
v 24.7021 2.65867 5.39978 

vn 0 0 -1 
vn 0 0 -1 
vn 0 0 -1 
vn 0 0 -1 
vn -1 0 0 
vn -1 0 0 
vn -1 0 0 
vn -1 0 0 
vn 0 1 0 
vn 0 1 0 
vn 0 1 0 
vn 0 1 0 
vn 0 0 1 
vn 0 0 1 
vn 0 0 1 
vn 0 0 1 
vn 1 0 0 
vn 1 0 0 
vn 1 0 0 
vn 1 0 0 
vn 0 -1 0 
vn 0 -1 0 
vn 0 -1 0 
vn 0 -1 0 

vt 5.65 -3.75 
vt 5.5 -3.75 
vt 5.65 -3.77 
vt 5.5 -3.77 
vt 5.84999 -3.75 
vt 5.5 -3.75 
vt 5.84999 -3.9 
vt 5.5 -3.9 
vt 5.84999 -3.75 
vt 5.5 -3.75 
vt 5.84999 -3.77 
vt 5.5 -3.77 
vt 5.65 -3.75 
vt 5.5 -3.75 
vt 5.65 -3.77 
vt 5.5 -3.77 
vt 5.84999 -3.75 
vt 5.5 -3.75 
vt 5.84999 -3.9 
vt 5.5 -3.9 
vt 5.84999 -3.75 
vt 5.5 -3.75 
vt 5.84999 -3.77 
vt 5.5 -3.77 

usemtl Part1Mtl

f 1057/1057/1057 1058/1058/1058 1059/1059/1059 
f 1059/1059/1059 1058/1058/1058 1060/1060/1060 
f 1061/1061/1061 1062/1062/1062 1063/1063/1063 
f 1063/1063/1063 1062/1062/1062 1064/1064/1064 
f 1065/1065/1065 1066/1066/1066 1067/1067/1067 
f 1067/1067/1067 1066/1066/1066 1068/1068/1068 
f 1069/1069/1069 1070/1070/1070 1071/1071/1071 
f 1071/1071/1071 1070/1070/1070 1072/1072/1072 
f 1073/1073/1073 1074/1074/1074 1075/1075/1075 
f 1075/1075/1075 1074/1074/1074 1076/1076/1076 
f 1077/1077/1077 1078/1078/1078 1079/1079/1079 
f 1079/1079/1079 1078/1078/1078 1080/1080/1080 

g Part45

v -9.67707 2.22434 -19.4275 
v -9.67707 2.22434 -22.6115 
v -9.67707 3.02433 -19.4275 
v -9.67707 3.02433 -22.6115 
v -16.077 2.22434 -22.6115 
v -9.67707 2.22434 -22.6115 
v -16.077 2.22434 -19.4275 
v -9.67707 2.22434 -19.4275 
v -9.67707 2.22434 -22.6115 
v -16.077 2.22434 -22.6115 
v -9.67707 3.02433 -22.6115 
v -16.077 3.02433 -22.6115 
v -16.077 2.22434 -22.6115 
v -16.077 2.22434 -19.4275 
v -16.077 3.02433 -22.6115 
v -16.077 3.02433 -19.4275 
v -16.077 3.02433 -19.4275 
v -9.67707 3.02433 -19.4275 
v -16.077 3.02433 -22.6115 
v -9.67707 3.02433 -22.6115 
v -16.077 2.22434 -19.4275 
v -9.67707 2.22434 -19.4275 
v -16.077 3.02433 -19.4275 
v -9.67707 3.02433 -19.4275 

vn 1 0 0 
vn 1 0 0 
vn 1 0 0 
vn 1 0 0 
vn 0 -1 0 
vn 0 -1 0 
vn 0 -1 0 
vn 0 -1 0 
vn 0 0 -1 
vn 0 0 -1 
vn 0 0 -1 
vn 0 0 -1 
vn -1 0 0 
vn -1 0 0 
vn -1 0 0 
vn -1 0 0 
vn 0 1 0 
vn 0 1 0 
vn 0 1 0 
vn 0 1 0 
vn 0 0 1 
vn 0 0 1 
vn 0 0 1 
vn 0 0 1 

vt 3.14799 0.25 
vt 2.75 0.25 
vt 3.14799 0.150002 
vt 2.75 0.150002 
vt 3.54999 0.25 
vt 2.75 0.25 
vt 3.54999 -0.147994 
vt 2.75 -0.147994 
vt 3.54999 0.25 
vt 2.75 0.25 
vt 3.54999 0.150002 
vt 2.75 0.150002 
vt 3.14799 0.25 
vt 2.75 0.25 
vt 3.14799 0.150002 
vt 2.75 0.150002 
vt 3.54999 0.25 
vt 2.75 0.25 
vt 3.54999 -0.147994 
vt 2.75 -0.147994 
vt 3.54999 0.25 
vt 2.75 0.25 
vt 3.54999 0.150002 
vt 2.75 0.150002 

usemtl Part1Mtl

f 1081/1081/1081 1082/1082/1082 1083/1083/1083 
f 1083/1083/1083 1082/1082/1082 1084/1084/1084 
f 1085/1085/1085 1086/1086/1086 1087/1087/1087 
f 1087/1087/1087 1086/1086/1086 1088/1088/1088 
f 1089/1089/1089 1090/1090/1090 1091/1091/1091 
f 1091/1091/1091 1090/1090/1090 1092/1092/1092 
f 1093/1093/1093 1094/1094/1094 1095/1095/1095 
f 1095/1095/1095 1094/1094/1094 1096/1096/1096 
f 1097/1097/1097 1098/1098/1098 1099/1099/1099 
f 1099/1099/1099 1098/1098/1098 1100/1100/1100 
f 1101/1101/1101 1102/1102/1102 1103/1103/1103 
f 1103/1103/1103 1102/1102/1102 1104/1104/1104 

g Part46

v -14.1571 13.0642 -19.3317 
v -14.1571 13.7842 -19.3317 
v -14.1571 13.0642 -19.4917 
v -14.1571 13.7842 -19.4917 
v -11.5971 13.7842 -19.3317 
v -14.1571 13.7842 -19.3317 
v -11.5971 13.0642 -19.3317 
v -14.1571 13.0642 -19.3317 
v -14.1571 13.7842 -19.3317 
v -11.5971 13.7842 -19.3317 
v -14.1571 13.7842 -19.4917 
v -11.5971 13.7842 -19.4917 
v -11.5971 13.7842 -19.3317 
v -11.5971 13.0642 -19.3317 
v -11.5971 13.7842 -19.4917 
v -11.5971 13.0642 -19.4917 
v -11.5971 13.0642 -19.4917 
v -14.1571 13.0642 -19.4917 
v -11.5971 13.7842 -19.4917 
v -14.1571 13.7842 -19.4917 
v -11.5971 13.0642 -19.3317 
v -14.1571 13.0642 -19.3317 
v -11.5971 13.0642 -19.4917 
v -14.1571 13.0642 -19.4917 

vn -1 0 0 
vn -1 0 0 
vn -1 0 0 
vn -1 0 0 
vn 0 0 1 
vn 0 0 1 
vn 0 0 1 
vn 0 0 1 
vn 0 1 0 
vn 0 1 0 
vn 0 1 0 
vn 0 1 0 
vn 1 0 0 
vn 1 0 0 
vn 1 0 0 
vn 1 0 0 
vn 0 0 -1 
vn 0 0 -1 
vn 0 0 -1 
vn 0 0 -1 
vn 0 -1 0 
vn 0 -1 0 
vn 0 -1 0 
vn 0 -1 0 

vt 1.34 0.25 
vt 1.25 0.25 
vt 1.34 0.23 
vt 1.25 0.23 
vt 1.56999 0.25 
vt 1.25 0.25 
vt 1.56999 0.160002 
vt 1.25 0.160002 
vt 1.56999 0.25 
vt 1.25 0.25 
vt 1.56999 0.23 
vt 1.25 0.23 
vt 1.34 0.25 
vt 1.25 0.25 
vt 1.34 0.23 
vt 1.25 0.23 
vt 1.56999 0.25 
vt 1.25 0.25 
vt 1.56999 0.160002 
vt 1.25 0.160002 
vt 1.56999 0.25 
vt 1.25 0.25 
vt 1.56999 0.23 
vt 1.25 0.23 

usemtl Part1Mtl

f 1105/1105/1105 1106/1106/1106 1107/1107/1107 
f 1107/1107/1107 1106/1106/1106 1108/1108/1108 
f 1109/1109/1109 1110/1110/1110 1111/1111/1111 
f 1111/1111/1111 1110/1110/1110 1112/1112/1112 
f 1113/1113/1113 1114/1114/1114 1115/1115/1115 
f 1115/1115/1115 1114/1114/1114 1116/1116/1116 
f 1117/1117/1117 1118/1118/1118 1119/1119/1119 
f 1119/1119/1119 1118/1118/1118 1120/1120/1120 
f 1121/1121/1121 1122/1122/1122 1123/1123/1123 
f 1123/1123/1123 1122/1122/1122 1124/1124/1124 
f 1125/1125/1125 1126/1126/1126 1127/1127/1127 
f 1127/1127/1127 1126/1126/1126 1128/1128/1128 

g Part47

v -16.0771 12.6234 -19.4117 
v -16.0771 12.6234 -22.6117 
v -16.0771 12.3034 -19.4117 
v -16.0771 12.3034 -22.6117 
v -9.67717 12.6234 -22.6117 
v -16.0771 12.6234 -22.6117 
v -9.67717 12.6234 -19.4117 
v -16.0771 12.6234 -19.4117 
v -16.0771 12.6234 -22.6117 
v -9.67717 12.6234 -22.6117 
v -16.0771 12.3034 -22.6117 
v -9.67717 12.3034 -22.6117 
v -9.67717 12.6234 -22.6117 
v -9.67717 12.6234 -19.4117 
v -9.67717 12.3034 -22.6117 
v -9.67717 12.3034 -19.4117 
v -9.67717 12.3034 -19.4117 
v -16.0771 12.3034 -19.4117 
v -9.67717 12.3034 -22.6117 
v -16.0771 12.3034 -22.6117 
v -9.67717 12.6234 -19.4117 
v -16.0771 12.6234 -19.4117 
v -9.67717 12.3034 -19.4117 
v -16.0771 12.3034 -19.4117 

vn -1 0 0 
vn -1 0 0 
vn -1 0 0 
vn -1 0 0 
vn 0 1 0 
vn 0 1 0 
vn 0 1 0 
vn 0 1 0 
vn 0 0 -1 
vn 0 0 -1 
vn 0 0 -1 
vn 0 0 -1 
vn 1 0 0 
vn 1 0 0 
vn 1 0 0 
vn 1 0 0 
vn 0 -1 0 
vn 0 -1 0 
vn 0 -1 0 
vn 0 -1 0 
vn 0 0 1 
vn 0 0 1 
vn 0 0 1 
vn 0 0 1 

vt 1.64999 -3.75 
vt 1.25 -3.75 
vt 1.64999 -3.79 
vt 1.25 -3.79 
vt 2.04999 -3.75 
vt 1.25 -3.75 
vt 2.04999 -4.14999 
vt 1.25 -4.14999 
vt 2.04999 -3.75 
vt 1.25 -3.75 
vt 2.04999 -3.79 
vt 1.25 -3.79 
vt 1.64999 -3.75 
vt 1.25 -3.75 
vt 1.64999 -3.79 
vt 1.25 -3.79 
vt 2.04999 -3.75 
vt 1.25 -3.75 
vt 2.04999 -4.14999 
vt 1.25 -4.14999 
vt 2.04999 -3.75 
vt 1.25 -3.75 
vt 2.04999 -3.79 
vt 1.25 -3.79 

usemtl Part1Mtl

f 1129/1129/1129 1130/1130/1130 1131/1131/1131 
f 1131/1131/1131 1130/1130/1130 1132/1132/1132 
f 1133/1133/1133 1134/1134/1134 1135/1135/1135 
f 1135/1135/1135 1134/1134/1134 1136/1136/1136 
f 1137/1137/1137 1138/1138/1138 1139/1139/1139 
f 1139/1139/1139 1138/1138/1138 1140/1140/1140 
f 1141/1141/1141 1142/1142/1142 1143/1143/1143 
f 1143/1143/1143 1142/1142/1142 1144/1144/1144 
f 1145/1145/1145 1146/1146/1146 1147/1147/1147 
f 1147/1147/1147 1146/1146/1146 1148/1148/1148 
f 1149/1149/1149 1150/1150/1150 1151/1151/1151 
f 1151/1151/1151 1150/1150/1150 1152/1152/1152 

g Part48

v -9.67717 12.6234 -19.4117 
v -9.67717 12.6234 -22.6117 
v -9.67717 14.2234 -19.4117 
v -9.67717 14.2234 -22.6117 
v -16.0771 12.6234 -22.6117 
v -9.67717 12.6234 -22.6117 
v -16.0771 12.6234 -19.4117 
v -9.67717 12.6234 -19.4117 
v -9.67717 12.6234 -22.6117 
v -16.0771 12.6234 -22.6117 
v -9.67717 14.2234 -22.6117 
v -16.0771 14.2234 -22.6117 
v -16.0771 12.6234 -22.6117 
v -16.0771 12.6234 -19.4117 
v -16.0771 14.2234 -22.6117 
v -16.0771 14.2234 -19.4117 
v -16.0771 14.2234 -19.4117 
v -9.67717 14.2234 -19.4117 
v -16.0771 14.2234 -22.6117 
v -9.67717 14.2234 -22.6117 
v -16.0771 12.6234 -19.4117 
v -9.67717 12.6234 -19.4117 
v -16.0771 14.2234 -19.4117 
v -9.67717 14.2234 -19.4117 

vn 1 0 0 
vn 1 0 0 
vn 1 0 0 
vn 1 0 0 
vn 0 -1 0 
vn 0 -1 0 
vn 0 -1 0 
vn 0 -1 0 
vn 0 0 -1 
vn 0 0 -1 
vn 0 0 -1 
vn 0 0 -1 
vn -1 0 0 
vn -1 0 0 
vn -1 0 0 
vn -1 0 0 
vn 0 1 0 
vn 0 1 0 
vn 0 1 0 
vn 0 1 0 
vn 0 0 1 
vn 0 0 1 
vn 0 0 1 
vn 0 0 1 

vt 1.39999 -4.25 
vt 1 -4.25 
vt 1.39999 -4.45 
vt 1 -4.45 
vt 1.79999 -4.25 
vt 1 -4.25 
vt 1.79999 -4.64999 
vt 1 -4.64999 
vt 1.79999 -4.25 
vt 1 -4.25 
vt 1.79999 -4.45 
vt 1 -4.45 
vt 1.39999 -4.25 
vt 1 -4.25 
vt 1.39999 -4.45 
vt 1 -4.45 
vt 1.79999 -4.25 
vt 1 -4.25 
vt 1.79999 -4.64999 
vt 1 -4.64999 
vt 1.79999 -4.25 
vt 1 -4.25 
vt 1.79999 -4.45 
vt 1 -4.45 

usemtl Part1Mtl

f 1153/1153/1153 1154/1154/1154 1155/1155/1155 
f 1155/1155/1155 1154/1154/1154 1156/1156/1156 
f 1157/1157/1157 1158/1158/1158 1159/1159/1159 
f 1159/1159/1159 1158/1158/1158 1160/1160/1160 
f 1161/1161/1161 1162/1162/1162 1163/1163/1163 
f 1163/1163/1163 1162/1162/1162 1164/1164/1164 
f 1165/1165/1165 1166/1166/1166 1167/1167/1167 
f 1167/1167/1167 1166/1166/1166 1168/1168/1168 
f 1169/1169/1169 1170/1170/1170 1171/1171/1171 
f 1171/1171/1171 1170/1170/1170 1172/1172/1172 
f 1173/1173/1173 1174/1174/1174 1175/1175/1175 
f 1175/1175/1175 1174/1174/1174 1176/1176/1176 

g Part49

v -15.7581 12.6242 -19.4119 
v -15.7581 12.6242 -22.6118 
v -16.0781 12.6242 -19.4119 
v -16.0781 12.6242 -22.6118 
v -15.7581 4.62429 -22.6118 
v -15.7581 12.6242 -22.6118 
v -15.7581 4.62429 -19.4119 
v -15.7581 12.6242 -19.4119 
v -15.7581 12.6242 -22.6118 
v -15.7581 4.62429 -22.6118 
v -16.0781 12.6242 -22.6118 
v -16.0781 4.62429 -22.6118 
v -15.7581 4.62429 -22.6118 
v -15.7581 4.62429 -19.4119 
v -16.0781 4.62429 -22.6118 
v -16.0781 4.62429 -19.4119 
v -16.0781 4.62429 -19.4119 
v -16.0781 12.6242 -19.4119 
v -16.0781 4.62429 -22.6118 
v -16.0781 12.6242 -22.6118 
v -15.7581 4.62429 -19.4119 
v -15.7581 12.6242 -19.4119 
v -16.0781 4.62429 -19.4119 
v -16.0781 12.6242 -19.4119 

vn 0 1 0 
vn 0 1 0 
vn 0 1 0 
vn 0 1 0 
vn 1 0 0 
vn 1 0 0 
vn 1 0 0 
vn 1 0 0 
vn 0 0 -1 
vn 0 0 -1 
vn 0 0 -1 
vn 0 0 -1 
vn 0 -1 0 
vn 0 -1 0 
vn 0 -1 0 
vn 0 -1 0 
vn -1 0 0 
vn -1 0 0 
vn -1 0 0 
vn -1 0 0 
vn 0 0 1 
vn 0 0 1 
vn 0 0 1 
vn 0 0 1 

vt 5.39999 -5.25 
vt 5 -5.25 
vt 5.39999 -5.29 
vt 5 -5.29 
vt 5.99998 -5.25 
vt 5 -5.25 
vt 5.99998 -5.64999 
vt 5 -5.64999 
vt 5.99998 -5.25 
vt 5 -5.25 
vt 5.99998 -5.29 
vt 5 -5.29 
vt 5.39999 -5.25 
vt 5 -5.25 
vt 5.39999 -5.29 
vt 5 -5.29 
vt 5.99998 -5.25 
vt 5 -5.25 
vt 5.99998 -5.64999 
vt 5 -5.64999 
vt 5.99998 -5.25 
vt 5 -5.25 
vt 5.99998 -5.29 
vt 5 -5.29 

usemtl Part1Mtl

f 1177/1177/1177 1178/1178/1178 1179/1179/1179 
f 1179/1179/1179 1178/1178/1178 1180/1180/1180 
f 1181/1181/1181 1182/1182/1182 1183/1183/1183 
f 1183/1183/1183 1182/1182/1182 1184/1184/1184 
f 1185/1185/1185 1186/1186/1186 1187/1187/1187 
f 1187/1187/1187 1186/1186/1186 1188/1188/1188 
f 1189/1189/1189 1190/1190/1190 1191/1191/1191 
f 1191/1191/1191 1190/1190/1190 1192/1192/1192 
f 1193/1193/1193 1194/1194/1194 1195/1195/1195 
f 1195/1195/1195 1194/1194/1194 1196/1196/1196 
f 1197/1197/1197 1198/1198/1198 1199/1199/1199 
f 1199/1199/1199 1198/1198/1198 1200/1200/1200 

g Part50

v -9.67703 12.6242 -22.6128 
v -16.0769 12.6242 -22.6127 
v -9.67702 12.6242 -22.2928 
v -16.0769 12.6242 -22.2927 
v -16.0769 4.62429 -22.6127 
v -16.0769 12.6242 -22.6127 
v -9.67703 4.62429 -22.6128 
v -9.67703 12.6242 -22.6128 
v -16.0769 12.6242 -22.6127 
v -16.0769 4.62429 -22.6127 
v -16.0769 12.6242 -22.2927 
v -16.0769 4.62429 -22.2927 
v -16.0769 4.62429 -22.6127 
v -9.67703 4.62429 -22.6128 
v -16.0769 4.62429 -22.2927 
v -9.67702 4.62429 -22.2928 
v -9.67702 4.62429 -22.2928 
v -9.67702 12.6242 -22.2928 
v -16.0769 4.62429 -22.2927 
v -16.0769 12.6242 -22.2927 
v -9.67703 4.62429 -22.6128 
v -9.67703 12.6242 -22.6128 
v -9.67702 4.62429 -22.2928 
v -9.67702 12.6242 -22.2928 

vn 0 1 0 
vn 0 1 0 
vn 0 1 0 
vn 0 1 0 
vn 0 0 -1 
vn 0 0 -1 
vn 0 0 -1 
vn 0 0 -1 
vn -1 0 0 
vn -1 0 0 
vn -1 0 0 
vn -1 0 0 
vn 0 -1 0 
vn 0 -1 0 
vn 0 -1 0 
vn 0 -1 0 
vn 0 0 1 
vn 0 0 1 
vn 0 0 1 
vn 0 0 1 
vn 1 0 0 
vn 1 0 0 
vn 1 0 0 
vn 1 0 0 

vt 6.54999 -1.25 
vt 5.75 -1.25 
vt 6.54999 -1.29 
vt 5.75 -1.29 
vt 6.74998 -1.25 
vt 5.75 -1.25 
vt 6.74998 -2.04999 
vt 5.75 -2.04999 
vt 6.74998 -1.25 
vt 5.75 -1.25 
vt 6.74998 -1.29 
vt 5.75 -1.29 
vt 6.54999 -1.25 
vt 5.75 -1.25 
vt 6.54999 -1.29 
vt 5.75 -1.29 
vt 6.74998 -1.25 
vt 5.75 -1.25 
vt 6.74998 -2.04999 
vt 5.75 -2.04999 
vt 6.74998 -1.25 
vt 5.75 -1.25 
vt 6.74998 -1.29 
vt 5.75 -1.29 

usemtl Part1Mtl

f 1201/1201/1201 1202/1202/1202 1203/1203/1203 
f 1203/1203/1203 1202/1202/1202 1204/1204/1204 
f 1205/1205/1205 1206/1206/1206 1207/1207/1207 
f 1207/1207/1207 1206/1206/1206 1208/1208/1208 
f 1209/1209/1209 1210/1210/1210 1211/1211/1211 
f 1211/1211/1211 1210/1210/1210 1212/1212/1212 
f 1213/1213/1213 1214/1214/1214 1215/1215/1215 
f 1215/1215/1215 1214/1214/1214 1216/1216/1216 
f 1217/1217/1217 1218/1218/1218 1219/1219/1219 
f 1219/1219/1219 1218/1218/1218 1220/1220/1220 
f 1221/1221/1221 1222/1222/1222 1223/1223/1223 
f 1223/1223/1223 1222/1222/1222 1224/1224/1224 

g Part51

v -9.67722 3.02419 -19.4269 
v -9.67722 3.02419 -22.6028 
v -9.67722 4.62417 -19.4269 
v -9.67722 4.62417 -22.6028 
v -16.0771 3.02419 -22.6028 
v -9.67722 3.02419 -22.6028 
v -16.0771 3.02419 -19.4269 
v -9.67722 3.02419 -19.4269 
v -9.67722 3.02419 -22.6028 
v -16.0771 3.02419 -22.6028 
v -9.67722 4.62417 -22.6028 
v -16.0771 4.62417 -22.6028 
v -16.0771 3.02419 -22.6028 
v -16.0771 3.02419 -19.4269 
v -16.0771 4.62417 -22.6028 
v -16.0771 4.62417 -19.4269 
v -16.0771 4.62417 -19.4269 
v -9.67722 4.62417 -19.4269 
v -16.0771 4.62417 -22.6028 
v -9.67722 4.62417 -22.6028 
v -16.0771 3.02419 -19.4269 
v -9.67722 3.02419 -19.4269 
v -16.0771 4.62417 -19.4269 
v -9.67722 4.62417 -19.4269 

vn 1 0 0 
vn 1 0 0 
vn 1 0 0 
vn 1 0 0 
vn 0 -1 0 
vn 0 -1 0 
vn 0 -1 0 
vn 0 -1 0 
vn 0 0 -1 
vn 0 0 -1 
vn 0 0 -1 
vn 0 0 -1 
vn -1 0 0 
vn -1 0 0 
vn -1 0 0 
vn -1 0 0 
vn 0 1 0 
vn 0 1 0 
vn 0 1 0 
vn 0 1 0 
vn 0 0 1 
vn 0 0 1 
vn 0 0 1 
vn 0 0 1 

vt 3.89699 -4.5 
vt 3.5 -4.5 
vt 3.89699 -4.7 
vt 3.5 -4.7 
vt 4.29999 -4.5 
vt 3.5 -4.5 
vt 4.29999 -4.89699 
vt 3.5 -4.89699 
vt 4.29999 -4.5 
vt 3.5 -4.5 
vt 4.29999 -4.7 
vt 3.5 -4.7 
vt 3.89699 -4.5 
vt 3.5 -4.5 
vt 3.89699 -4.7 
vt 3.5 -4.7 
vt 4.29999 -4.5 
vt 3.5 -4.5 
vt 4.29999 -4.89699 
vt 3.5 -4.89699 
vt 4.29999 -4.5 
vt 3.5 -4.5 
vt 4.29999 -4.7 
vt 3.5 -4.7 

usemtl Part1Mtl

f 1225/1225/1225 1226/1226/1226 1227/1227/1227 
f 1227/1227/1227 1226/1226/1226 1228/1228/1228 
f 1229/1229/1229 1230/1230/1230 1231/1231/1231 
f 1231/1231/1231 1230/1230/1230 1232/1232/1232 
f 1233/1233/1233 1234/1234/1234 1235/1235/1235 
f 1235/1235/1235 1234/1234/1234 1236/1236/1236 
f 1237/1237/1237 1238/1238/1238 1239/1239/1239 
f 1239/1239/1239 1238/1238/1238 1240/1240/1240 
f 1241/1241/1241 1242/1242/1242 1243/1243/1243 
f 1243/1243/1243 1242/1242/1242 1244/1244/1244 
f 1245/1245/1245 1246/1246/1246 1247/1247/1247 
f 1247/1247/1247 1246/1246/1246 1248/1248/1248 

g Part52

v -12.6771 3.22419 -19.3463 
v -12.6771 4.42417 -19.3463 
v -12.6771 3.22419 -19.5063 
v -12.6771 4.42417 -19.5063 
v -9.87713 4.42417 -19.3463 
v -12.6771 4.42417 -19.3463 
v -9.87713 3.22419 -19.3463 
v -12.6771 3.22419 -19.3463 
v -12.6771 4.42417 -19.3463 
v -9.87713 4.42417 -19.3463 
v -12.6771 4.42417 -19.5063 
v -9.87713 4.42417 -19.5063 
v -9.87713 4.42417 -19.3463 
v -9.87713 3.22419 -19.3463 
v -9.87713 4.42417 -19.5063 
v -9.87713 3.22419 -19.5063 
v -9.87713 3.22419 -19.5063 
v -12.6771 3.22419 -19.5063 
v -9.87713 4.42417 -19.5063 
v -12.6771 4.42417 -19.5063 
v -9.87713 3.22419 -19.3463 
v -12.6771 3.22419 -19.3463 
v -9.87713 3.22419 -19.5063 
v -12.6771 3.22419 -19.5063 

vn -1 0 0 
vn -1 0 0 
vn -1 0 0 
vn -1 0 0 
vn 0 0 1 
vn 0 0 1 
vn 0 0 1 
vn 0 0 1 
vn 0 1 0 
vn 0 1 0 
vn 0 1 0 
vn 0 1 0 
vn 1 0 0 
vn 1 0 0 
vn 1 0 0 
vn 1 0 0 
vn 0 0 -1 
vn 0 0 -1 
vn 0 0 -1 
vn 0 0 -1 
vn 0 -1 0 
vn 0 -1 0 
vn 0 -1 0 
vn 0 -1 0 

vt 2.4 -4.25 
vt 2.25 -4.25 
vt 2.4 -4.27 
vt 2.25 -4.27 
vt 2.59999 -4.25 
vt 2.25 -4.25 
vt 2.59999 -4.4 
vt 2.25 -4.4 
vt 2.59999 -4.25 
vt 2.25 -4.25 
vt 2.59999 -4.27 
vt 2.25 -4.27 
vt 2.4 -4.25 
vt 2.25 -4.25 
vt 2.4 -4.27 
vt 2.25 -4.27 
vt 2.59999 -4.25 
vt 2.25 -4.25 
vt 2.59999 -4.4 
vt 2.25 -4.4 
vt 2.59999 -4.25 
vt 2.25 -4.25 
vt 2.59999 -4.27 
vt 2.25 -4.27 

usemtl Part1Mtl

f 1249/1249/1249 1250/1250/1250 1251/1251/1251 
f 1251/1251/1251 1250/1250/1250 1252/1252/1252 
f 1253/1253/1253 1254/1254/1254 1255/1255/1255 
f 1255/1255/1255 1254/1254/1254 1256/1256/1256 
f 1257/1257/1257 1258/1258/1258 1259/1259/1259 
f 1259/1259/1259 1258/1258/1258 1260/1260/1260 
f 1261/1261/1261 1262/1262/1262 1263/1263/1263 
f 1263/1263/1263 1262/1262/1262 1264/1264/1264 
f 1265/1265/1265 1266/1266/1266 1267/1267/1267 
f 1267/1267/1267 1266/1266/1266 1268/1268/1268 
f 1269/1269/1269 1270/1270/1270 1271/1271/1271 
f 1271/1271/1271 1270/1270/1270 1272/1272/1272 

g Part53

v -11.6771 3.62418 -19.2687 
v -11.6771 4.02418 -19.2687 
v -11.6771 3.62418 -19.4287 
v -11.6771 4.02418 -19.4287 
v -10.8772 4.02418 -19.2687 
v -11.6771 4.02418 -19.2687 
v -10.8772 3.62418 -19.2687 
v -11.6771 3.62418 -19.2687 
v -11.6771 4.02418 -19.2687 
v -10.8772 4.02418 -19.2687 
v -11.6771 4.02418 -19.4287 
v -10.8772 4.02418 -19.4287 
v -10.8772 4.02418 -19.2687 
v -10.8772 3.62418 -19.2687 
v -10.8772 4.02418 -19.4287 
v -10.8772 3.62418 -19.4287 
v -10.8772 3.62418 -19.4287 
v -11.6771 3.62418 -19.4287 
v -10.8772 4.02418 -19.4287 
v -11.6771 4.02418 -19.4287 
v -10.8772 3.62418 -19.2687 
v -11.6771 3.62418 -19.2687 
v -10.8772 3.62418 -19.4287 
v -11.6771 3.62418 -19.4287 

vn -1 0 0 
vn -1 0 0 
vn -1 0 0 
vn -1 0 0 
vn 0 0 1 
vn 0 0 1 
vn 0 0 1 
vn 0 0 1 
vn 0 1 0 
vn 0 1 0 
vn 0 1 0 
vn 0 1 0 
vn 1 0 0 
vn 1 0 0 
vn 1 0 0 
vn 1 0 0 
vn 0 0 -1 
vn 0 0 -1 
vn 0 0 -1 
vn 0 0 -1 
vn 0 -1 0 
vn 0 -1 0 
vn 0 -1 0 
vn 0 -1 0 

vt 1.55 -6.5 
vt 1.5 -6.5 
vt 1.55 -6.52 
vt 1.5 -6.52 
vt 1.6 -6.5 
vt 1.5 -6.5 
vt 1.6 -6.55 
vt 1.5 -6.55 
vt 1.6 -6.5 
vt 1.5 -6.5 
vt 1.6 -6.52 
vt 1.5 -6.52 
vt 1.55 -6.5 
vt 1.5 -6.5 
vt 1.55 -6.52 
vt 1.5 -6.52 
vt 1.6 -6.5 
vt 1.5 -6.5 
vt 1.6 -6.55 
vt 1.5 -6.55 
vt 1.6 -6.5 
vt 1.5 -6.5 
vt 1.6 -6.52 
vt 1.5 -6.52 

usemtl Part1Mtl

f 1273/1273/1273 1274/1274/1274 1275/1275/1275 
f 1275/1275/1275 1274/1274/1274 1276/1276/1276 
f 1277/1277/1277 1278/1278/1278 1279/1279/1279 
f 1279/1279/1279 1278/1278/1278 1280/1280/1280 
f 1281/1281/1281 1282/1282/1282 1283/1283/1283 
f 1283/1283/1283 1282/1282/1282 1284/1284/1284 
f 1285/1285/1285 1286/1286/1286 1287/1287/1287 
f 1287/1287/1287 1286/1286/1286 1288/1288/1288 
f 1289/1289/1289 1290/1290/1290 1291/1291/1291 
f 1291/1291/1291 1290/1290/1290 1292/1292/1292 
f 1293/1293/1293 1294/1294/1294 1295/1295/1295 
f 1295/1295/1295 1294/1294/1294 1296/1296/1296 

g Part54

v -14.8769 3.62418 -19.2686 
v -14.8769 4.02418 -19.2686 
v -14.8769 3.62418 -19.4286 
v -14.8769 4.02418 -19.4286 
v -14.0769 4.02418 -19.2686 
v -14.8769 4.02418 -19.2686 
v -14.0769 3.62418 -19.2686 
v -14.8769 3.62418 -19.2686 
v -14.8769 4.02418 -19.2686 
v -14.0769 4.02418 -19.2686 
v -14.8769 4.02418 -19.4286 
v -14.0769 4.02418 -19.4286 
v -14.0769 4.02418 -19.2686 
v -14.0769 3.62418 -19.2686 
v -14.0769 4.02418 -19.4286 
v -14.0769 3.62418 -19.4286 
v -14.0769 3.62418 -19.4286 
v -14.8769 3.62418 -19.4286 
v -14.0769 4.02418 -19.4286 
v -14.8769 4.02418 -19.4286 
v -14.0769 3.62418 -19.2686 
v -14.8769 3.62418 -19.2686 
v -14.0769 3.62418 -19.4286 
v -14.8769 3.62418 -19.4286 

vn -1 0 0 
vn -1 0 0 
vn -1 0 0 
vn -1 0 0 
vn 0 0 1 
vn 0 0 1 
vn 0 0 1 
vn 0 0 1 
vn 0 1 0 
vn 0 1 0 
vn 0 1 0 
vn 0 1 0 
vn 1 0 0 
vn 1 0 0 
vn 1 0 0 
vn 1 0 0 
vn 0 0 -1 
vn 0 0 -1 
vn 0 0 -1 
vn 0 0 -1 
vn 0 -1 0 
vn 0 -1 0 
vn 0 -1 0 
vn 0 -1 0 

vt 2.8 -2.75 
vt 2.75 -2.75 
vt 2.8 -2.77 
vt 2.75 -2.77 
vt 2.85 -2.75 
vt 2.75 -2.75 
vt 2.85 -2.8 
vt 2.75 -2.8 
vt 2.85 -2.75 
vt 2.75 -2.75 
vt 2.85 -2.77 
vt 2.75 -2.77 
vt 2.8 -2.75 
vt 2.75 -2.75 
vt 2.8 -2.77 
vt 2.75 -2.77 
vt 2.85 -2.75 
vt 2.75 -2.75 
vt 2.85 -2.8 
vt 2.75 -2.8 
vt 2.85 -2.75 
vt 2.75 -2.75 
vt 2.85 -2.77 
vt 2.75 -2.77 

usemtl Part1Mtl

f 1297/1297/1297 1298/1298/1298 1299/1299/1299 
f 1299/1299/1299 1298/1298/1298 1300/1300/1300 
f 1301/1301/1301 1302/1302/1302 1303/1303/1303 
f 1303/1303/1303 1302/1302/1302 1304/1304/1304 
f 1305/1305/1305 1306/1306/1306 1307/1307/1307 
f 1307/1307/1307 1306/1306/1306 1308/1308/1308 
f 1309/1309/1309 1310/1310/1310 1311/1311/1311 
f 1311/1311/1311 1310/1310/1310 1312/1312/1312 
f 1313/1313/1313 1314/1314/1314 1315/1315/1315 
f 1315/1315/1315 1314/1314/1314 1316/1316/1316 
f 1317/1317/1317 1318/1318/1318 1319/1319/1319 
f 1319/1319/1319 1318/1318/1318 1320/1320/1320 

g Part55

v -15.8771 3.22419 -19.3458 
v -15.8771 4.42417 -19.3458 
v -15.8771 3.22419 -19.5058 
v -15.8771 4.42417 -19.5058 
v -13.0771 4.42417 -19.3458 
v -15.8771 4.42417 -19.3458 
v -13.0771 3.22419 -19.3458 
v -15.8771 3.22419 -19.3458 
v -15.8771 4.42417 -19.3458 
v -13.0771 4.42417 -19.3458 
v -15.8771 4.42417 -19.5058 
v -13.0771 4.42417 -19.5058 
v -13.0771 4.42417 -19.3458 
v -13.0771 3.22419 -19.3458 
v -13.0771 4.42417 -19.5058 
v -13.0771 3.22419 -19.5058 
v -13.0771 3.22419 -19.5058 
v -15.8771 3.22419 -19.5058 
v -13.0771 4.42417 -19.5058 
v -15.8771 4.42417 -19.5058 
v -13.0771 3.22419 -19.3458 
v -15.8771 3.22419 -19.3458 
v -13.0771 3.22419 -19.5058 
v -15.8771 3.22419 -19.5058 

vn -1 0 0 
vn -1 0 0 
vn -1 0 0 
vn -1 0 0 
vn 0 0 1 
vn 0 0 1 
vn 0 0 1 
vn 0 0 1 
vn 0 1 0 
vn 0 1 0 
vn 0 1 0 
vn 0 1 0 
vn 1 0 0 
vn 1 0 0 
vn 1 0 0 
vn 1 0 0 
vn 0 0 -1 
vn 0 0 -1 
vn 0 0 -1 
vn 0 0 -1 
vn 0 -1 0 
vn 0 -1 0 
vn 0 -1 0 
vn 0 -1 0 

vt 5.65 -5 
vt 5.5 -5 
vt 5.65 -5.02 
vt 5.5 -5.02 
vt 5.84999 -5 
vt 5.5 -5 
vt 5.84999 -5.15 
vt 5.5 -5.15 
vt 5.84999 -5 
vt 5.5 -5 
vt 5.84999 -5.02 
vt 5.5 -5.02 
vt 5.65 -5 
vt 5.5 -5 
vt 5.65 -5.02 
vt 5.5 -5.02 
vt 5.84999 -5 
vt 5.5 -5 
vt 5.84999 -5.15 
vt 5.5 -5.15 
vt 5.84999 -5 
vt 5.5 -5 
vt 5.84999 -5.02 
vt 5.5 -5.02 

usemtl Part1Mtl

f 1321/1321/1321 1322/1322/1322 1323/1323/1323 
f 1323/1323/1323 1322/1322/1322 1324/1324/1324 
f 1325/1325/1325 1326/1326/1326 1327/1327/1327 
f 1327/1327/1327 1326/1326/1326 1328/1328/1328 
f 1329/1329/1329 1330/1330/1330 1331/1331/1331 
f 1331/1331/1331 1330/1330/1330 1332/1332/1332 
f 1333/1333/1333 1334/1334/1334 1335/1335/1335 
f 1335/1335/1335 1334/1334/1334 1336/1336/1336 
f 1337/1337/1337 1338/1338/1338 1339/1339/1339 
f 1339/1339/1339 1338/1338/1338 1340/1340/1340 
f 1341/1341/1341 1342/1342/1342 1343/1343/1343 
f 1343/1343/1343 1342/1342/1342 1344/1344/1344 

g Part56

v -3.27734 2.22434 -19.4277 
v -3.27734 2.22434 -22.6116 
v -3.27734 3.02433 -19.4277 
v -3.27734 3.02433 -22.6116 
v -9.67724 2.22434 -22.6116 
v -3.27734 2.22434 -22.6116 
v -9.67724 2.22434 -19.4277 
v -3.27734 2.22434 -19.4277 
v -3.27734 2.22434 -22.6116 
v -9.67724 2.22434 -22.6116 
v -3.27734 3.02433 -22.6116 
v -9.67724 3.02433 -22.6116 
v -9.67724 2.22434 -22.6116 
v -9.67724 2.22434 -19.4277 
v -9.67724 3.02433 -22.6116 
v -9.67724 3.02433 -19.4277 
v -9.67724 3.02433 -19.4277 
v -3.27734 3.02433 -19.4277 
v -9.67724 3.02433 -22.6116 
v -3.27734 3.02433 -22.6116 
v -9.67724 2.22434 -19.4277 
v -3.27734 2.22434 -19.4277 
v -9.67724 3.02433 -19.4277 
v -3.27734 3.02433 -19.4277 

vn 1 0 0 
vn 1 0 0 
vn 1 0 0 
vn 1 0 0 
vn 0 -1 0 
vn 0 -1 0 
vn 0 -1 0 
vn 0 -1 0 
vn 0 0 -1 
vn 0 0 -1 
vn 0 0 -1 
vn 0 0 -1 
vn -1 0 0 
vn -1 0 0 
vn -1 0 0 
vn -1 0 0 
vn 0 1 0 
vn 0 1 0 
vn 0 1 0 
vn 0 1 0 
vn 0 0 1 
vn 0 0 1 
vn 0 0 1 
vn 0 0 1 

vt 6.39799 0.75 
vt 6 0.75 
vt 6.39799 0.650002 
vt 6 0.650002 
vt 6.79999 0.75 
vt 6 0.75 
vt 6.79999 0.352006 
vt 6 0.352006 
vt 6.79999 0.75 
vt 6 0.75 
vt 6.79999 0.650002 
vt 6 0.650002 
vt 6.39799 0.75 
vt 6 0.75 
vt 6.39799 0.650002 
vt 6 0.650002 
vt 6.79999 0.75 
vt 6 0.75 
vt 6.79999 0.352006 
vt 6 0.352006 
vt 6.79999 0.75 
vt 6 0.75 
vt 6.79999 0.650002 
vt 6 0.650002 

usemtl Part1Mtl

f 1345/1345/1345 1346/1346/1346 1347/1347/1347 
f 1347/1347/1347 1346/1346/1346 1348/1348/1348 
f 1349/1349/1349 1350/1350/1350 1351/1351/1351 
f 1351/1351/1351 1350/1350/1350 1352/1352/1352 
f 1353/1353/1353 1354/1354/1354 1355/1355/1355 
f 1355/1355/1355 1354/1354/1354 1356/1356/1356 
f 1357/1357/1357 1358/1358/1358 1359/1359/1359 
f 1359/1359/1359 1358/1358/1358 1360/1360/1360 
f 1361/1361/1361 1362/1362/1362 1363/1363/1363 
f 1363/1363/1363 1362/1362/1362 1364/1364/1364 
f 1365/1365/1365 1366/1366/1366 1367/1367/1367 
f 1367/1367/1367 1366/1366/1366 1368/1368/1368 

g Part57

v -7.75737 13.0642 -19.3317 
v -7.75737 13.7842 -19.3317 
v -7.75737 13.0642 -19.4917 
v -7.75737 13.7842 -19.4917 
v -5.19741 13.7842 -19.3317 
v -7.75737 13.7842 -19.3317 
v -5.19741 13.0642 -19.3317 
v -7.75737 13.0642 -19.3317 
v -7.75737 13.7842 -19.3317 
v -5.19741 13.7842 -19.3317 
v -7.75737 13.7842 -19.4917 
v -5.19741 13.7842 -19.4917 
v -5.19741 13.7842 -19.3317 
v -5.19741 13.0642 -19.3317 
v -5.19741 13.7842 -19.4917 
v -5.19741 13.0642 -19.4917 
v -5.19741 13.0642 -19.4917 
v -7.75737 13.0642 -19.4917 
v -5.19741 13.7842 -19.4917 
v -7.75737 13.7842 -19.4917 
v -5.19741 13.0642 -19.3317 
v -7.75737 13.0642 -19.3317 
v -5.19741 13.0642 -19.4917 
v -7.75737 13.0642 -19.4917 

vn -1 0 0 
vn -1 0 0 
vn -1 0 0 
vn -1 0 0 
vn 0 0 1 
vn 0 0 1 
vn 0 0 1 
vn 0 0 1 
vn 0 1 0 
vn 0 1 0 
vn 0 1 0 
vn 0 1 0 
vn 1 0 0 
vn 1 0 0 
vn 1 0 0 
vn 1 0 0 
vn 0 0 -1 
vn 0 0 -1 
vn 0 0 -1 
vn 0 0 -1 
vn 0 -1 0 
vn 0 -1 0 
vn 0 -1 0 
vn 0 -1 0 

vt 2.84 -2 
vt 2.75 -2 
vt 2.84 -2.02 
vt 2.75 -2.02 
vt 3.06999 -2 
vt 2.75 -2 
vt 3.06999 -2.09 
vt 2.75 -2.09 
vt 3.06999 -2 
vt 2.75 -2 
vt 3.06999 -2.02 
vt 2.75 -2.02 
vt 2.84 -2 
vt 2.75 -2 
vt 2.84 -2.02 
vt 2.75 -2.02 
vt 3.06999 -2 
vt 2.75 -2 
vt 3.06999 -2.09 
vt 2.75 -2.09 
vt 3.06999 -2 
vt 2.75 -2 
vt 3.06999 -2.02 
vt 2.75 -2.02 

usemtl Part1Mtl

f 1369/1369/1369 1370/1370/1370 1371/1371/1371 
f 1371/1371/1371 1370/1370/1370 1372/1372/1372 
f 1373/1373/1373 1374/1374/1374 1375/1375/1375 
f 1375/1375/1375 1374/1374/1374 1376/1376/1376 
f 1377/1377/1377 1378/1378/1378 1379/1379/1379 
f 1379/1379/1379 1378/1378/1378 1380/1380/1380 
f 1381/1381/1381 1382/1382/1382 1383/1383/1383 
f 1383/1383/1383 1382/1382/1382 1384/1384/1384 
f 1385/1385/1385 1386/1386/1386 1387/1387/1387 
f 1387/1387/1387 1386/1386/1386 1388/1388/1388 
f 1389/1389/1389 1390/1390/1390 1391/1391/1391 
f 1391/1391/1391 1390/1390/1390 1392/1392/1392 

g Part58

v -9.67714 12.6234 -19.4118 
v -9.67714 12.6234 -22.6117 
v -9.67714 12.3034 -19.4118 
v -9.67714 12.3034 -22.6117 
v -3.27725 12.6234 -22.6117 
v -9.67714 12.6234 -22.6117 
v -3.27725 12.6234 -19.4118 
v -9.67714 12.6234 -19.4118 
v -9.67714 12.6234 -22.6117 
v -3.27725 12.6234 -22.6117 
v -9.67714 12.3034 -22.6117 
v -3.27725 12.3034 -22.6117 
v -3.27725 12.6234 -22.6117 
v -3.27725 12.6234 -19.4118 
v -3.27725 12.3034 -22.6117 
v -3.27725 12.3034 -19.4118 
v -3.27725 12.3034 -19.4118 
v -9.67714 12.3034 -19.4118 
v -3.27725 12.3034 -22.6117 
v -9.67714 12.3034 -22.6117 
v -3.27725 12.6234 -19.4118 
v -9.67714 12.6234 -19.4118 
v -3.27725 12.3034 -19.4118 
v -9.67714 12.3034 -19.4118 

vn -1 0 0 
vn -1 0 0 
vn -1 0 0 
vn -1 0 0 
vn 0 1 0 
vn 0 1 0 
vn 0 1 0 
vn 0 1 0 
vn 0 0 -1 
vn 0 0 -1 
vn 0 0 -1 
vn 0 0 -1 
vn 1 0 0 
vn 1 0 0 
vn 1 0 0 
vn 1 0 0 
vn 0 -1 0 
vn 0 -1 0 
vn 0 -1 0 
vn 0 -1 0 
vn 0 0 1 
vn 0 0 1 
vn 0 0 1 
vn 0 0 1 

vt 7.14999 -5.5 
vt 6.75 -5.5 
vt 7.14999 -5.54 
vt 6.75 -5.54 
vt 7.54999 -5.5 
vt 6.75 -5.5 
vt 7.54999 -5.89999 
vt 6.75 -5.89999 
vt 7.54999 -5.5 
vt 6.75 -5.5 
vt 7.54999 -5.54 
vt 6.75 -5.54 
vt 7.14999 -5.5 
vt 6.75 -5.5 
vt 7.14999 -5.54 
vt 6.75 -5.54 
vt 7.54999 -5.5 
vt 6.75 -5.5 
vt 7.54999 -5.89999 
vt 6.75 -5.89999 
vt 7.54999 -5.5 
vt 6.75 -5.5 
vt 7.54999 -5.54 
vt 6.75 -5.54 

usemtl Part1Mtl

f 1393/1393/1393 1394/1394/1394 1395/1395/1395 
f 1395/1395/1395 1394/1394/1394 1396/1396/1396 
f 1397/1397/1397 1398/1398/1398 1399/1399/1399 
f 1399/1399/1399 1398/1398/1398 1400/1400/1400 
f 1401/1401/1401 1402/1402/1402 1403/1403/1403 
f 1403/1403/1403 1402/1402/1402 1404/1404/1404 
f 1405/1405/1405 1406/1406/1406 1407/1407/1407 
f 1407/1407/1407 1406/1406/1406 1408/1408/1408 
f 1409/1409/1409 1410/1410/1410 1411/1411/1411 
f 1411/1411/1411 1410/1410/1410 1412/1412/1412 
f 1413/1413/1413 1414/1414/1414 1415/1415/1415 
f 1415/1415/1415 1414/1414/1414 1416/1416/1416 

g Part59

v -3.27725 12.6234 -19.4118 
v -3.27725 12.6234 -22.6117 
v -3.27725 14.2234 -19.4118 
v -3.27725 14.2234 -22.6117 
v -9.67714 12.6234 -22.6117 
v -3.27725 12.6234 -22.6117 
v -9.67714 12.6234 -19.4118 
v -3.27725 12.6234 -19.4118 
v -3.27725 12.6234 -22.6117 
v -9.67714 12.6234 -22.6117 
v -3.27725 14.2234 -22.6117 
v -9.67714 14.2234 -22.6117 
v -9.67714 12.6234 -22.6117 
v -9.67714 12.6234 -19.4118 
v -9.67714 14.2234 -22.6117 
v -9.67714 14.2234 -19.4118 
v -9.67714 14.2234 -19.4118 
v -3.27725 14.2234 -19.4118 
v -9.67714 14.2234 -22.6117 
v -3.27725 14.2234 -22.6117 
v -9.67714 12.6234 -19.4118 
v -3.27725 12.6234 -19.4118 
v -9.67714 14.2234 -19.4118 
v -3.27725 14.2234 -19.4118 

vn 1 0 0 
vn 1 0 0 
vn 1 0 0 
vn 1 0 0 
vn 0 -1 0 
vn 0 -1 0 
vn 0 -1 0 
vn 0 -1 0 
vn 0 0 -1 
vn 0 0 -1 
vn 0 0 -1 
vn 0 0 -1 
vn -1 0 0 
vn -1 0 0 
vn -1 0 0 
vn -1 0 0 
vn 0 1 0 
vn 0 1 0 
vn 0 1 0 
vn 0 1 0 
vn 0 0 1 
vn 0 0 1 
vn 0 0 1 
vn 0 0 1 

vt 2.39999 -1.25 
vt 2 -1.25 
vt 2.39999 -1.45 
vt 2 -1.45 
vt 2.79999 -1.25 
vt 2 -1.25 
vt 2.79999 -1.64999 
vt 2 -1.64999 
vt 2.79999 -1.25 
vt 2 -1.25 
vt 2.79999 -1.45 
vt 2 -1.45 
vt 2.39999 -1.25 
vt 2 -1.25 
vt 2.39999 -1.45 
vt 2 -1.45 
vt 2.79999 -1.25 
vt 2 -1.25 
vt 2.79999 -1.64999 
vt 2 -1.64999 
vt 2.79999 -1.25 
vt 2 -1.25 
vt 2.79999 -1.45 
vt 2 -1.45 

usemtl Part1Mtl

f 1417/1417/1417 1418/1418/1418 1419/1419/1419 
f 1419/1419/1419 1418/1418/1418 1420/1420/1420 
f 1421/1421/1421 1422/1422/1422 1423/1423/1423 
f 1423/1423/1423 1422/1422/1422 1424/1424/1424 
f 1425/1425/1425 1426/1426/1426 1427/1427/1427 
f 1427/1427/1427 1426/1426/1426 1428/1428/1428 
f 1429/1429/1429 1430/1430/1430 1431/1431/1431 
f 1431/1431/1431 1430/1430/1430 1432/1432/1432 
f 1433/1433/1433 1434/1434/1434 1435/1435/1435 
f 1435/1435/1435 1434/1434/1434 1436/1436/1436 
f 1437/1437/1437 1438/1438/1438 1439/1439/1439 
f 1439/1439/1439 1438/1438/1438 1440/1440/1440 

g Part60

v -3.27688 12.6242 -19.4118 
v -3.27688 12.6242 -22.6118 
v -3.59687 12.6242 -19.4118 
v -3.59687 12.6242 -22.6118 
v -3.27688 4.62429 -22.6118 
v -3.27688 12.6242 -22.6118 
v -3.27688 4.62429 -19.4118 
v -3.27688 12.6242 -19.4118 
v -3.27688 12.6242 -22.6118 
v -3.27688 4.62429 -22.6118 
v -3.59687 12.6242 -22.6118 
v -3.59687 4.62429 -22.6118 
v -3.27688 4.62429 -22.6118 
v -3.27688 4.62429 -19.4118 
v -3.59687 4.62429 -22.6118 
v -3.59687 4.62429 -19.4118 
v -3.59687 4.62429 -19.4118 
v -3.59687 12.6242 -19.4118 
v -3.59687 4.62429 -22.6118 
v -3.59687 12.6242 -22.6118 
v -3.27688 4.62429 -19.4118 
v -3.27688 12.6242 -19.4118 
v -3.59687 4.62429 -19.4118 
v -3.59687 12.6242 -19.4118 

vn 0 1 0 
vn 0 1 0 
vn 0 1 0 
vn 0 1 0 
vn 1 0 0 
vn 1 0 0 
vn 1 0 0 
vn 1 0 0 
vn 0 0 -1 
vn 0 0 -1 
vn 0 0 -1 
vn 0 0 -1 
vn 0 -1 0 
vn 0 -1 0 
vn 0 -1 0 
vn 0 -1 0 
vn -1 0 0 
vn -1 0 0 
vn -1 0 0 
vn -1 0 0 
vn 0 0 1 
vn 0 0 1 
vn 0 0 1 
vn 0 0 1 

vt 3.39999 -3.25 
vt 3 -3.25 
vt 3.39999 -3.29 
vt 3 -3.29 
vt 3.99998 -3.25 
vt 3 -3.25 
vt 3.99998 -3.64999 
vt 3 -3.64999 
vt 3.99998 -3.25 
vt 3 -3.25 
vt 3.99998 -3.29 
vt 3 -3.29 
vt 3.39999 -3.25 
vt 3 -3.25 
vt 3.39999 -3.29 
vt 3 -3.29 
vt 3.99998 -3.25 
vt 3 -3.25 
vt 3.99998 -3.64999 
vt 3 -3.64999 
vt 3.99998 -3.25 
vt 3 -3.25 
vt 3.99998 -3.29 
vt 3 -3.29 

usemtl Part1Mtl

f 1441/1441/1441 1442/1442/1442 1443/1443/1443 
f 1443/1443/1443 1442/1442/1442 1444/1444/1444 
f 1445/1445/1445 1446/1446/1446 1447/1447/1447 
f 1447/1447/1447 1446/1446/1446 1448/1448/1448 
f 1449/1449/1449 1450/1450/1450 1451/1451/1451 
f 1451/1451/1451 1450/1450/1450 1452/1452/1452 
f 1453/1453/1453 1454/1454/1454 1455/1455/1455 
f 1455/1455/1455 1454/1454/1454 1456/1456/1456 
f 1457/1457/1457 1458/1458/1458 1459/1459/1459 
f 1459/1459/1459 1458/1458/1458 1460/1460/1460 
f 1461/1461/1461 1462/1462/1462 1463/1463/1463 
f 1463/1463/1463 1462/1462/1462 1464/1464/1464 

g Part61

v -3.277 12.6242 -22.6126 
v -9.6769 12.6242 -22.6125 
v -3.277 12.6242 -22.2926 
v -9.6769 12.6242 -22.2925 
v -9.6769 4.62429 -22.6125 
v -9.6769 12.6242 -22.6125 
v -3.277 4.62429 -22.6126 
v -3.277 12.6242 -22.6126 
v -9.6769 12.6242 -22.6125 
v -9.6769 4.62429 -22.6125 
v -9.6769 12.6242 -22.2925 
v -9.6769 4.62429 -22.2925 
v -9.6769 4.62429 -22.6125 
v -3.277 4.62429 -22.6126 
v -9.6769 4.62429 -22.2925 
v -3.277 4.62429 -22.2926 
v -3.277 4.62429 -22.2926 
v -3.277 12.6242 -22.2926 
v -9.6769 4.62429 -22.2925 
v -9.6769 12.6242 -22.2925 
v -3.277 4.62429 -22.6126 
v -3.277 12.6242 -22.6126 
v -3.277 4.62429 -22.2926 
v -3.277 12.6242 -22.2926 

vn 0 1 0 
vn 0 1 0 
vn 0 1 0 
vn 0 1 0 
vn 0 0 -1 
vn 0 0 -1 
vn 0 0 -1 
vn 0 0 -1 
vn -1 0 0 
vn -1 0 0 
vn -1 0 0 
vn -1 0 0 
vn 0 -1 0 
vn 0 -1 0 
vn 0 -1 0 
vn 0 -1 0 
vn 0 0 1 
vn 0 0 1 
vn 0 0 1 
vn 0 0 1 
vn 1 0 0 
vn 1 0 0 
vn 1 0 0 
vn 1 0 0 

vt 8.04999 -4 
vt 7.25 -4 
vt 8.04999 -4.04 
vt 7.25 -4.04 
vt 8.24998 -4 
vt 7.25 -4 
vt 8.24998 -4.79999 
vt 7.25 -4.79999 
vt 8.24998 -4 
vt 7.25 -4 
vt 8.24998 -4.04 
vt 7.25 -4.04 
vt 8.04999 -4 
vt 7.25 -4 
vt 8.04999 -4.04 
vt 7.25 -4.04 
vt 8.24998 -4 
vt 7.25 -4 
vt 8.24998 -4.79999 
vt 7.25 -4.79999 
vt 8.24998 -4 
vt 7.25 -4 
vt 8.24998 -4.04 
vt 7.25 -4.04 

usemtl Part1Mtl

f 1465/1465/1465 1466/1466/1466 1467/1467/1467 
f 1467/1467/1467 1466/1466/1466 1468/1468/1468 
f 1469/1469/1469 1470/1470/1470 1471/1471/1471 
f 1471/1471/1471 1470/1470/1470 1472/1472/1472 
f 1473/1473/1473 1474/1474/1474 1475/1475/1475 
f 1475/1475/1475 1474/1474/1474 1476/1476/1476 
f 1477/1477/1477 1478/1478/1478 1479/1479/1479 
f 1479/1479/1479 1478/1478/1478 1480/1480/1480 
f 1481/1481/1481 1482/1482/1482 1483/1483/1483 
f 1483/1483/1483 1482/1482/1482 1484/1484/1484 
f 1485/1485/1485 1486/1486/1486 1487/1487/1487 
f 1487/1487/1487 1486/1486/1486 1488/1488/1488 

g Part62

v -3.27725 3.02419 -19.4268 
v -3.27725 3.02419 -22.6028 
v -3.27725 4.62417 -19.4268 
v -3.27725 4.62417 -22.6028 
v -9.67714 3.02419 -22.6028 
v -3.27725 3.02419 -22.6028 
v -9.67714 3.02419 -19.4268 
v -3.27725 3.02419 -19.4268 
v -3.27725 3.02419 -22.6028 
v -9.67714 3.02419 -22.6028 
v -3.27725 4.62417 -22.6028 
v -9.67714 4.62417 -22.6028 
v -9.67714 3.02419 -22.6028 
v -9.67714 3.02419 -19.4268 
v -9.67714 4.62417 -22.6028 
v -9.67714 4.62417 -19.4268 
v -9.67714 4.62417 -19.4268 
v -3.27725 4.62417 -19.4268 
v -9.67714 4.62417 -22.6028 
v -3.27725 4.62417 -22.6028 
v -9.67714 3.02419 -19.4268 
v -3.27725 3.02419 -19.4268 
v -9.67714 4.62417 -19.4268 
v -3.27725 4.62417 -19.4268 

vn 1 0 0 
vn 1 0 0 
vn 1 0 0 
vn 1 0 0 
vn 0 -1 0 
vn 0 -1 0 
vn 0 -1 0 
vn 0 -1 0 
vn 0 0 -1 
vn 0 0 -1 
vn 0 0 -1 
vn 0 0 -1 
vn -1 0 0 
vn -1 0 0 
vn -1 0 0 
vn -1 0 0 
vn 0 1 0 
vn 0 1 0 
vn 0 1 0 
vn 0 1 0 
vn 0 0 1 
vn 0 0 1 
vn 0 0 1 
vn 0 0 1 

vt 1.14699 -3.5 
vt 0.75 -3.5 
vt 1.14699 -3.7 
vt 0.75 -3.7 
vt 1.54999 -3.5 
vt 0.75 -3.5 
vt 1.54999 -3.89699 
vt 0.75 -3.89699 
vt 1.54999 -3.5 
vt 0.75 -3.5 
vt 1.54999 -3.7 
vt 0.75 -3.7 
vt 1.14699 -3.5 
vt 0.75 -3.5 
vt 1.14699 -3.7 
vt 0.75 -3.7 
vt 1.54999 -3.5 
vt 0.75 -3.5 
vt 1.54999 -3.89699 
vt 0.75 -3.89699 
vt 1.54999 -3.5 
vt 0.75 -3.5 
vt 1.54999 -3.7 
vt 0.75 -3.7 

usemtl Part1Mtl

f 1489/1489/1489 1490/1490/1490 1491/1491/1491 
f 1491/1491/1491 1490/1490/1490 1492/1492/1492 
f 1493/1493/1493 1494/1494/1494 1495/1495/1495 
f 1495/1495/1495 1494/1494/1494 1496/1496/1496 
f 1497/1497/1497 1498/1498/1498 1499/1499/1499 
f 1499/1499/1499 1498/1498/1498 1500/1500/1500 
f 1501/1501/1501 1502/1502/1502 1503/1503/1503 
f 1503/1503/1503 1502/1502/1502 1504/1504/1504 
f 1505/1505/1505 1506/1506/1506 1507/1507/1507 
f 1507/1507/1507 1506/1506/1506 1508/1508/1508 
f 1509/1509/1509 1510/1510/1510 1511/1511/1511 
f 1511/1511/1511 1510/1510/1510 1512/1512/1512 

g Part63

v -6.2771 3.22419 -19.3462 
v -6.2771 4.42417 -19.3462 
v -6.2771 3.22419 -19.5062 
v -6.2771 4.42417 -19.5062 
v -3.47715 4.42417 -19.3462 
v -6.2771 4.42417 -19.3462 
v -3.47715 3.22419 -19.3462 
v -6.2771 3.22419 -19.3462 
v -6.2771 4.42417 -19.3462 
v -3.47715 4.42417 -19.3462 
v -6.2771 4.42417 -19.5062 
v -3.47715 4.42417 -19.5062 
v -3.47715 4.42417 -19.3462 
v -3.47715 3.22419 -19.3462 
v -3.47715 4.42417 -19.5062 
v -3.47715 3.22419 -19.5062 
v -3.47715 3.22419 -19.5062 
v -6.2771 3.22419 -19.5062 
v -3.47715 4.42417 -19.5062 
v -6.2771 4.42417 -19.5062 
v -3.47715 3.22419 -19.3462 
v -6.2771 3.22419 -19.3462 
v -3.47715 3.22419 -19.5062 
v -6.2771 3.22419 -19.5062 

vn -1 0 0 
vn -1 0 0 
vn -1 0 0 
vn -1 0 0 
vn 0 0 1 
vn 0 0 1 
vn 0 0 1 
vn 0 0 1 
vn 0 1 0 
vn 0 1 0 
vn 0 1 0 
vn 0 1 0 
vn 1 0 0 
vn 1 0 0 
vn 1 0 0 
vn 1 0 0 
vn 0 0 -1 
vn 0 0 -1 
vn 0 0 -1 
vn 0 0 -1 
vn 0 -1 0 
vn 0 -1 0 
vn 0 -1 0 
vn 0 -1 0 

vt 1.65 -5.25 
vt 1.5 -5.25 
vt 1.65 -5.27 
vt 1.5 -5.27 
vt 1.84999 -5.25 
vt 1.5 -5.25 
vt 1.84999 -5.4 
vt 1.5 -5.4 
vt 1.84999 -5.25 
vt 1.5 -5.25 
vt 1.84999 -5.27 
vt 1.5 -5.27 
vt 1.65 -5.25 
vt 1.5 -5.25 
vt 1.65 -5.27 
vt 1.5 -5.27 
vt 1.84999 -5.25 
vt 1.5 -5.25 
vt 1.84999 -5.4 
vt 1.5 -5.4 
vt 1.84999 -5.25 
vt 1.5 -5.25 
vt 1.84999 -5.27 
vt 1.5 -5.27 

usemtl Part1Mtl

f 1513/1513/1513 1514/1514/1514 1515/1515/1515 
f 1515/1515/1515 1514/1514/1514 1516/1516/1516 
f 1517/1517/1517 1518/1518/1518 1519/1519/1519 
f 1519/1519/1519 1518/1518/1518 1520/1520/1520 
f 1521/1521/1521 1522/1522/1522 1523/1523/1523 
f 1523/1523/1523 1522/1522/1522 1524/1524/1524 
f 1525/1525/1525 1526/1526/1526 1527/1527/1527 
f 1527/1527/1527 1526/1526/1526 1528/1528/1528 
f 1529/1529/1529 1530/1530/1530 1531/1531/1531 
f 1531/1531/1531 1530/1530/1530 1532/1532/1532 
f 1533/1533/1533 1534/1534/1534 1535/1535/1535 
f 1535/1535/1535 1534/1534/1534 1536/1536/1536 

g Part64

v -5.27727 3.62418 -19.2686 
v -5.27727 4.02418 -19.2686 
v -5.27727 3.62418 -19.4286 
v -5.27727 4.02418 -19.4286 
v -4.47728 4.02418 -19.2686 
v -5.27727 4.02418 -19.2686 
v -4.47728 3.62418 -19.2686 
v -5.27727 3.62418 -19.2686 
v -5.27727 4.02418 -19.2686 
v -4.47728 4.02418 -19.2686 
v -5.27727 4.02418 -19.4286 
v -4.47728 4.02418 -19.4286 
v -4.47728 4.02418 -19.2686 
v -4.47728 3.62418 -19.2686 
v -4.47728 4.02418 -19.4286 
v -4.47728 3.62418 -19.4286 
v -4.47728 3.62418 -19.4286 
v -5.27727 3.62418 -19.4286 
v -4.47728 4.02418 -19.4286 
v -5.27727 4.02418 -19.4286 
v -4.47728 3.62418 -19.2686 
v -5.27727 3.62418 -19.2686 
v -4.47728 3.62418 -19.4286 
v -5.27727 3.62418 -19.4286 

vn -1 0 0 
vn -1 0 0 
vn -1 0 0 
vn -1 0 0 
vn 0 0 1 
vn 0 0 1 
vn 0 0 1 
vn 0 0 1 
vn 0 1 0 
vn 0 1 0 
vn 0 1 0 
vn 0 1 0 
vn 1 0 0 
vn 1 0 0 
vn 1 0 0 
vn 1 0 0 
vn 0 0 -1 
vn 0 0 -1 
vn 0 0 -1 
vn 0 0 -1 
vn 0 -1 0 
vn 0 -1 0 
vn 0 -1 0 
vn 0 -1 0 

vt 3.3 -6.25 
vt 3.25 -6.25 
vt 3.3 -6.27 
vt 3.25 -6.27 
vt 3.35 -6.25 
vt 3.25 -6.25 
vt 3.35 -6.3 
vt 3.25 -6.3 
vt 3.35 -6.25 
vt 3.25 -6.25 
vt 3.35 -6.27 
vt 3.25 -6.27 
vt 3.3 -6.25 
vt 3.25 -6.25 
vt 3.3 -6.27 
vt 3.25 -6.27 
vt 3.35 -6.25 
vt 3.25 -6.25 
vt 3.35 -6.3 
vt 3.25 -6.3 
vt 3.35 -6.25 
vt 3.25 -6.25 
vt 3.35 -6.27 
vt 3.25 -6.27 

usemtl Part1Mtl

f 1537/1537/1537 1538/1538/1538 1539/1539/1539 
f 1539/1539/1539 1538/1538/1538 1540/1540/1540 
f 1541/1541/1541 1542/1542/1542 1543/1543/1543 
f 1543/1543/1543 1542/1542/1542 1544/1544/1544 
f 1545/1545/1545 1546/1546/1546 1547/1547/1547 
f 1547/1547/1547 1546/1546/1546 1548/1548/1548 
f 1549/1549/1549 1550/1550/1550 1551/1551/1551 
f 1551/1551/1551 1550/1550/1550 1552/1552/1552 
f 1553/1553/1553 1554/1554/1554 1555/1555/1555 
f 1555/1555/1555 1554/1554/1554 1556/1556/1556 
f 1557/1557/1557 1558/1558/1558 1559/1559/1559 
f 1559/1559/1559 1558/1558/1558 1560/1560/1560 

g Part65

v -8.47711 3.62418 -19.2686 
v -8.47711 4.02418 -19.2686 
v -8.47711 3.62418 -19.4286 
v -8.47711 4.02418 -19.4286 
v -7.67712 4.02418 -19.2686 
v -8.47711 4.02418 -19.2686 
v -7.67712 3.62418 -19.2686 
v -8.47711 3.62418 -19.2686 
v -8.47711 4.02418 -19.2686 
v -7.67712 4.02418 -19.2686 
v -8.47711 4.02418 -19.4286 
v -7.67712 4.02418 -19.4286 
v -7.67712 4.02418 -19.2686 
v -7.67712 3.62418 -19.2686 
v -7.67712 4.02418 -19.4286 
v -7.67712 3.62418 -19.4286 
v -7.67712 3.62418 -19.4286 
v -8.47711 3.62418 -19.4286 
v -7.67712 4.02418 -19.4286 
v -8.47711 4.02418 -19.4286 
v -7.67712 3.62418 -19.2686 
v -8.47711 3.62418 -19.2686 
v -7.67712 3.62418 -19.4286 
v -8.47711 3.62418 -19.4286 

vn -1 0 0 
vn -1 0 0 
vn -1 0 0 
vn -1 0 0 
vn 0 0 1 
vn 0 0 1 
vn 0 0 1 
vn 0 0 1 
vn 0 1 0 
vn 0 1 0 
vn 0 1 0 
vn 0 1 0 
vn 1 0 0 
vn 1 0 0 
vn 1 0 0 
vn 1 0 0 
vn 0 0 -1 
vn 0 0 -1 
vn 0 0 -1 
vn 0 0 -1 
vn 0 -1 0 
vn 0 -1 0 
vn 0 -1 0 
vn 0 -1 0 

vt 0.799999 -3.75 
vt 0.75 -3.75 
vt 0.799999 -3.77 
vt 0.75 -3.77 
vt 0.849998 -3.75 
vt 0.75 -3.75 
vt 0.849998 -3.8 
vt 0.75 -3.8 
vt 0.849998 -3.75 
vt 0.75 -3.75 
vt 0.849998 -3.77 
vt 0.75 -3.77 
vt 0.799999 -3.75 
vt 0.75 -3.75 
vt 0.799999 -3.77 
vt 0.75 -3.77 
vt 0.849998 -3.75 
vt 0.75 -3.75 
vt 0.849998 -3.8 
vt 0.75 -3.8 
vt 0.849998 -3.75 
vt 0.75 -3.75 
vt 0.849998 -3.77 
vt 0.75 -3.77 

usemtl Part1Mtl

f 1561/1561/1561 1562/1562/1562 1563/1563/1563 
f 1563/1563/1563 1562/1562/1562 1564/1564/1564 
f 1565/1565/1565 1566/1566/1566 1567/1567/1567 
f 1567/1567/1567 1566/1566/1566 1568/1568/1568 
f 1569/1569/1569 1570/1570/1570 1571/1571/1571 
f 1571/1571/1571 1570/1570/1570 1572/1572/1572 
f 1573/1573/1573 1574/1574/1574 1575/1575/1575 
f 1575/1575/1575 1574/1574/1574 1576/1576/1576 
f 1577/1577/1577 1578/1578/1578 1579/1579/1579 
f 1579/1579/1579 1578/1578/1578 1580/1580/1580 
f 1581/1581/1581 1582/1582/1582 1583/1583/1583 
f 1583/1583/1583 1582/1582/1582 1584/1584/1584 

g Part66

v -9.47729 3.22419 -19.3457 
v -9.47729 4.42417 -19.3457 
v -9.47729 3.22419 -19.5057 
v -9.47729 4.42417 -19.5057 
v -6.67733 4.42417 -19.3457 
v -9.47729 4.42417 -19.3457 
v -6.67733 3.22419 -19.3457 
v -9.47729 3.22419 -19.3457 
v -9.47729 4.42417 -19.3457 
v -6.67733 4.42417 -19.3457 
v -9.47729 4.42417 -19.5057 
v -6.67733 4.42417 -19.5057 
v -6.67733 4.42417 -19.3457 
v -6.67733 3.22419 -19.3457 
v -6.67733 4.42417 -19.5057 
v -6.67733 3.22419 -19.5057 
v -6.67733 3.22419 -19.5057 
v -9.47729 3.22419 -19.5057 
v -6.67733 4.42417 -19.5057 
v -9.47729 4.42417 -19.5057 
v -6.67733 3.22419 -19.3457 
v -9.47729 3.22419 -19.3457 
v -6.67733 3.22419 -19.5057 
v -9.47729 3.22419 -19.5057 

vn -1 0 0 
vn -1 0 0 
vn -1 0 0 
vn -1 0 0 
vn 0 0 1 
vn 0 0 1 
vn 0 0 1 
vn 0 0 1 
vn 0 1 0 
vn 0 1 0 
vn 0 1 0 
vn 0 1 0 
vn 1 0 0 
vn 1 0 0 
vn 1 0 0 
vn 1 0 0 
vn 0 0 -1 
vn 0 0 -1 
vn 0 0 -1 
vn 0 0 -1 
vn 0 -1 0 
vn 0 -1 0 
vn 0 -1 0 
vn 0 -1 0 

vt 3.15 -2.5 
vt 3 -2.5 
vt 3.15 -2.52 
vt 3 -2.52 
vt 3.34999 -2.5 
vt 3 -2.5 
vt 3.34999 -2.65 
vt 3 -2.65 
vt 3.34999 -2.5 
vt 3 -2.5 
vt 3.34999 -2.52 
vt 3 -2.52 
vt 3.15 -2.5 
vt 3 -2.5 
vt 3.15 -2.52 
vt 3 -2.52 
vt 3.34999 -2.5 
vt 3 -2.5 
vt 3.34999 -2.65 
vt 3 -2.65 
vt 3.34999 -2.5 
vt 3 -2.5 
vt 3.34999 -2.52 
vt 3 -2.52 

usemtl Part1Mtl

f 1585/1585/1585 1586/1586/1586 1587/1587/1587 
f 1587/1587/1587 1586/1586/1586 1588/1588/1588 
f 1589/1589/1589 1590/1590/1590 1591/1591/1591 
f 1591/1591/1591 1590/1590/1590 1592/1592/1592 
f 1593/1593/1593 1594/1594/1594 1595/1595/1595 
f 1595/1595/1595 1594/1594/1594 1596/1596/1596 
f 1597/1597/1597 1598/1598/1598 1599/1599/1599 
f 1599/1599/1599 1598/1598/1598 1600/1600/1600 
f 1601/1601/1601 1602/1602/1602 1603/1603/1603 
f 1603/1603/1603 1602/1602/1602 1604/1604/1604 
f 1605/1605/1605 1606/1606/1606 1607/1607/1607 
f 1607/1607/1607 1606/1606/1606 1608/1608/1608 

g Part67

v -33.6775 17.2243 8.74167 
v -33.6775 17.2243 29 
v -33.6775 13.59 8.74167 
v -33.6775 13.59 29 
v -34.7369 17.2243 29 
v -33.6775 17.2243 29 
v -34.7369 17.2243 8.74167 
v -33.6775 17.2243 8.74167 
v -33.6775 17.2243 29 
v -34.7369 17.2243 29 
v -33.6775 13.59 29 
v -34.7369 13.59 29 
v -34.7369 17.2243 29 
v -34.7369 17.2243 8.74167 
v -34.7369 13.59 29 
v -34.7369 13.59 8.74167 
v -34.7369 13.59 8.74167 
v -33.6775 13.59 8.74167 
v -34.7369 13.59 29 
v -33.6775 13.59 29 
v -34.7369 17.2243 8.74167 
v -33.6775 17.2243 8.74167 
v -34.7369 13.59 8.74167 
v -33.6775 13.59 8.74167 

vn 1 0 0 
vn 1 0 0 
vn 1 0 0 
vn 1 0 0 
vn 0 1 0 
vn 0 1 0 
vn 0 1 0 
vn 0 1 0 
vn 0 0 1 
vn 0 0 1 
vn 0 0 1 
vn 0 0 1 
vn -1 0 0 
vn -1 0 0 
vn -1 0 0 
vn -1 0 0 
vn 0 -1 0 
vn 0 -1 0 
vn 0 -1 0 
vn 0 -1 0 
vn 0 0 -1 
vn 0 0 -1 
vn 0 0 -1 
vn 0 0 -1 

vt 3.28229 -3.25 
vt 0.75 -3.25 
vt 3.28229 -3.70428 
vt 0.75 -3.70428 
vt 0.882419 -3.25 
vt 0.75 -3.25 
vt 0.882419 -5.78229 
vt 0.75 -5.78229 
vt 0.882419 -3.25 
vt 0.75 -3.25 
vt 0.882419 -3.70428 
vt 0.75 -3.70428 
vt 3.28229 -3.25 
vt 0.75 -3.25 
vt 3.28229 -3.70428 
vt 0.75 -3.70428 
vt 0.882419 -3.25 
vt 0.75 -3.25 
vt 0.882419 -5.78229 
vt 0.75 -5.78229 
vt 0.882419 -3.25 
vt 0.75 -3.25 
vt 0.882419 -3.70428 
vt 0.75 -3.70428 

usemtl Part67Mtl

f 1609/1609/1609 1610/1610/1610 1611/1611/1611 
f 1611/1611/1611 1610/1610/1610 1612/1612/1612 
f 1613/1613/1613 1614/1614/1614 1615/1615/1615 
f 1615/1615/1615 1614/1614/1614 1616/1616/1616 
f 1617/1617/1617 1618/1618/1618 1619/1619/1619 
f 1619/1619/1619 1618/1618/1618 1620/1620/1620 
f 1621/1621/1621 1622/1622/1622 1623/1623/1623 
f 1623/1623/1623 1622/1622/1622 1624/1624/1624 
f 1625/1625/1625 1626/1626/1626 1627/1627/1627 
f 1627/1627/1627 1626/1626/1626 1628/1628/1628 
f 1629/1629/1629 1630/1630/1630 1631/1631/1631 
f 1631/1631/1631 1630/1630/1630 1632/1632/1632 

g Part68

v 6.28633 4.73778 41.8032 
v 6.52781 4.73779 41.8679 
v 6.53581 4.73779 41.8193 
v 6.53126 4.73779 41.7531 
v 6.50284 4.73778 41.6782 
v 6.4522 4.73778 41.6162 
v 6.39714 4.73778 41.5791 
v 6.35104 4.73777 41.5618 
v 6.35104 4.73777 41.5618 
v 6.30243 4.73777 41.5538 
v 6.23622 4.73777 41.5583 
v 6.16134 4.73777 41.5867 
v 6.09929 4.73777 41.6374 
v 6.06223 4.73777 41.6924 
v 6.04485 4.73777 41.7385 
v 6.04485 4.73777 41.7385 
v 6.03685 4.73777 41.7871 
v 6.04141 4.73777 41.8533 
v 6.06982 4.73777 41.9282 
v 6.12046 4.73778 41.9903 
v 6.17552 4.73778 42.0273 
v 6.22162 4.73778 42.0447 
v 6.22162 4.73778 42.0447 
v 6.27024 4.73779 42.0527 
v 6.33645 4.73779 42.0482 
v 6.41133 4.73779 42.0197 
v 6.47338 4.73779 41.9691 
v 6.51043 4.73779 41.914 
v 6.52781 4.73779 41.8679 
v 6.22151 7.53778 42.0446 
v 6.22162 4.73778 42.0447 
v 6.27012 7.53779 42.0526 
v 6.27024 4.73779 42.0527 
v 6.33633 7.53779 42.0481 
v 6.33645 4.73779 42.0482 
v 6.41121 7.53779 42.0196 
v 6.41133 4.73779 42.0197 
v 6.47326 7.53779 41.969 
v 6.47338 4.73779 41.9691 
v 6.51031 7.53779 41.9139 
v 6.51043 4.73779 41.914 
v 6.52769 7.53779 41.8678 
v 6.52781 4.73779 41.8679 
v 6.22162 4.73778 42.0447 
v 6.22151 7.53778 42.0446 
v 6.17552 4.73778 42.0273 
v 6.1754 7.53778 42.0272 
v 6.12046 4.73778 41.9903 
v 6.12034 7.53778 41.9902 
v 6.06982 4.73777 41.9282 
v 6.06971 7.53777 41.9281 
v 6.04141 4.73777 41.8533 
v 6.04129 7.53777 41.8533 
v 6.03685 4.73777 41.7871 
v 6.03673 7.53777 41.787 
v 6.04485 4.73777 41.7385 
v 6.04473 7.53777 41.7384 
v 6.28621 7.53778 41.8031 
v 6.22151 7.53778 42.0446 
v 6.1754 7.53778 42.0272 
v 6.12034 7.53778 41.9902 
v 6.06971 7.53777 41.9281 
v 6.04129 7.53777 41.8533 
v 6.03673 7.53777 41.787 
v 6.04473 7.53777 41.7384 
v 6.04473 7.53777 41.7384 
v 6.06211 7.53777 41.6923 
v 6.09917 7.53777 41.6373 
v 6.16122 7.53777 41.5866 
v 6.2361 7.53777 41.5582 
v 6.30231 7.53777 41.5537 
v 6.35092 7.53777 41.5617 
v 6.35092 7.53777 41.5617 
v 6.39703 7.53778 41.579 
v 6.45209 7.53778 41.6161 
v 6.50272 7.53778 41.6781 
v 6.53114 7.53779 41.753 
v 6.5357 7.53779 41.8192 
v 6.52769 7.53779 41.8678 
v 6.52769 7.53779 41.8678 
v 6.51031 7.53779 41.9139 
v 6.47326 7.53779 41.969 
v 6.41121 7.53779 42.0196 
v 6.33633 7.53779 42.0481 
v 6.27012 7.53779 42.0526 
v 6.22151 7.53778 42.0446 
v 6.35092 7.53777 41.5617 
v 6.35104 4.73777 41.5618 
v 6.30231 7.53777 41.5537 
v 6.30243 4.73777 41.5538 
v 6.2361 7.53777 41.5582 
v 6.23622 4.73777 41.5583 
v 6.16122 7.53777 41.5866 
v 6.16134 4.73777 41.5867 
v 6.09917 7.53777 41.6373 
v 6.09929 4.73777 41.6374 
v 6.06211 7.53777 41.6923 
v 6.06223 4.73777 41.6924 
v 6.04473 7.53777 41.7384 
v 6.04485 4.73777 41.7385 
v 6.52769 7.53779 41.8678 
v 6.52781 4.73779 41.8679 
v 6.5357 7.53779 41.8192 
v 6.53581 4.73779 41.8193 
v 6.53114 7.53779 41.753 
v 6.53126 4.73779 41.7531 
v 6.50272 7.53778 41.6781 
v 6.50284 4.73778 41.6782 
v 6.45209 7.53778 41.6161 
v 6.4522 4.73778 41.6162 
v 6.39703 7.53778 41.579 
v 6.39714 4.73778 41.5791 
v 6.35092 7.53777 41.5617 
v 6.35104 4.73777 41.5618 

vn 0 -1 0 
vn 0 -1 0 
vn 0 -1 0 
vn 0 -1 0 
vn 0 -1 0 
vn 0 -1 0 
vn 0 -1 0 
vn 0 -1 0 
vn 0 -1 0 
vn 0 -1 0 
vn 0 -1 0 
vn 0 -1 0 
vn 0 -1 0 
vn 0 -1 0 
vn 0 -1 0 
vn 0 -1 0 
vn 0 -1 0 
vn 0 -1 0 
vn 0 -1 0 
vn 0 -1 0 
vn 0 -1 0 
vn 0 -1 0 
vn 0 -1 0 
vn 0 -1 0 
vn 0 -1 0 
vn 0 -1 0 
vn 0 -1 0 
vn 0 -1 0 
vn 0 -1 0 
vn -0.259843 0 0.968504 
vn -0.259843 0 0.968504 
vn -0.0629921 0 1 
vn -0.0629921 0 1 
vn 0.19685 0 0.976378 
vn 0.19685 0 0.976378 
vn 0.496063 0 0.866142 
vn 0.496063 0 0.866142 
vn 0.748031 0 0.661417 
vn 0.748031 0 0.661417 
vn 0.897638 0 0.440945 
vn 0.897638 0 0.440945 
vn 0.968504 0 0.259843 
vn 0.968504 0 0.259843 
vn -0.259843 0 0.968504 
vn -0.259843 0 0.968504 
vn -0.440945 0 0.897638 
vn -0.440945 0 0.897638 
vn -0.661417 0 0.748031 
vn -0.661417 0 0.748031 
vn -0.866142 0 0.496063 
vn -0.866142 0 0.496063 
vn -0.976378 0 0.19685 
vn -0.976378 0 0.19685 
vn -1 0 -0.0629921 
vn -1 0 -0.0629921 
vn -0.968504 0 -0.259843 
vn -0.968504 0 -0.259843 
vn 0 1 0 
vn 0 1 0 
vn 0 1 0 
vn 0 1 0 
vn 0 1 0 
vn 0 1 0 
vn 0 1 0 
vn 0 1 0 
vn 0 1 0 
vn 0 1 0 
vn 0 1 0 
vn 0 1 0 
vn 0 1 0 
vn 0 1 0 
vn 0 1 0 
vn 0 1 0 
vn 0 1 0 
vn 0 1 0 
vn 0 1 0 
vn 0 1 0 
vn 0 1 0 
vn 0 1 0 
vn 0 1 0 
vn 0 1 0 
vn 0 1 0 
vn 0 1 0 
vn 0 1 0 
vn 0 1 0 
vn 0 1 0 
vn 0.259843 0 -0.968504 
vn 0.259843 0 -0.968504 
vn 0.0629921 0 -1 
vn 0.0629921 0 -1 
vn -0.19685 0 -0.976378 
vn -0.19685 0 -0.976378 
vn -0.496063 0 -0.866142 
vn -0.496063 0 -0.866142 
vn -0.748031 0 -0.661417 
vn -0.748031 0 -0.661417 
vn -0.897638 0 -0.440945 
vn -0.897638 0 -0.440945 
vn -0.968504 0 -0.259843 
vn -0.968504 0 -0.259843 
vn 0.968504 0 0.259843 
vn 0.968504 0 0.259843 
vn 1 0 0.0629921 
vn 1 0 0.0629921 
vn 0.976378 0 -0.19685 
vn 0.976378 0 -0.19685 
vn 0.866142 0 -0.496063 
vn 0.866142 0 -0.496063 
vn 0.661417 0 -0.748031 
vn 0.661417 0 -0.748031 
vn 0.440945 0 -0.897638 
vn 0.440945 0 -0.897638 
vn 0.259843 0 -0.968504 
vn 0.259843 0 -0.968504 

vt 4.53125 -2.53125 
vt 4.55335 -2.55335 
vt 4.54858 -2.55725 
vt 4.54113 -2.5609 
vt 4.53125 -2.5625 
vt 4.52137 -2.5609 
vt 4.51392 -2.55725 
vt 4.50915 -2.55335 
vt 4.50915 -2.55335 
vt 4.50525 -2.54858 
vt 4.5016 -2.54113 
vt 4.5 -2.53125 
vt 4.5016 -2.52137 
vt 4.50525 -2.51392 
vt 4.50915 -2.50915 
vt 4.50915 -2.50915 
vt 4.51392 -2.50525 
vt 4.52137 -2.5016 
vt 4.53125 -2.5 
vt 4.54113 -2.5016 
vt 4.54858 -2.50525 
vt 4.55335 -2.50915 
vt 4.55335 -2.50915 
vt 4.55725 -2.51392 
vt 4.5609 -2.52137 
vt 4.5625 -2.53125 
vt 4.5609 -2.54113 
vt 4.55725 -2.54858 
vt 4.55335 -2.55335 
vt 9.35 -6 
vt 9 -6 
vt 9.35 -6.01042 
vt 9 -6.01042 
vt 9.35 -6.02083 
vt 9 -6.02083 
vt 9.35 -6.03125 
vt 9 -6.03125 
vt 9.35 -6.04167 
vt 9 -6.04167 
vt 9.35 -6.05208 
vt 9 -6.05208 
vt 9.35 -6.0625 
vt 9 -6.0625 
vt 9.35 -6 
vt 9 -6 
vt 9.35 -6.01042 
vt 9 -6.01042 
vt 9.35 -6.02083 
vt 9 -6.02083 
vt 9.35 -6.03125 
vt 9 -6.03125 
vt 9.35 -6.04167 
vt 9 -6.04167 
vt 9.35 -6.05208 
vt 9 -6.05208 
vt 9.35 -6.0625 
vt 9 -6.0625 
vt 4.53125 -2.53125 
vt 4.50915 -2.50915 
vt 4.51392 -2.50525 
vt 4.52137 -2.5016 
vt 4.53125 -2.5 
vt 4.54113 -2.5016 
vt 4.54858 -2.50525 
vt 4.55335 -2.50915 
vt 4.55335 -2.50915 
vt 4.55725 -2.51392 
vt 4.5609 -2.52137 
vt 4.5625 -2.53125 
vt 4.5609 -2.54113 
vt 4.55725 -2.54858 
vt 4.55335 -2.55335 
vt 4.55335 -2.55335 
vt 4.54858 -2.55725 
vt 4.54113 -2.5609 
vt 4.53125 -2.5625 
vt 4.52137 -2.5609 
vt 4.51392 -2.55725 
vt 4.50915 -2.55335 
vt 4.50915 -2.55335 
vt 4.50525 -2.54858 
vt 4.5016 -2.54113 
vt 4.5 -2.53125 
vt 4.5016 -2.52137 
vt 4.50525 -2.51392 
vt 4.50915 -2.50915 
vt 9.35 -6 
vt 9 -6 
vt 9.35 -6.01042 
vt 9 -6.01042 
vt 9.35 -6.02083 
vt 9 -6.02083 
vt 9.35 -6.03125 
vt 9 -6.03125 
vt 9.35 -6.04167 
vt 9 -6.04167 
vt 9.35 -6.05208 
vt 9 -6.05208 
vt 9.35 -6.0625 
vt 9 -6.0625 
vt 9.35 -6 
vt 9 -6 
vt 9.35 -6.01042 
vt 9 -6.01042 
vt 9.35 -6.02083 
vt 9 -6.02083 
vt 9.35 -6.03125 
vt 9 -6.03125 
vt 9.35 -6.04167 
vt 9 -6.04167 
vt 9.35 -6.05208 
vt 9 -6.05208 
vt 9.35 -6.0625 
vt 9 -6.0625 

usemtl Part68Mtl

f 1633/1633/1633 1635/1635/1635 1634/1634/1634 
f 1633/1633/1633 1636/1636/1636 1635/1635/1635 
f 1633/1633/1633 1637/1637/1637 1636/1636/1636 
f 1633/1633/1633 1638/1638/1638 1637/1637/1637 
f 1633/1633/1633 1639/1639/1639 1638/1638/1638 
f 1633/1633/1633 1640/1640/1640 1639/1639/1639 
f 1633/1633/1633 1642/1642/1642 1641/1641/1641 
f 1633/1633/1633 1643/1643/1643 1642/1642/1642 
f 1633/1633/1633 1644/1644/1644 1643/1643/1643 
f 1633/1633/1633 1645/1645/1645 1644/1644/1644 
f 1633/1633/1633 1646/1646/1646 1645/1645/1645 
f 1633/1633/1633 1647/1647/1647 1646/1646/1646 
f 1633/1633/1633 1649/1649/1649 1648/1648/1648 
f 1633/1633/1633 1650/1650/1650 1649/1649/1649 
f 1633/1633/1633 1651/1651/1651 1650/1650/1650 
f 1633/1633/1633 1652/1652/1652 1651/1651/1651 
f 1633/1633/1633 1653/1653/1653 1652/1652/1652 
f 1633/1633/1633 1654/1654/1654 1653/1653/1653 
f 1633/1633/1633 1656/1656/1656 1655/1655/1655 
f 1633/1633/1633 1657/1657/1657 1656/1656/1656 
f 1633/1633/1633 1658/1658/1658 1657/1657/1657 
f 1633/1633/1633 1659/1659/1659 1658/1658/1658 
f 1633/1633/1633 1660/1660/1660 1659/1659/1659 
f 1633/1633/1633 1661/1661/1661 1660/1660/1660 
f 1662/1662/1662 1663/1663/1663 1664/1664/1664 
f 1664/1664/1664 1663/1663/1663 1665/1665/1665 
f 1664/1664/1664 1665/1665/1665 1666/1666/1666 
f 1666/1666/1666 1665/1665/1665 1667/1667/1667 
f 1666/1666/1666 1667/1667/1667 1668/1668/1668 
f 1668/1668/1668 1667/1667/1667 1669/1669/1669 
f 1668/1668/1668 1669/1669/1669 1670/1670/1670 
f 1670/1670/1670 1669/1669/1669 1671/1671/1671 
f 1670/1670/1670 1671/1671/1671 1672/1672/1672 
f 1672/1672/1672 1671/1671/1671 1673/1673/1673 
f 1672/1672/1672 1673/1673/1673 1674/1674/1674 
f 1674/1674/1674 1673/1673/1673 1675/1675/1675 
f 1676/1676/1676 1677/1677/1677 1678/1678/1678 
f 1678/1678/1678 1677/1677/1677 1679/1679/1679 
f 1678/1678/1678 1679/1679/1679 1680/1680/1680 
f 1680/1680/1680 1679/1679/1679 1681/1681/1681 
f 1680/1680/1680 1681/1681/1681 1682/1682/1682 
f 1682/1682/1682 1681/1681/1681 1683/1683/1683 
f 1682/1682/1682 1683/1683/1683 1684/1684/1684 
f 1684/1684/1684 1683/1683/1683 1685/1685/1685 
f 1684/1684/1684 1685/1685/1685 1686/1686/1686 
f 1686/1686/1686 1685/1685/1685 1687/1687/1687 
f 1686/1686/1686 1687/1687/1687 1688/1688/1688 
f 1688/1688/1688 1687/1687/1687 1689/1689/1689 
f 1690/1690/1690 1692/1692/1692 1691/1691/1691 
f 1690/1690/1690 1693/1693/1693 1692/1692/1692 
f 1690/1690/1690 1694/1694/1694 1693/1693/1693 
f 1690/1690/1690 1695/1695/1695 1694/1694/1694 
f 1690/1690/1690 1696/1696/1696 1695/1695/1695 
f 1690/1690/1690 1697/1697/1697 1696/1696/1696 
f 1690/1690/1690 1699/1699/1699 1698/1698/1698 
f 1690/1690/1690 1700/1700/1700 1699/1699/1699 
f 1690/1690/1690 1701/1701/1701 1700/1700/1700 
f 1690/1690/1690 1702/1702/1702 1701/1701/1701 
f 1690/1690/1690 1703/1703/1703 1702/1702/1702 
f 1690/1690/1690 1704/1704/1704 1703/1703/1703 
f 1690/1690/1690 1706/1706/1706 1705/1705/1705 
f 1690/1690/1690 1707/1707/1707 1706/1706/1706 
f 1690/1690/1690 1708/1708/1708 1707/1707/1707 
f 1690/1690/1690 1709/1709/1709 1708/1708/1708 
f 1690/1690/1690 1710/1710/1710 1709/1709/1709 
f 1690/1690/1690 1711/1711/1711 1710/1710/1710 
f 1690/1690/1690 1713/1713/1713 1712/1712/1712 
f 1690/1690/1690 1714/1714/1714 1713/1713/1713 
f 1690/1690/1690 1715/1715/1715 1714/1714/1714 
f 1690/1690/1690 1716/1716/1716 1715/1715/1715 
f 1690/1690/1690 1717/1717/1717 1716/1716/1716 
f 1690/1690/1690 1718/1718/1718 1717/1717/1717 
f 1719/1719/1719 1720/1720/1720 1721/1721/1721 
f 1721/1721/1721 1720/1720/1720 1722/1722/1722 
f 1721/1721/1721 1722/1722/1722 1723/1723/1723 
f 1723/1723/1723 1722/1722/1722 1724/1724/1724 
f 1723/1723/1723 1724/1724/1724 1725/1725/1725 
f 1725/1725/1725 1724/1724/1724 1726/1726/1726 
f 1725/1725/1725 1726/1726/1726 1727/1727/1727 
f 1727/1727/1727 1726/1726/1726 1728/1728/1728 
f 1727/1727/1727 1728/1728/1728 1729/1729/1729 
f 1729/1729/1729 1728/1728/1728 1730/1730/1730 
f 1729/1729/1729 1730/1730/1730 1731/1731/1731 
f 1731/1731/1731 1730/1730/1730 1732/1732/1732 
f 1733/1733/1733 1734/1734/1734 1735/1735/1735 
f 1735/1735/1735 1734/1734/1734 1736/1736/1736 
f 1735/1735/1735 1736/1736/1736 1737/1737/1737 
f 1737/1737/1737 1736/1736/1736 1738/1738/1738 
f 1737/1737/1737 1738/1738/1738 1739/1739/1739 
f 1739/1739/1739 1738/1738/1738 1740/1740/1740 
f 1739/1739/1739 1740/1740/1740 1741/1741/1741 
f 1741/1741/1741 1740/1740/1740 1742/1742/1742 
f 1741/1741/1741 1742/1742/1742 1743/1743/1743 
f 1743/1743/1743 1742/1742/1742 1744/1744/1744 
f 1743/1743/1743 1744/1744/1744 1745/1745/1745 
f 1745/1745/1745 1744/1744/1744 1746/1746/1746 

g Part69

v 11.3957 5.49792 38.853 
v 11.6372 5.49793 38.9177 
v 11.6452 5.49793 38.8691 
v 11.6407 5.49793 38.8029 
v 11.6123 5.49793 38.728 
v 11.5616 5.49792 38.666 
v 11.5066 5.49792 38.6289 
v 11.4605 5.49792 38.6116 
v 11.4605 5.49792 38.6116 
v 11.4118 5.49791 38.6036 
v 11.3456 5.49791 38.6081 
v 11.2708 5.49791 38.6365 
v 11.2087 5.49791 38.6872 
v 11.1716 5.49791 38.7422 
v 11.1543 5.49791 38.7883 
v 11.1543 5.49791 38.7883 
v 11.1463 5.49791 38.8369 
v 11.1508 5.49791 38.9032 
v 11.1792 5.49792 38.978 
v 11.2299 5.49792 39.0401 
v 11.2849 5.49792 39.0771 
v 11.331 5.49793 39.0945 
v 11.331 5.49793 39.0945 
v 11.3797 5.49793 39.1025 
v 11.4459 5.49793 39.098 
v 11.5207 5.49793 39.0695 
v 11.5828 5.49794 39.0189 
v 11.6198 5.49794 38.9639 
v 11.6372 5.49793 38.9177 
v 11.331 7.49793 39.0944 
v 11.331 5.49793 39.0945 
v 11.3796 7.49793 39.1025 
v 11.3797 5.49793 39.1025 
v 11.4458 7.49793 39.0979 
v 11.4459 5.49793 39.098 
v 11.5207 7.49793 39.0695 
v 11.5207 5.49793 39.0695 
v 11.5827 7.49794 39.0188 
v 11.5828 5.49794 39.0189 
v 11.6198 7.49794 38.9638 
v 11.6198 5.49794 38.9639 
v 11.6371 7.49793 38.9177 
v 11.6372 5.49793 38.9177 
v 11.331 5.49793 39.0945 
v 11.331 7.49793 39.0944 
v 11.2849 5.49792 39.0771 
v 11.2849 7.49792 39.0771 
v 11.2299 5.49792 39.0401 
v 11.2298 7.49792 39.04 
v 11.1792 5.49792 38.978 
v 11.1792 7.49792 38.978 
v 11.1508 5.49791 38.9032 
v 11.1507 7.49791 38.9031 
v 11.1463 5.49791 38.8369 
v 11.1462 7.49791 38.8369 
v 11.1543 5.49791 38.7883 
v 11.1542 7.49791 38.7883 
v 11.3957 7.49792 38.853 
v 11.331 7.49793 39.0944 
v 11.2849 7.49792 39.0771 
v 11.2298 7.49792 39.04 
v 11.1792 7.49792 38.978 
v 11.1507 7.49791 38.9031 
v 11.1462 7.49791 38.8369 
v 11.1542 7.49791 38.7883 
v 11.1542 7.49791 38.7883 
v 11.1716 7.49791 38.7422 
v 11.2086 7.49791 38.6871 
v 11.2707 7.49791 38.6365 
v 11.3455 7.49791 38.608 
v 11.4118 7.49791 38.6035 
v 11.4604 7.49792 38.6115 
v 11.4604 7.49792 38.6115 
v 11.5065 7.49792 38.6289 
v 11.5615 7.49792 38.6659 
v 11.6122 7.49793 38.728 
v 11.6406 7.49793 38.8029 
v 11.6451 7.49793 38.8691 
v 11.6371 7.49793 38.9177 
v 11.6371 7.49793 38.9177 
v 11.6198 7.49794 38.9638 
v 11.5827 7.49794 39.0188 
v 11.5207 7.49793 39.0695 
v 11.4458 7.49793 39.0979 
v 11.3796 7.49793 39.1025 
v 11.331 7.49793 39.0944 
v 11.4604 7.49792 38.6115 
v 11.4605 5.49792 38.6116 
v 11.4118 7.49791 38.6035 
v 11.4118 5.49791 38.6036 
v 11.3455 7.49791 38.608 
v 11.3456 5.49791 38.6081 
v 11.2707 7.49791 38.6365 
v 11.2708 5.49791 38.6365 
v 11.2086 7.49791 38.6871 
v 11.2087 5.49791 38.6872 
v 11.1716 7.49791 38.7422 
v 11.1716 5.49791 38.7422 
v 11.1542 7.49791 38.7883 
v 11.1543 5.49791 38.7883 
v 11.6371 7.49793 38.9177 
v 11.6372 5.49793 38.9177 
v 11.6451 7.49793 38.8691 
v 11.6452 5.49793 38.8691 
v 11.6406 7.49793 38.8029 
v 11.6407 5.49793 38.8029 
v 11.6122 7.49793 38.728 
v 11.6123 5.49793 38.728 
v 11.5615 7.49792 38.6659 
v 11.5616 5.49792 38.666 
v 11.5065 7.49792 38.6289 
v 11.5066 5.49792 38.6289 
v 11.4604 7.49792 38.6115 
v 11.4605 5.49792 38.6116 

vn 0 -1 0 
vn 0 -1 0 
vn 0 -1 0 
vn 0 -1 0 
vn 0 -1 0 
vn 0 -1 0 
vn 0 -1 0 
vn 0 -1 0 
vn 0 -1 0 
vn 0 -1 0 
vn 0 -1 0 
vn 0 -1 0 
vn 0 -1 0 
vn 0 -1 0 
vn 0 -1 0 
vn 0 -1 0 
vn 0 -1 0 
vn 0 -1 0 
vn 0 -1 0 
vn 0 -1 0 
vn 0 -1 0 
vn 0 -1 0 
vn 0 -1 0 
vn 0 -1 0 
vn 0 -1 0 
vn 0 -1 0 
vn 0 -1 0 
vn 0 -1 0 
vn 0 -1 0 
vn -0.259843 0 0.968504 
vn -0.259843 0 0.968504 
vn -0.0629921 0 1 
vn -0.0629921 0 1 
vn 0.19685 0 0.976378 
vn 0.19685 0 0.976378 
vn 0.496063 0 0.866142 
vn 0.496063 0 0.866142 
vn 0.748031 0 0.661417 
vn 0.748031 0 0.661417 
vn 0.897638 0 0.440945 
vn 0.897638 0 0.440945 
vn 0.968504 0 0.259843 
vn 0.968504 0 0.259843 
vn -0.259843 0 0.968504 
vn -0.259843 0 0.968504 
vn -0.440945 0 0.897638 
vn -0.440945 0 0.897638 
vn -0.661417 0 0.748031 
vn -0.661417 0 0.748031 
vn -0.866142 0 0.496063 
vn -0.866142 0 0.496063 
vn -0.976378 0 0.19685 
vn -0.976378 0 0.19685 
vn -1 0 -0.0629921 
vn -1 0 -0.0629921 
vn -0.968504 0 -0.259843 
vn -0.968504 0 -0.259843 
vn 0 1 0 
vn 0 1 0 
vn 0 1 0 
vn 0 1 0 
vn 0 1 0 
vn 0 1 0 
vn 0 1 0 
vn 0 1 0 
vn 0 1 0 
vn 0 1 0 
vn 0 1 0 
vn 0 1 0 
vn 0 1 0 
vn 0 1 0 
vn 0 1 0 
vn 0 1 0 
vn 0 1 0 
vn 0 1 0 
vn 0 1 0 
vn 0 1 0 
vn 0 1 0 
vn 0 1 0 
vn 0 1 0 
vn 0 1 0 
vn 0 1 0 
vn 0 1 0 
vn 0 1 0 
vn 0 1 0 
vn 0 1 0 
vn 0.259843 0 -0.968504 
vn 0.259843 0 -0.968504 
vn 0.0629921 0 -1 
vn 0.0629921 0 -1 
vn -0.19685 0 -0.976378 
vn -0.19685 0 -0.976378 
vn -0.496063 0 -0.866142 
vn -0.496063 0 -0.866142 
vn -0.748031 0 -0.661417 
vn -0.748031 0 -0.661417 
vn -0.897638 0 -0.440945 
vn -0.897638 0 -0.440945 
vn -0.968504 0 -0.259843 
vn -0.968504 0 -0.259843 
vn 0.968504 0 0.259843 
vn 0.968504 0 0.259843 
vn 1 0 0.0629921 
vn 1 0 0.0629921 
vn 0.976378 0 -0.19685 
vn 0.976378 0 -0.19685 
vn 0.866142 0 -0.496063 
vn 0.866142 0 -0.496063 
vn 0.661417 0 -0.748031 
vn 0.661417 0 -0.748031 
vn 0.440945 0 -0.897638 
vn 0.440945 0 -0.897638 
vn 0.259843 0 -0.968504 
vn 0.259843 0 -0.968504 

vt 0.03125 -6.03125 
vt 0.0533471 -6.05335 
vt 0.0485844 -6.05725 
vt 0.0411321 -6.0609 
vt 0.03125 -6.0625 
vt 0.0213679 -6.0609 
vt 0.0139156 -6.05725 
vt 0.00915291 -6.05335 
vt 0.00915291 -6.05335 
vt 0.00524843 -6.04858 
vt 0.00160365 -6.04113 
vt 0 -6.03125 
vt 0.00160365 -6.02137 
vt 0.00524843 -6.01392 
vt 0.00915292 -6.00915 
vt 0.00915291 -6.00915 
vt 0.0139156 -6.00525 
vt 0.0213679 -6.0016 
vt 0.03125 -6 
vt 0.0411321 -6.0016 
vt 0.0485844 -6.00525 
vt 0.0533471 -6.00915 
vt 0.0533471 -6.00915 
vt 0.0572516 -6.01392 
vt 0.0608964 -6.02137 
vt 0.0625 -6.03125 
vt 0.0608964 -6.04113 
vt 0.0572516 -6.04858 
vt 0.0533471 -6.05335 
vt 0.25 -13 
vt 0 -13 
vt 0.25 -13.0104 
vt 0 -13.0104 
vt 0.25 -13.0208 
vt 0 -13.0208 
vt 0.25 -13.0312 
vt 0 -13.0312 
vt 0.25 -13.0417 
vt 0 -13.0417 
vt 0.25 -13.0521 
vt 0 -13.0521 
vt 0.25 -13.0625 
vt 0 -13.0625 
vt 0.25 -13 
vt 0 -13 
vt 0.25 -13.0104 
vt 0 -13.0104 
vt 0.25 -13.0208 
vt 0 -13.0208 
vt 0.25 -13.0312 
vt 0 -13.0312 
vt 0.25 -13.0417 
vt 0 -13.0417 
vt 0.25 -13.0521 
vt 0 -13.0521 
vt 0.25 -13.0625 
vt 0 -13.0625 
vt 0.03125 -6.03125 
vt 0.00915291 -6.00915 
vt 0.0139156 -6.00525 
vt 0.0213679 -6.0016 
vt 0.03125 -6 
vt 0.0411321 -6.0016 
vt 0.0485844 -6.00525 
vt 0.0533471 -6.00915 
vt 0.0533471 -6.00915 
vt 0.0572516 -6.01392 
vt 0.0608964 -6.02137 
vt 0.0625 -6.03125 
vt 0.0608964 -6.04113 
vt 0.0572516 -6.04858 
vt 0.0533471 -6.05335 
vt 0.0533471 -6.05335 
vt 0.0485844 -6.05725 
vt 0.0411321 -6.0609 
vt 0.03125 -6.0625 
vt 0.0213679 -6.0609 
vt 0.0139156 -6.05725 
vt 0.00915291 -6.05335 
vt 0.00915291 -6.05335 
vt 0.00524843 -6.04858 
vt 0.00160365 -6.04113 
vt 0 -6.03125 
vt 0.00160365 -6.02137 
vt 0.00524843 -6.01392 
vt 0.00915292 -6.00915 
vt 0.25 -13 
vt 0 -13 
vt 0.25 -13.0104 
vt 0 -13.0104 
vt 0.25 -13.0208 
vt 0 -13.0208 
vt 0.25 -13.0312 
vt 0 -13.0312 
vt 0.25 -13.0417 
vt 0 -13.0417 
vt 0.25 -13.0521 
vt 0 -13.0521 
vt 0.25 -13.0625 
vt 0 -13.0625 
vt 0.25 -13 
vt 0 -13 
vt 0.25 -13.0104 
vt 0 -13.0104 
vt 0.25 -13.0208 
vt 0 -13.0208 
vt 0.25 -13.0312 
vt 0 -13.0312 
vt 0.25 -13.0417 
vt 0 -13.0417 
vt 0.25 -13.0521 
vt 0 -13.0521 
vt 0.25 -13.0625 
vt 0 -13.0625 

usemtl Part68Mtl

f 1747/1747/1747 1749/1749/1749 1748/1748/1748 
f 1747/1747/1747 1750/1750/1750 1749/1749/1749 
f 1747/1747/1747 1751/1751/1751 1750/1750/1750 
f 1747/1747/1747 1752/1752/1752 1751/1751/1751 
f 1747/1747/1747 1753/1753/1753 1752/1752/1752 
f 1747/1747/1747 1754/1754/1754 1753/1753/1753 
f 1747/1747/1747 1756/1756/1756 1755/1755/1755 
f 1747/1747/1747 1757/1757/1757 1756/1756/1756 
f 1747/1747/1747 1758/1758/1758 1757/1757/1757 
f 1747/1747/1747 1759/1759/1759 1758/1758/1758 
f 1747/1747/1747 1760/1760/1760 1759/1759/1759 
f 1747/1747/1747 1761/1761/1761 1760/1760/1760 
f 1747/1747/1747 1763/1763/1763 1762/1762/1762 
f 1747/1747/1747 1764/1764/1764 1763/1763/1763 
f 1747/1747/1747 1765/1765/1765 1764/1764/1764 
f 1747/1747/1747 1766/1766/1766 1765/1765/1765 
f 1747/1747/1747 1767/1767/1767 1766/1766/1766 
f 1747/1747/1747 1768/1768/1768 1767/1767/1767 
f 1747/1747/1747 1770/1770/1770 1769/1769/1769 
f 1747/1747/1747 1771/1771/1771 1770/1770/1770 
f 1747/1747/1747 1772/1772/1772 1771/1771/1771 
f 1747/1747/1747 1773/1773/1773 1772/1772/1772 
f 1747/1747/1747 1774/1774/1774 1773/1773/1773 
f 1747/1747/1747 1775/1775/1775 1774/1774/1774 
f 1776/1776/1776 1777/1777/1777 1778/1778/1778 
f 1778/1778/1778 1777/1777/1777 1779/1779/1779 
f 1778/1778/1778 1779/1779/1779 1780/1780/1780 
f 1780/1780/1780 1779/1779/1779 1781/1781/1781 
f 1780/1780/1780 1781/1781/1781 1782/1782/1782 
f 1782/1782/1782 1781/1781/1781 1783/1783/1783 
f 1782/1782/1782 1783/1783/1783 1784/1784/1784 
f 1784/1784/1784 1783/1783/1783 1785/1785/1785 
f 1784/1784/1784 1785/1785/1785 1786/1786/1786 
f 1786/1786/1786 1785/1785/1785 1787/1787/1787 
f 1786/1786/1786 1787/1787/1787 1788/1788/1788 
f 1788/1788/1788 1787/1787/1787 1789/1789/1789 
f 1790/1790/1790 1791/1791/1791 1792/1792/1792 
f 1792/1792/1792 1791/1791/1791 1793/1793/1793 
f 1792/1792/1792 1793/1793/1793 1794/1794/1794 
f 1794/1794/1794 1793/1793/1793 1795/1795/1795 
f 1794/1794/1794 1795/1795/1795 1796/1796/1796 
f 1796/1796/1796 1795/1795/1795 1797/1797/1797 
f 1796/1796/1796 1797/1797/1797 1798/1798/1798 
f 1798/1798/1798 1797/1797/1797 1799/1799/1799 
f 1798/1798/1798 1799/1799/1799 1800/1800/1800 
f 1800/1800/1800 1799/1799/1799 1801/1801/1801 
f 1800/1800/1800 1801/1801/1801 1802/1802/1802 
f 1802/1802/1802 1801/1801/1801 1803/1803/1803 
f 1804/1804/1804 1806/1806/1806 1805/1805/1805 
f 1804/1804/1804 1807/1807/1807 1806/1806/1806 
f 1804/1804/1804 1808/1808/1808 1807/1807/1807 
f 1804/1804/1804 1809/1809/1809 1808/1808/1808 
f 1804/1804/1804 1810/1810/1810 1809/1809/1809 
f 1804/1804/1804 1811/1811/1811 1810/1810/1810 
f 1804/1804/1804 1813/1813/1813 1812/1812/1812 
f 1804/1804/1804 1814/1814/1814 1813/1813/1813 
f 1804/1804/1804 1815/1815/1815 1814/1814/1814 
f 1804/1804/1804 1816/1816/1816 1815/1815/1815 
f 1804/1804/1804 1817/1817/1817 1816/1816/1816 
f 1804/1804/1804 1818/1818/1818 1817/1817/1817 
f 1804/1804/1804 1820/1820/1820 1819/1819/1819 
f 1804/1804/1804 1821/1821/1821 1820/1820/1820 
f 1804/1804/1804 1822/1822/1822 1821/1821/1821 
f 1804/1804/1804 1823/1823/1823 1822/1822/1822 
f 1804/1804/1804 1824/1824/1824 1823/1823/1823 
f 1804/1804/1804 1825/1825/1825 1824/1824/1824 
f 1804/1804/1804 1827/1827/1827 1826/1826/1826 
f 1804/1804/1804 1828/1828/1828 1827/1827/1827 
f 1804/1804/1804 1829/1829/1829 1828/1828/1828 
f 1804/1804/1804 1830/1830/1830 1829/1829/1829 
f 1804/1804/1804 1831/1831/1831 1830/1830/1830 
f 1804/1804/1804 1832/1832/1832 1831/1831/1831 
f 1833/1833/1833 1834/1834/1834 1835/1835/1835 
f 1835/1835/1835 1834/1834/1834 1836/1836/1836 
f 1835/1835/1835 1836/1836/1836 1837/1837/1837 
f 1837/1837/1837 1836/1836/1836 1838/1838/1838 
f 1837/1837/1837 1838/1838/1838 1839/1839/1839 
f 1839/1839/1839 1838/1838/1838 1840/1840/1840 
f 1839/1839/1839 1840/1840/1840 1841/1841/1841 
f 1841/1841/1841 1840/1840/1840 1842/1842/1842 
f 1841/1841/1841 1842/1842/1842 1843/1843/1843 
f 1843/1843/1843 1842/1842/1842 1844/1844/1844 
f 1843/1843/1843 1844/1844/1844 1845/1845/1845 
f 1845/1845/1845 1844/1844/1844 1846/1846/1846 
f 1847/1847/1847 1848/1848/1848 1849/1849/1849 
f 1849/1849/1849 1848/1848/1848 1850/1850/1850 
f 1849/1849/1849 1850/1850/1850 1851/1851/1851 
f 1851/1851/1851 1850/1850/1850 1852/1852/1852 
f 1851/1851/1851 1852/1852/1852 1853/1853/1853 
f 1853/1853/1853 1852/1852/1852 1854/1854/1854 
f 1853/1853/1853 1854/1854/1854 1855/1855/1855 
f 1855/1855/1855 1854/1854/1854 1856/1856/1856 
f 1855/1855/1855 1856/1856/1856 1857/1857/1857 
f 1857/1857/1857 1856/1856/1856 1858/1858/1858 
f 1857/1857/1857 1858/1858/1858 1859/1859/1859 
f 1859/1859/1859 1858/1858/1858 1860/1860/1860 

g Part70

v 27.8695 1.86895 38.9257 
v 28.3871 1.86884 36.9939 
v 27.9982 1.8688 36.9299 
v 27.4685 1.86875 36.9664 
v 26.8695 1.8687 37.1937 
v 26.3731 1.86868 37.5988 
v 26.0767 1.86869 38.0393 
v 25.9377 1.8687 38.4081 
v 25.9377 1.8687 38.4081 
v 25.8737 1.86873 38.797 
v 25.9101 1.86878 39.3267 
v 26.1375 1.86885 39.9258 
v 26.5426 1.86894 40.4222 
v 26.9831 1.86901 40.7186 
v 27.3519 1.86906 40.8576 
v 27.3519 1.86906 40.8576 
v 27.7408 1.8691 40.9216 
v 28.2705 1.86916 40.8851 
v 28.8695 1.8692 40.6578 
v 29.3659 1.86922 40.2527 
v 29.6623 1.86921 39.8122 
v 29.8014 1.8692 39.4434 
v 29.8014 1.8692 39.4434 
v 29.8654 1.86917 39.0545 
v 29.8289 1.86912 38.5248 
v 29.6016 1.86905 37.9257 
v 29.1964 1.86897 37.4293 
v 28.756 1.8689 37.1329 
v 28.3871 1.86884 36.9939 
v 29.801 5.4692 39.4431 
v 29.8014 1.8692 39.4434 
v 29.865 5.46917 39.0542 
v 29.8654 1.86917 39.0545 
v 29.8285 5.46912 38.5245 
v 29.8289 1.86912 38.5248 
v 29.6012 5.46905 37.9254 
v 29.6016 1.86905 37.9257 
v 29.1961 5.46897 37.429 
v 29.1964 1.86897 37.4293 
v 28.7556 5.4689 37.1326 
v 28.756 1.8689 37.1329 
v 28.3868 5.46884 36.9936 
v 28.3871 1.86884 36.9939 
v 29.8014 1.8692 39.4434 
v 29.801 5.4692 39.4431 
v 29.6623 1.86921 39.8122 
v 29.662 5.46921 39.8119 
v 29.3659 1.86922 40.2527 
v 29.3655 5.46922 40.2524 
v 28.8695 1.8692 40.6578 
v 28.8691 5.4692 40.6575 
v 28.2705 1.86916 40.8851 
v 28.2701 5.46916 40.8848 
v 27.7408 1.8691 40.9216 
v 27.7404 5.4691 40.9213 
v 27.3519 1.86906 40.8576 
v 27.3515 5.46906 40.8573 
v 27.8691 5.46895 38.9254 
v 29.801 5.4692 39.4431 
v 29.662 5.46921 39.8119 
v 29.3655 5.46922 40.2524 
v 28.8691 5.4692 40.6575 
v 28.2701 5.46916 40.8848 
v 27.7404 5.4691 40.9213 
v 27.3515 5.46906 40.8573 
v 27.3515 5.46906 40.8573 
v 26.9827 5.46901 40.7183 
v 26.5422 5.46894 40.4219 
v 26.1371 5.46885 39.9255 
v 25.9097 5.46878 39.3264 
v 25.8733 5.46873 38.7967 
v 25.9373 5.4687 38.4078 
v 25.9373 5.4687 38.4078 
v 26.0763 5.46869 38.039 
v 26.3727 5.46868 37.5985 
v 26.8691 5.4687 37.1934 
v 27.4682 5.46875 36.9661 
v 27.9978 5.4688 36.9296 
v 28.3868 5.46884 36.9936 
v 28.3868 5.46884 36.9936 
v 28.7556 5.4689 37.1326 
v 29.1961 5.46897 37.429 
v 29.6012 5.46905 37.9254 
v 29.8285 5.46912 38.5245 
v 29.865 5.46917 39.0542 
v 29.801 5.4692 39.4431 
v 25.9373 5.4687 38.4078 
v 25.9377 1.8687 38.4081 
v 25.8733 5.46873 38.7967 
v 25.8737 1.86873 38.797 
v 25.9097 5.46878 39.3264 
v 25.9101 1.86878 39.3267 
v 26.1371 5.46885 39.9255 
v 26.1375 1.86885 39.9258 
v 26.5422 5.46894 40.4219 
v 26.5426 1.86894 40.4222 
v 26.9827 5.46901 40.7183 
v 26.9831 1.86901 40.7186 
v 27.3515 5.46906 40.8573 
v 27.3519 1.86906 40.8576 
v 28.3868 5.46884 36.9936 
v 28.3871 1.86884 36.9939 
v 27.9978 5.4688 36.9296 
v 27.9982 1.8688 36.9299 
v 27.4682 5.46875 36.9661 
v 27.4685 1.86875 36.9664 
v 26.8691 5.4687 37.1934 
v 26.8695 1.8687 37.1937 
v 26.3727 5.46868 37.5985 
v 26.3731 1.86868 37.5988 
v 26.0763 5.46869 38.039 
v 26.0767 1.86869 38.0393 
v 25.9373 5.4687 38.4078 
v 25.9377 1.8687 38.4081 

vn 0 -1 0 
vn 0 -1 0 
vn 0 -1 0 
vn 0 -1 0 
vn 0 -1 0 
vn 0 -1 0 
vn 0 -1 0 
vn 0 -1 0 
vn 0 -1 0 
vn 0 -1 0 
vn 0 -1 0 
vn 0 -1 0 
vn 0 -1 0 
vn 0 -1 0 
vn 0 -1 0 
vn 0 -1 0 
vn 0 -1 0 
vn 0 -1 0 
vn 0 -1 0 
vn 0 -1 0 
vn 0 -1 0 
vn 0 -1 0 
vn 0 -1 0 
vn 0 -1 0 
vn 0 -1 0 
vn 0 -1 0 
vn 0 -1 0 
vn 0 -1 0 
vn 0 -1 0 
vn 0.968504 0 0.259843 
vn 0.968504 0 0.259843 
vn 1 0 0.0629921 
vn 1 0 0.0629921 
vn 0.976378 0 -0.19685 
vn 0.976378 0 -0.19685 
vn 0.866142 0 -0.503937 
vn 0.866142 0 -0.503937 
vn 0.661417 0 -0.748031 
vn 0.661417 0 -0.748031 
vn 0.440945 0 -0.897638 
vn 0.440945 0 -0.897638 
vn 0.259843 0 -0.968504 
vn 0.259843 0 -0.968504 
vn 0.968504 0 0.259843 
vn 0.968504 0 0.259843 
vn 0.897638 0 0.440945 
vn 0.897638 0 0.440945 
vn 0.748031 0 0.661417 
vn 0.748031 0 0.661417 
vn 0.503937 0 0.866142 
vn 0.503937 0 0.866142 
vn 0.19685 0 0.976378 
vn 0.19685 0 0.976378 
vn -0.0629921 0 1 
vn -0.0629921 0 1 
vn -0.259843 0 0.968504 
vn -0.259843 0 0.968504 
vn 0 1 0 
vn 0 1 0 
vn 0 1 0 
vn 0 1 0 
vn 0 1 0 
vn 0 1 0 
vn 0 1 0 
vn 0 1 0 
vn 0 1 0 
vn 0 1 0 
vn 0 1 0 
vn 0 1 0 
vn 0 1 0 
vn 0 1 0 
vn 0 1 0 
vn 0 1 0 
vn 0 1 0 
vn 0 1 0 
vn 0 1 0 
vn 0 1 0 
vn 0 1 0 
vn 0 1 0 
vn 0 1 0 
vn 0 1 0 
vn 0 1 0 
vn 0 1 0 
vn 0 1 0 
vn 0 1 0 
vn 0 1 0 
vn -0.968504 0 -0.259843 
vn -0.968504 0 -0.259843 
vn -1 0 -0.0629921 
vn -1 0 -0.0629921 
vn -0.976378 0 0.19685 
vn -0.976378 0 0.19685 
vn -0.866142 0 0.503937 
vn -0.866142 0 0.503937 
vn -0.661417 0 0.748031 
vn -0.661417 0 0.748031 
vn -0.440945 0 0.897638 
vn -0.440945 0 0.897638 
vn -0.259843 0 0.968504 
vn -0.259843 0 0.968504 
vn 0.259843 0 -0.968504 
vn 0.259843 0 -0.968504 
vn 0.0629921 0 -1 
vn 0.0629921 0 -1 
vn -0.19685 0 -0.976378 
vn -0.19685 0 -0.976378 
vn -0.503937 0 -0.866142 
vn -0.503937 0 -0.866142 
vn -0.748031 0 -0.661417 
vn -0.748031 0 -0.661417 
vn -0.897638 0 -0.440945 
vn -0.897638 0 -0.440945 
vn -0.968504 0 -0.259843 
vn -0.968504 0 -0.259843 

vt 1 -1.5 
vt 1.17678 -1.67678 
vt 1.13867 -1.70801 
vt 1.07906 -1.73717 
vt 1 -1.75 
vt 0.920943 -1.73717 
vt 0.861325 -1.70801 
vt 0.823223 -1.67678 
vt 0.823223 -1.67678 
vt 0.791987 -1.63867 
vt 0.762829 -1.57906 
vt 0.75 -1.5 
vt 0.762829 -1.42094 
vt 0.791987 -1.36133 
vt 0.823223 -1.32322 
vt 0.823223 -1.32322 
vt 0.861325 -1.29199 
vt 0.920943 -1.26283 
vt 1 -1.25 
vt 1.07906 -1.26283 
vt 1.13868 -1.29199 
vt 1.17678 -1.32322 
vt 1.17678 -1.32322 
vt 1.20801 -1.36133 
vt 1.23717 -1.42094 
vt 1.25 -1.5 
vt 1.23717 -1.57906 
vt 1.20801 -1.63867 
vt 1.17678 -1.67678 
vt 1.95 -3.5 
vt 1.5 -3.5 
vt 1.95 -3.58333 
vt 1.5 -3.58333 
vt 1.95 -3.66667 
vt 1.5 -3.66667 
vt 1.95 -3.75 
vt 1.5 -3.75 
vt 1.95 -3.83333 
vt 1.5 -3.83333 
vt 1.95 -3.91667 
vt 1.5 -3.91667 
vt 1.95 -4 
vt 1.5 -4 
vt 1.95 -3.5 
vt 1.5 -3.5 
vt 1.95 -3.58333 
vt 1.5 -3.58333 
vt 1.95 -3.66667 
vt 1.5 -3.66667 
vt 1.95 -3.75 
vt 1.5 -3.75 
vt 1.95 -3.83333 
vt 1.5 -3.83333 
vt 1.95 -3.91667 
vt 1.5 -3.91667 
vt 1.95 -4 
vt 1.5 -4 
vt 1 -1.5 
vt 0.823223 -1.32322 
vt 0.861325 -1.29199 
vt 0.920943 -1.26283 
vt 1 -1.25 
vt 1.07906 -1.26283 
vt 1.13868 -1.29199 
vt 1.17678 -1.32322 
vt 1.17678 -1.32322 
vt 1.20801 -1.36133 
vt 1.23717 -1.42094 
vt 1.25 -1.5 
vt 1.23717 -1.57906 
vt 1.20801 -1.63867 
vt 1.17678 -1.67678 
vt 1.17678 -1.67678 
vt 1.13867 -1.70801 
vt 1.07906 -1.73717 
vt 1 -1.75 
vt 0.920943 -1.73717 
vt 0.861325 -1.70801 
vt 0.823223 -1.67678 
vt 0.823223 -1.67678 
vt 0.791987 -1.63867 
vt 0.762829 -1.57906 
vt 0.75 -1.5 
vt 0.762829 -1.42094 
vt 0.791987 -1.36133 
vt 0.823223 -1.32322 
vt 1.95 -3.5 
vt 1.5 -3.5 
vt 1.95 -3.58333 
vt 1.5 -3.58333 
vt 1.95 -3.66667 
vt 1.5 -3.66667 
vt 1.95 -3.75 
vt 1.5 -3.75 
vt 1.95 -3.83333 
vt 1.5 -3.83333 
vt 1.95 -3.91667 
vt 1.5 -3.91667 
vt 1.95 -4 
vt 1.5 -4 
vt 1.95 -3.5 
vt 1.5 -3.5 
vt 1.95 -3.58333 
vt 1.5 -3.58333 
vt 1.95 -3.66667 
vt 1.5 -3.66667 
vt 1.95 -3.75 
vt 1.5 -3.75 
vt 1.95 -3.83333 
vt 1.5 -3.83333 
vt 1.95 -3.91667 
vt 1.5 -3.91667 
vt 1.95 -4 
vt 1.5 -4 

usemtl Part70Mtl

f 1861/1861/1861 1863/1863/1863 1862/1862/1862 
f 1861/1861/1861 1864/1864/1864 1863/1863/1863 
f 1861/1861/1861 1865/1865/1865 1864/1864/1864 
f 1861/1861/1861 1866/1866/1866 1865/1865/1865 
f 1861/1861/1861 1867/1867/1867 1866/1866/1866 
f 1861/1861/1861 1868/1868/1868 1867/1867/1867 
f 1861/1861/1861 1870/1870/1870 1869/1869/1869 
f 1861/1861/1861 1871/1871/1871 1870/1870/1870 
f 1861/1861/1861 1872/1872/1872 1871/1871/1871 
f 1861/1861/1861 1873/1873/1873 1872/1872/1872 
f 1861/1861/1861 1874/1874/1874 1873/1873/1873 
f 1861/1861/1861 1875/1875/1875 1874/1874/1874 
f 1861/1861/1861 1877/1877/1877 1876/1876/1876 
f 1861/1861/1861 1878/1878/1878 1877/1877/1877 
f 1861/1861/1861 1879/1879/1879 1878/1878/1878 
f 1861/1861/1861 1880/1880/1880 1879/1879/1879 
f 1861/1861/1861 1881/1881/1881 1880/1880/1880 
f 1861/1861/1861 1882/1882/1882 1881/1881/1881 
f 1861/1861/1861 1884/1884/1884 1883/1883/1883 
f 1861/1861/1861 1885/1885/1885 1884/1884/1884 
f 1861/1861/1861 1886/1886/1886 1885/1885/1885 
f 1861/1861/1861 1887/1887/1887 1886/1886/1886 
f 1861/1861/1861 1888/1888/1888 1887/1887/1887 
f 1861/1861/1861 1889/1889/1889 1888/1888/1888 
f 1890/1890/1890 1891/1891/1891 1892/1892/1892 
f 1892/1892/1892 1891/1891/1891 1893/1893/1893 
f 1892/1892/1892 1893/1893/1893 1894/1894/1894 
f 1894/1894/1894 1893/1893/1893 1895/1895/1895 
f 1894/1894/1894 1895/1895/1895 1896/1896/1896 
f 1896/1896/1896 1895/1895/1895 1897/1897/1897 
f 1896/1896/1896 1897/1897/1897 1898/1898/1898 
f 1898/1898/1898 1897/1897/1897 1899/1899/1899 
f 1898/1898/1898 1899/1899/1899 1900/1900/1900 
f 1900/1900/1900 1899/1899/1899 1901/1901/1901 
f 1900/1900/1900 1901/1901/1901 1902/1902/1902 
f 1902/1902/1902 1901/1901/1901 1903/1903/1903 
f 1904/1904/1904 1905/1905/1905 1906/1906/1906 
f 1906/1906/1906 1905/1905/1905 1907/1907/1907 
f 1906/1906/1906 1907/1907/1907 1908/1908/1908 
f 1908/1908/1908 1907/1907/1907 1909/1909/1909 
f 1908/1908/1908 1909/1909/1909 1910/1910/1910 
f 1910/1910/1910 1909/1909/1909 1911/1911/1911 
f 1910/1910/1910 1911/1911/1911 1912/1912/1912 
f 1912/1912/1912 1911/1911/1911 1913/1913/1913 
f 1912/1912/1912 1913/1913/1913 1914/1914/1914 
f 1914/1914/1914 1913/1913/1913 1915/1915/1915 
f 1914/1914/1914 1915/1915/1915 1916/1916/1916 
f 1916/1916/1916 1915/1915/1915 1917/1917/1917 
f 1918/1918/1918 1920/1920/1920 1919/1919/1919 
f 1918/1918/1918 1921/1921/1921 1920/1920/1920 
f 1918/1918/1918 1922/1922/1922 1921/1921/1921 
f 1918/1918/1918 1923/1923/1923 1922/1922/1922 
f 1918/1918/1918 1924/1924/1924 1923/1923/1923 
f 1918/1918/1918 1925/1925/1925 1924/1924/1924 
f 1918/1918/1918 1927/1927/1927 1926/1926/1926 
f 1918/1918/1918 1928/1928/1928 1927/1927/1927 
f 1918/1918/1918 1929/1929/1929 1928/1928/1928 
f 1918/1918/1918 1930/1930/1930 1929/1929/1929 
f 1918/1918/1918 1931/1931/1931 1930/1930/1930 
f 1918/1918/1918 1932/1932/1932 1931/1931/1931 
f 1918/1918/1918 1934/1934/1934 1933/1933/1933 
f 1918/1918/1918 1935/1935/1935 1934/1934/1934 
f 1918/1918/1918 1936/1936/1936 1935/1935/1935 
f 1918/1918/1918 1937/1937/1937 1936/1936/1936 
f 1918/1918/1918 1938/1938/1938 1937/1937/1937 
f 1918/1918/1918 1939/1939/1939 1938/1938/1938 
f 1918/1918/1918 1941/1941/1941 1940/1940/1940 
f 1918/1918/1918 1942/1942/1942 1941/1941/1941 
f 1918/1918/1918 1943/1943/1943 1942/1942/1942 
f 1918/1918/1918 1944/1944/1944 1943/1943/1943 
f 1918/1918/1918 1945/1945/1945 1944/1944/1944 
f 1918/1918/1918 1946/1946/1946 1945/1945/1945 
f 1947/1947/1947 1948/1948/1948 1949/1949/1949 
f 1949/1949/1949 1948/1948/1948 1950/1950/1950 
f 1949/1949/1949 1950/1950/1950 1951/1951/1951 
f 1951/1951/1951 1950/1950/1950 1952/1952/1952 
f 1951/1951/1951 1952/1952/1952 1953/1953/1953 
f 1953/1953/1953 1952/1952/1952 1954/1954/1954 
f 1953/1953/1953 1954/1954/1954 1955/1955/1955 
f 1955/1955/1955 1954/1954/1954 1956/1956/1956 
f 1955/1955/1955 1956/1956/1956 1957/1957/1957 
f 1957/1957/1957 1956/1956/1956 1958/1958/1958 
f 1957/1957/1957 1958/1958/1958 1959/1959/1959 
f 1959/1959/1959 1958/1958/1958 1960/1960/1960 
f 1961/1961/1961 1962/1962/1962 1963/1963/1963 
f 1963/1963/1963 1962/1962/1962 1964/1964/1964 
f 1963/1963/1963 1964/1964/1964 1965/1965/1965 
f 1965/1965/1965 1964/1964/1964 1966/1966/1966 
f 1965/1965/1965 1966/1966/1966 1967/1967/1967 
f 1967/1967/1967 1966/1966/1966 1968/1968/1968 
f 1967/1967/1967 1968/1968/1968 1969/1969/1969 
f 1969/1969/1969 1968/1968/1968 1970/1970/1970 
f 1969/1969/1969 1970/1970/1970 1971/1971/1971 
f 1971/1971/1971 1970/1970/1970 1972/1972/1972 
f 1971/1971/1971 1972/1972/1972 1973/1973/1973 
f 1973/1973/1973 1972/1972/1972 1974/1974/1974 

g Part71

v 26.6567 5.4688 37.6833 
v 26.4152 5.46878 37.748 
v 26.4326 5.46878 37.7941 
v 26.4696 5.46878 37.8492 
v 26.5317 5.46879 37.8998 
v 26.6065 5.46879 37.9283 
v 26.6728 5.4688 37.9328 
v 26.7214 5.46881 37.9248 
v 26.7214 5.46881 37.9248 
v 26.7675 5.46881 37.9074 
v 26.8225 5.46882 37.8704 
v 26.8732 5.46882 37.8083 
v 26.9016 5.46883 37.7335 
v 26.9061 5.46883 37.6673 
v 26.8981 5.46883 37.6186 
v 26.8981 5.46883 37.6186 
v 26.8808 5.46883 37.5725 
v 26.8437 5.46883 37.5175 
v 26.7817 5.46882 37.4668 
v 26.7068 5.46881 37.4384 
v 26.6406 5.46881 37.4339 
v 26.592 5.4688 37.4419 
v 26.592 5.4688 37.4419 
v 26.5459 5.4688 37.4592 
v 26.4908 5.46879 37.4963 
v 26.4402 5.46879 37.5583 
v 26.4117 5.46878 37.6332 
v 26.4072 5.46878 37.6994 
v 26.4152 5.46878 37.748 
v 26.5916 9.4688 37.4419 
v 26.592 5.4688 37.4419 
v 26.5455 9.4688 37.4593 
v 26.5459 5.4688 37.4592 
v 26.4904 9.46879 37.4964 
v 26.4908 5.46879 37.4963 
v 26.4398 9.46879 37.5584 
v 26.4402 5.46879 37.5583 
v 26.4114 9.46878 37.6333 
v 26.4117 5.46878 37.6332 
v 26.4068 9.46878 37.6995 
v 26.4072 5.46878 37.6994 
v 26.4148 9.46878 37.7481 
v 26.4152 5.46878 37.748 
v 26.592 5.4688 37.4419 
v 26.5916 9.4688 37.4419 
v 26.6406 5.46881 37.4339 
v 26.6402 9.46881 37.4339 
v 26.7068 5.46881 37.4384 
v 26.7064 9.46881 37.4385 
v 26.7817 5.46882 37.4668 
v 26.7813 9.46882 37.4669 
v 26.8437 5.46883 37.5175 
v 26.8433 9.46883 37.5176 
v 26.8808 5.46883 37.5725 
v 26.8804 9.46883 37.5726 
v 26.8981 5.46883 37.6186 
v 26.8978 9.46883 37.6187 
v 26.6563 9.4688 37.6834 
v 26.5916 9.4688 37.4419 
v 26.6402 9.46881 37.4339 
v 26.7064 9.46881 37.4385 
v 26.7813 9.46882 37.4669 
v 26.8433 9.46883 37.5176 
v 26.8804 9.46883 37.5726 
v 26.8978 9.46883 37.6187 
v 26.8978 9.46883 37.6187 
v 26.9058 9.46883 37.6673 
v 26.9012 9.46883 37.7335 
v 26.8728 9.46882 37.8084 
v 26.8222 9.46882 37.8705 
v 26.7671 9.46881 37.9075 
v 26.721 9.46881 37.9249 
v 26.721 9.46881 37.9249 
v 26.6724 9.4688 37.9329 
v 26.6062 9.46879 37.9283 
v 26.5313 9.46879 37.8999 
v 26.4692 9.46878 37.8493 
v 26.4322 9.46878 37.7942 
v 26.4148 9.46878 37.7481 
v 26.4148 9.46878 37.7481 
v 26.4068 9.46878 37.6995 
v 26.4114 9.46878 37.6333 
v 26.4398 9.46879 37.5584 
v 26.4904 9.46879 37.4964 
v 26.5455 9.4688 37.4593 
v 26.5916 9.4688 37.4419 
v 26.721 9.46881 37.9249 
v 26.7214 5.46881 37.9248 
v 26.7671 9.46881 37.9075 
v 26.7675 5.46881 37.9074 
v 26.8222 9.46882 37.8705 
v 26.8225 5.46882 37.8704 
v 26.8728 9.46882 37.8084 
v 26.8732 5.46882 37.8083 
v 26.9012 9.46883 37.7335 
v 26.9016 5.46883 37.7335 
v 26.9058 9.46883 37.6673 
v 26.9061 5.46883 37.6673 
v 26.8978 9.46883 37.6187 
v 26.8981 5.46883 37.6186 
v 26.4148 9.46878 37.7481 
v 26.4152 5.46878 37.748 
v 26.4322 9.46878 37.7942 
v 26.4326 5.46878 37.7941 
v 26.4692 9.46878 37.8493 
v 26.4696 5.46878 37.8492 
v 26.5313 9.46879 37.8999 
v 26.5317 5.46879 37.8998 
v 26.6062 9.46879 37.9283 
v 26.6065 5.46879 37.9283 
v 26.6724 9.4688 37.9329 
v 26.6728 5.4688 37.9328 
v 26.721 9.46881 37.9249 
v 26.7214 5.46881 37.9248 

vn 0 -1 0 
vn 0 -1 0 
vn 0 -1 0 
vn 0 -1 0 
vn 0 -1 0 
vn 0 -1 0 
vn 0 -1 0 
vn 0 -1 0 
vn 0 -1 0 
vn 0 -1 0 
vn 0 -1 0 
vn 0 -1 0 
vn 0 -1 0 
vn 0 -1 0 
vn 0 -1 0 
vn 0 -1 0 
vn 0 -1 0 
vn 0 -1 0 
vn 0 -1 0 
vn 0 -1 0 
vn 0 -1 0 
vn 0 -1 0 
vn 0 -1 0 
vn 0 -1 0 
vn 0 -1 0 
vn 0 -1 0 
vn 0 -1 0 
vn 0 -1 0 
vn 0 -1 0 
vn -0.259843 0 -0.968504 
vn -0.259843 0 -0.968504 
vn -0.440945 0 -0.897638 
vn -0.440945 0 -0.897638 
vn -0.661417 0 -0.748031 
vn -0.661417 0 -0.748031 
vn -0.866142 0 -0.503937 
vn -0.866142 0 -0.503937 
vn -0.976378 0 -0.19685 
vn -0.976378 0 -0.19685 
vn -1 0 0.0629921 
vn -1 0 0.0629921 
vn -0.968504 0 0.259843 
vn -0.968504 0 0.259843 
vn -0.259843 0 -0.968504 
vn -0.259843 0 -0.968504 
vn -0.0629921 0 -1 
vn -0.0629921 0 -1 
vn 0.19685 0 -0.976378 
vn 0.19685 0 -0.976378 
vn 0.503937 0 -0.866142 
vn 0.503937 0 -0.866142 
vn 0.748031 0 -0.661417 
vn 0.748031 0 -0.661417 
vn 0.897638 0 -0.440945 
vn 0.897638 0 -0.440945 
vn 0.968504 0 -0.259843 
vn 0.968504 0 -0.259843 
vn 0 1 0 
vn 0 1 0 
vn 0 1 0 
vn 0 1 0 
vn 0 1 0 
vn 0 1 0 
vn 0 1 0 
vn 0 1 0 
vn 0 1 0 
vn 0 1 0 
vn 0 1 0 
vn 0 1 0 
vn 0 1 0 
vn 0 1 0 
vn 0 1 0 
vn 0 1 0 
vn 0 1 0 
vn 0 1 0 
vn 0 1 0 
vn 0 1 0 
vn 0 1 0 
vn 0 1 0 
vn 0 1 0 
vn 0 1 0 
vn 0 1 0 
vn 0 1 0 
vn 0 1 0 
vn 0 1 0 
vn 0 1 0 
vn 0.259843 0 0.968504 
vn 0.259843 0 0.968504 
vn 0.440945 0 0.897638 
vn 0.440945 0 0.897638 
vn 0.661417 0 0.748031 
vn 0.661417 0 0.748031 
vn 0.866142 0 0.503937 
vn 0.866142 0 0.503937 
vn 0.976378 0 0.19685 
vn 0.976378 0 0.19685 
vn 1 0 -0.0629921 
vn 1 0 -0.0629921 
vn 0.968504 0 -0.259843 
vn 0.968504 0 -0.259843 
vn -0.968504 0 0.259843 
vn -0.968504 0 0.259843 
vn -0.897638 0 0.440945 
vn -0.897638 0 0.440945 
vn -0.748031 0 0.661417 
vn -0.748031 0 0.661417 
vn -0.503937 0 0.866142 
vn -0.503937 0 0.866142 
vn -0.19685 0 0.976378 
vn -0.19685 0 0.976378 
vn 0.0629921 0 1 
vn 0.0629921 0 1 
vn 0.259843 0 0.968504 
vn 0.259843 0 0.968504 

vt 2.03125 -0.28125 
vt 2.05335 -0.303347 
vt 2.04858 -0.307252 
vt 2.04113 -0.310896 
vt 2.03125 -0.3125 
vt 2.02137 -0.310896 
vt 2.01392 -0.307252 
vt 2.00915 -0.303347 
vt 2.00915 -0.303347 
vt 2.00525 -0.298584 
vt 2.0016 -0.291132 
vt 2 -0.28125 
vt 2.0016 -0.271368 
vt 2.00525 -0.263916 
vt 2.00915 -0.259153 
vt 2.00915 -0.259153 
vt 2.01392 -0.255248 
vt 2.02137 -0.251604 
vt 2.03125 -0.25 
vt 2.04113 -0.251604 
vt 2.04858 -0.255248 
vt 2.05335 -0.259153 
vt 2.05335 -0.259153 
vt 2.05725 -0.263916 
vt 2.0609 -0.271368 
vt 2.0625 -0.28125 
vt 2.0609 -0.291132 
vt 2.05725 -0.298584 
vt 2.05335 -0.303347 
vt 4.5 -1.5 
vt 4 -1.5 
vt 4.5 -1.51042 
vt 4 -1.51042 
vt 4.5 -1.52083 
vt 4 -1.52083 
vt 4.5 -1.53125 
vt 4 -1.53125 
vt 4.5 -1.54167 
vt 4 -1.54167 
vt 4.5 -1.55208 
vt 4 -1.55208 
vt 4.5 -1.5625 
vt 4 -1.5625 
vt 4.5 -1.5 
vt 4 -1.5 
vt 4.5 -1.51042 
vt 4 -1.51042 
vt 4.5 -1.52083 
vt 4 -1.52083 
vt 4.5 -1.53125 
vt 4 -1.53125 
vt 4.5 -1.54167 
vt 4 -1.54167 
vt 4.5 -1.55208 
vt 4 -1.55208 
vt 4.5 -1.5625 
vt 4 -1.5625 
vt 2.03125 -0.28125 
vt 2.00915 -0.259153 
vt 2.01392 -0.255248 
vt 2.02137 -0.251604 
vt 2.03125 -0.25 
vt 2.04113 -0.251604 
vt 2.04858 -0.255248 
vt 2.05335 -0.259153 
vt 2.05335 -0.259153 
vt 2.05725 -0.263916 
vt 2.0609 -0.271368 
vt 2.0625 -0.28125 
vt 2.0609 -0.291132 
vt 2.05725 -0.298584 
vt 2.05335 -0.303347 
vt 2.05335 -0.303347 
vt 2.04858 -0.307252 
vt 2.04113 -0.310896 
vt 2.03125 -0.3125 
vt 2.02137 -0.310896 
vt 2.01392 -0.307252 
vt 2.00915 -0.303347 
vt 2.00915 -0.303347 
vt 2.00525 -0.298584 
vt 2.0016 -0.291132 
vt 2 -0.28125 
vt 2.0016 -0.271368 
vt 2.00525 -0.263916 
vt 2.00915 -0.259153 
vt 4.5 -1.5 
vt 4 -1.5 
vt 4.5 -1.51042 
vt 4 -1.51042 
vt 4.5 -1.52083 
vt 4 -1.52083 
vt 4.5 -1.53125 
vt 4 -1.53125 
vt 4.5 -1.54167 
vt 4 -1.54167 
vt 4.5 -1.55208 
vt 4 -1.55208 
vt 4.5 -1.5625 
vt 4 -1.5625 
vt 4.5 -1.5 
vt 4 -1.5 
vt 4.5 -1.51042 
vt 4 -1.51042 
vt 4.5 -1.52083 
vt 4 -1.52083 
vt 4.5 -1.53125 
vt 4 -1.53125 
vt 4.5 -1.54167 
vt 4 -1.54167 
vt 4.5 -1.55208 
vt 4 -1.55208 
vt 4.5 -1.5625 
vt 4 -1.5625 

usemtl Part68Mtl

f 1975/1975/1975 1977/1977/1977 1976/1976/1976 
f 1975/1975/1975 1978/1978/1978 1977/1977/1977 
f 1975/1975/1975 1979/1979/1979 1978/1978/1978 
f 1975/1975/1975 1980/1980/1980 1979/1979/1979 
f 1975/1975/1975 1981/1981/1981 1980/1980/1980 
f 1975/1975/1975 1982/1982/1982 1981/1981/1981 
f 1975/1975/1975 1984/1984/1984 1983/1983/1983 
f 1975/1975/1975 1985/1985/1985 1984/1984/1984 
f 1975/1975/1975 1986/1986/1986 1985/1985/1985 
f 1975/1975/1975 1987/1987/1987 1986/1986/1986 
f 1975/1975/1975 1988/1988/1988 1987/1987/1987 
f 1975/1975/1975 1989/1989/1989 1988/1988/1988 
f 1975/1975/1975 1991/1991/1991 1990/1990/1990 
f 1975/1975/1975 1992/1992/1992 1991/1991/1991 
f 1975/1975/1975 1993/1993/1993 1992/1992/1992 
f 1975/1975/1975 1994/1994/1994 1993/1993/1993 
f 1975/1975/1975 1995/1995/1995 1994/1994/1994 
f 1975/1975/1975 1996/1996/1996 1995/1995/1995 
f 1975/1975/1975 1998/1998/1998 1997/1997/1997 
f 1975/1975/1975 1999/1999/1999 1998/1998/1998 
f 1975/1975/1975 2000/2000/2000 1999/1999/1999 
f 1975/1975/1975 2001/2001/2001 2000/2000/2000 
f 1975/1975/1975 2002/2002/2002 2001/2001/2001 
f 1975/1975/1975 2003/2003/2003 2002/2002/2002 
f 2004/2004/2004 2005/2005/2005 2006/2006/2006 
f 2006/2006/2006 2005/2005/2005 2007/2007/2007 
f 2006/2006/2006 2007/2007/2007 2008/2008/2008 
f 2008/2008/2008 2007/2007/2007 2009/2009/2009 
f 2008/2008/2008 2009/2009/2009 2010/2010/2010 
f 2010/2010/2010 2009/2009/2009 2011/2011/2011 
f 2010/2010/2010 2011/2011/2011 2012/2012/2012 
f 2012/2012/2012 2011/2011/2011 2013/2013/2013 
f 2012/2012/2012 2013/2013/2013 2014/2014/2014 
f 2014/2014/2014 2013/2013/2013 2015/2015/2015 
f 2014/2014/2014 2015/2015/2015 2016/2016/2016 
f 2016/2016/2016 2015/2015/2015 2017/2017/2017 
f 2018/2018/2018 2019/2019/2019 2020/2020/2020 
f 2020/2020/2020 2019/2019/2019 2021/2021/2021 
f 2020/2020/2020 2021/2021/2021 2022/2022/2022 
f 2022/2022/2022 2021/2021/2021 2023/2023/2023 
f 2022/2022/2022 2023/2023/2023 2024/2024/2024 
f 2024/2024/2024 2023/2023/2023 2025/2025/2025 
f 2024/2024/2024 2025/2025/2025 2026/2026/2026 
f 2026/2026/2026 2025/2025/2025 2027/2027/2027 
f 2026/2026/2026 2027/2027/2027 2028/2028/2028 
f 2028/2028/2028 2027/2027/2027 2029/2029/2029 
f 2028/2028/2028 2029/2029/2029 2030/2030/2030 
f 2030/2030/2030 2029/2029/2029 2031/2031/2031 
f 2032/2032/2032 2034/2034/2034 2033/2033/2033 
f 2032/2032/2032 2035/2035/2035 2034/2034/2034 
f 2032/2032/2032 2036/2036/2036 2035/2035/2035 
f 2032/2032/2032 2037/2037/2037 2036/2036/2036 
f 2032/2032/2032 2038/2038/2038 2037/2037/2037 
f 2032/2032/2032 2039/2039/2039 2038/2038/2038 
f 2032/2032/2032 2041/2041/2041 2040/2040/2040 
f 2032/2032/2032 2042/2042/2042 2041/2041/2041 
f 2032/2032/2032 2043/2043/2043 2042/2042/2042 
f 2032/2032/2032 2044/2044/2044 2043/2043/2043 
f 2032/2032/2032 2045/2045/2045 2044/2044/2044 
f 2032/2032/2032 2046/2046/2046 2045/2045/2045 
f 2032/2032/2032 2048/2048/2048 2047/2047/2047 
f 2032/2032/2032 2049/2049/2049 2048/2048/2048 
f 2032/2032/2032 2050/2050/2050 2049/2049/2049 
f 2032/2032/2032 2051/2051/2051 2050/2050/2050 
f 2032/2032/2032 2052/2052/2052 2051/2051/2051 
f 2032/2032/2032 2053/2053/2053 2052/2052/2052 
f 2032/2032/2032 2055/2055/2055 2054/2054/2054 
f 2032/2032/2032 2056/2056/2056 2055/2055/2055 
f 2032/2032/2032 2057/2057/2057 2056/2056/2056 
f 2032/2032/2032 2058/2058/2058 2057/2057/2057 
f 2032/2032/2032 2059/2059/2059 2058/2058/2058 
f 2032/2032/2032 2060/2060/2060 2059/2059/2059 
f 2061/2061/2061 2062/2062/2062 2063/2063/2063 
f 2063/2063/2063 2062/2062/2062 2064/2064/2064 
f 2063/2063/2063 2064/2064/2064 2065/2065/2065 
f 2065/2065/2065 2064/2064/2064 2066/2066/2066 
f 2065/2065/2065 2066/2066/2066 2067/2067/2067 
f 2067/2067/2067 2066/2066/2066 2068/2068/2068 
f 2067/2067/2067 2068/2068/2068 2069/2069/2069 
f 2069/2069/2069 2068/2068/2068 2070/2070/2070 
f 2069/2069/2069 2070/2070/2070 2071/2071/2071 
f 2071/2071/2071 2070/2070/2070 2072/2072/2072 
f 2071/2071/2071 2072/2072/2072 2073/2073/2073 
f 2073/2073/2073 2072/2072/2072 2074/2074/2074 
f 2075/2075/2075 2076/2076/2076 2077/2077/2077 
f 2077/2077/2077 2076/2076/2076 2078/2078/2078 
f 2077/2077/2077 2078/2078/2078 2079/2079/2079 
f 2079/2079/2079 2078/2078/2078 2080/2080/2080 
f 2079/2079/2079 2080/2080/2080 2081/2081/2081 
f 2081/2081/2081 2080/2080/2080 2082/2082/2082 
f 2081/2081/2081 2082/2082/2082 2083/2083/2083 
f 2083/2083/2083 2082/2082/2082 2084/2084/2084 
f 2083/2083/2083 2084/2084/2084 2085/2085/2085 
f 2085/2085/2085 2084/2084/2084 2086/2086/2086 
f 2085/2085/2085 2086/2086/2086 2087/2087/2087 
f 2087/2087/2087 2086/2086/2086 2088/2088/2088 

g Part72

v 7.27852 5.59821 42.6216 
v 11.6085 5.59874 40.1213 
v 7.29567 5.6188 42.6513 
v 11.6256 5.61932 40.151 
v 11.0937 7.31362 39.2301 
v 11.6085 5.59874 40.1213 
v 6.76372 7.31309 41.7304 
v 7.27852 5.59821 42.6216 
v 11.6085 5.59874 40.1213 
v 11.0937 7.31362 39.2301 
v 11.6256 5.61932 40.151 
v 11.1108 7.3342 39.2598 
v 11.0937 7.31362 39.2301 
v 6.76372 7.31309 41.7304 
v 11.1108 7.3342 39.2598 
v 6.78087 7.33368 41.7601 
v 6.78087 7.33368 41.7601 
v 7.29567 5.6188 42.6513 
v 11.1108 7.3342 39.2598 
v 11.6256 5.61932 40.151 
v 6.76372 7.31309 41.7304 
v 7.27852 5.59821 42.6216 
v 6.78087 7.33368 41.7601 
v 7.29567 5.6188 42.6513 

vn 0.259843 -0.858268 0.448819 
vn 0.259843 -0.858268 0.448819 
vn 0.259843 -0.858268 0.448819 
vn 0.259843 -0.858268 0.448819 
vn -0.425197 -0.511811 -0.740157 
vn -0.425197 -0.511811 -0.740157 
vn -0.425197 -0.511811 -0.740157 
vn -0.425197 -0.511811 -0.740157 
vn 0.866142 0 -0.503937 
vn 0.866142 0 -0.503937 
vn 0.866142 0 -0.503937 
vn 0.866142 0 -0.503937 
vn -0.259843 0.858268 -0.448819 
vn -0.259843 0.858268 -0.448819 
vn -0.259843 0.858268 -0.448819 
vn -0.259843 0.858268 -0.448819 
vn 0.425197 0.511811 0.740157 
vn 0.425197 0.511811 0.740157 
vn 0.425197 0.511811 0.740157 
vn 0.425197 0.511811 0.740157 
vn -0.866142 0 0.503937 
vn -0.866142 0 0.503937 
vn -0.866142 0 0.503937 
vn -0.866142 0 0.503937 

vt 5.625 -0.75 
vt 5 -0.75 
vt 5.625 -0.755 
vt 5 -0.755 
vt 5.25 -0.75 
vt 5 -0.75 
vt 5.25 -1.375 
vt 5 -1.375 
vt 5.25 -0.75 
vt 5 -0.75 
vt 5.25 -0.755 
vt 5 -0.755 
vt 5.625 -0.75 
vt 5 -0.75 
vt 5.625 -0.755 
vt 5 -0.755 
vt 5.25 -0.75 
vt 5 -0.75 
vt 5.25 -1.375 
vt 5 -1.375 
vt 5.25 -0.75 
vt 5 -0.75 
vt 5.25 -0.755 
vt 5 -0.755 

usemtl Part72Mtl

f 2089/2089/2089 2090/2090/2090 2091/2091/2091 
f 2091/2091/2091 2090/2090/2090 2092/2092/2092 
f 2093/2093/2093 2094/2094/2094 2095/2095/2095 
f 2095/2095/2095 2094/2094/2094 2096/2096/2096 
f 2097/2097/2097 2098/2098/2098 2099/2099/2099 
f 2099/2099/2099 2098/2098/2098 2100/2100/2100 
f 2101/2101/2101 2102/2102/2102 2103/2103/2103 
f 2103/2103/2103 2102/2102/2102 2104/2104/2104 
f 2105/2105/2105 2106/2106/2106 2107/2107/2107 
f 2107/2107/2107 2106/2106/2106 2108/2108/2108 
f 2109/2109/2109 2110/2110/2110 2111/2111/2111 
f 2111/2111/2111 2110/2110/2110 2112/2112/2112 

g Part73

v 7.11044 3.17023 43.2304 
v 7.18775 3.07928 43.0107 
v 7.14136 3.0632 43.0066 
v 7.07723 3.04818 43.0147 
v 7.00327 3.04157 43.0447 
v 6.9403 3.04816 43.0938 
v 6.90117 3.06316 43.1452 
v 6.88157 3.07923 43.1875 
v 6.88157 3.07923 43.1875 
v 6.87085 3.09884 43.2314 
v 6.87116 3.12952 43.2902 
v 6.89394 3.1702 43.3554 
v 6.93894 3.21089 43.4077 
v 6.98974 3.24157 43.4373 
v 7.03313 3.26118 43.45 
v 7.03313 3.26118 43.45 
v 7.07951 3.27726 43.4542 
v 7.14364 3.29228 43.446 
v 7.21761 3.29889 43.416 
v 7.28057 3.29229 43.3669 
v 7.3197 3.2773 43.3155 
v 7.33931 3.26122 43.2732 
v 7.33931 3.26122 43.2732 
v 7.35003 3.24162 43.2293 
v 7.34972 3.21094 43.1705 
v 7.32694 3.17026 43.1054 
v 7.28194 3.12957 43.0531 
v 7.23113 3.09889 43.0234 
v 7.18775 3.07928 43.0107 
v 6.51558 6.00494 41.8472 
v 7.33931 3.26122 43.2732 
v 6.5263 5.98534 41.8033 
v 7.35003 3.24162 43.2293 
v 6.52599 5.95466 41.7445 
v 7.34972 3.21094 43.1705 
v 6.50321 5.91397 41.6793 
v 7.32694 3.17026 43.1054 
v 6.45821 5.87329 41.6271 
v 7.28194 3.12957 43.0531 
v 6.4074 5.8426 41.5974 
v 7.23113 3.09889 43.0234 
v 6.36402 5.82299 41.5847 
v 7.18775 3.07928 43.0107 
v 7.33931 3.26122 43.2732 
v 6.51558 6.00494 41.8472 
v 7.3197 3.2773 43.3155 
v 6.49597 6.02101 41.8895 
v 7.28057 3.29229 43.3669 
v 6.45684 6.03601 41.9409 
v 7.21761 3.29889 43.416 
v 6.39388 6.0426 41.99 
v 7.14364 3.29228 43.446 
v 6.31991 6.03599 42.02 
v 7.07951 3.27726 43.4542 
v 6.25579 6.02098 42.0282 
v 7.03313 3.26118 43.45 
v 6.2094 6.0049 42.024 
v 6.28671 5.91395 41.8044 
v 6.51558 6.00494 41.8472 
v 6.49597 6.02101 41.8895 
v 6.45684 6.03601 41.9409 
v 6.39388 6.0426 41.99 
v 6.31991 6.03599 42.02 
v 6.25579 6.02098 42.0282 
v 6.2094 6.0049 42.024 
v 6.2094 6.0049 42.024 
v 6.16602 5.98529 42.0113 
v 6.11521 5.9546 41.9816 
v 6.07021 5.91392 41.9294 
v 6.04743 5.87323 41.8642 
v 6.04712 5.84256 41.8054 
v 6.05784 5.82295 41.7615 
v 6.05784 5.82295 41.7615 
v 6.07745 5.80688 41.7192 
v 6.11658 5.79188 41.6678 
v 6.17954 5.78529 41.6187 
v 6.2535 5.7919 41.5887 
v 6.31763 5.80691 41.5805 
v 6.36402 5.82299 41.5847 
v 6.36402 5.82299 41.5847 
v 6.4074 5.8426 41.5974 
v 6.45821 5.87329 41.6271 
v 6.50321 5.91397 41.6793 
v 6.52599 5.95466 41.7445 
v 6.5263 5.98534 41.8033 
v 6.51558 6.00494 41.8472 
v 6.05784 5.82295 41.7615 
v 6.88157 3.07923 43.1875 
v 6.04712 5.84256 41.8054 
v 6.87085 3.09884 43.2314 
v 6.04743 5.87323 41.8642 
v 6.87116 3.12952 43.2902 
v 6.07021 5.91392 41.9294 
v 6.89394 3.1702 43.3554 
v 6.11521 5.9546 41.9816 
v 6.93894 3.21089 43.4077 
v 6.16602 5.98529 42.0113 
v 6.98974 3.24157 43.4373 
v 6.2094 6.0049 42.024 
v 7.03313 3.26118 43.45 
v 6.36402 5.82299 41.5847 
v 7.18775 3.07928 43.0107 
v 6.31763 5.80691 41.5805 
v 7.14136 3.0632 43.0066 
v 6.2535 5.7919 41.5887 
v 7.07723 3.04818 43.0147 
v 6.17954 5.78529 41.6187 
v 7.00327 3.04157 43.0447 
v 6.11658 5.79188 41.6678 
v 6.9403 3.04816 43.0938 
v 6.07745 5.80688 41.7192 
v 6.90117 3.06316 43.1452 
v 6.05784 5.82295 41.7615 
v 6.88157 3.07923 43.1875 

vn 0.259843 -0.858268 0.448819 
vn 0.259843 -0.858268 0.448819 
vn 0.259843 -0.858268 0.448819 
vn 0.259843 -0.858268 0.448819 
vn 0.259843 -0.858268 0.448819 
vn 0.259843 -0.858268 0.448819 
vn 0.259843 -0.858268 0.448819 
vn 0.259843 -0.858268 0.448819 
vn 0.259843 -0.858268 0.448819 
vn 0.259843 -0.858268 0.448819 
vn 0.259843 -0.858268 0.448819 
vn 0.259843 -0.858268 0.448819 
vn 0.259843 -0.858268 0.448819 
vn 0.259843 -0.858268 0.448819 
vn 0.259843 -0.858268 0.448819 
vn 0.259843 -0.858268 0.448819 
vn 0.259843 -0.858268 0.448819 
vn 0.259843 -0.858268 0.448819 
vn 0.259843 -0.858268 0.448819 
vn 0.259843 -0.858268 0.448819 
vn 0.259843 -0.858268 0.448819 
vn 0.259843 -0.858268 0.448819 
vn 0.259843 -0.858268 0.448819 
vn 0.259843 -0.858268 0.448819 
vn 0.259843 -0.858268 0.448819 
vn 0.259843 -0.858268 0.448819 
vn 0.259843 -0.858268 0.448819 
vn 0.259843 -0.858268 0.448819 
vn 0.259843 -0.858268 0.448819 
vn 0.913386 0.362205 0.173228 
vn 0.913386 0.362205 0.173228 
vn 0.96063 0.283465 -0.00787402 
vn 0.96063 0.283465 -0.00787402 
vn 0.96063 0.165354 -0.23622 
vn 0.96063 0.165354 -0.23622 
vn 0.866142 0 -0.503937 
vn 0.866142 0 -0.503937 
vn 0.685039 -0.165354 -0.708661 
vn 0.685039 -0.165354 -0.708661 
vn 0.480315 -0.283465 -0.826772 
vn 0.480315 -0.283465 -0.826772 
vn 0.307087 -0.362205 -0.88189 
vn 0.307087 -0.362205 -0.88189 
vn 0.913386 0.362205 0.173228 
vn 0.913386 0.362205 0.173228 
vn 0.834646 0.425197 0.338583 
vn 0.834646 0.425197 0.338583 
vn 0.677165 0.488189 0.543307 
vn 0.677165 0.488189 0.543307 
vn 0.425197 0.511811 0.740157 
vn 0.425197 0.511811 0.740157 
vn 0.133858 0.488189 0.866142 
vn 0.133858 0.488189 0.866142 
vn -0.125984 0.425197 0.897638 
vn -0.125984 0.425197 0.897638 
vn -0.307087 0.362205 0.88189 
vn -0.307087 0.362205 0.88189 
vn -0.259843 0.858268 -0.448819 
vn -0.259843 0.858268 -0.448819 
vn -0.259843 0.858268 -0.448819 
vn -0.259843 0.858268 -0.448819 
vn -0.259843 0.858268 -0.448819 
vn -0.259843 0.858268 -0.448819 
vn -0.259843 0.858268 -0.448819 
vn -0.259843 0.858268 -0.448819 
vn -0.259843 0.858268 -0.448819 
vn -0.259843 0.858268 -0.448819 
vn -0.259843 0.858268 -0.448819 
vn -0.259843 0.858268 -0.448819 
vn -0.259843 0.858268 -0.448819 
vn -0.259843 0.858268 -0.448819 
vn -0.259843 0.858268 -0.448819 
vn -0.259843 0.858268 -0.448819 
vn -0.259843 0.858268 -0.448819 
vn -0.259843 0.858268 -0.448819 
vn -0.259843 0.858268 -0.448819 
vn -0.259843 0.858268 -0.448819 
vn -0.259843 0.858268 -0.448819 
vn -0.259843 0.858268 -0.448819 
vn -0.259843 0.858268 -0.448819 
vn -0.259843 0.858268 -0.448819 
vn -0.259843 0.858268 -0.448819 
vn -0.259843 0.858268 -0.448819 
vn -0.259843 0.858268 -0.448819 
vn -0.259843 0.858268 -0.448819 
vn -0.259843 0.858268 -0.448819 
vn -0.913386 -0.362205 -0.173228 
vn -0.913386 -0.362205 -0.173228 
vn -0.96063 -0.283465 0.00787402 
vn -0.96063 -0.283465 0.00787402 
vn -0.96063 -0.165354 0.23622 
vn -0.96063 -0.165354 0.23622 
vn -0.866142 0 0.503937 
vn -0.866142 0 0.503937 
vn -0.685039 0.165354 0.708661 
vn -0.685039 0.165354 0.708661 
vn -0.480315 0.283465 0.826772 
vn -0.480315 0.283465 0.826772 
vn -0.307087 0.362205 0.88189 
vn -0.307087 0.362205 0.88189 
vn 0.307087 -0.362205 -0.88189 
vn 0.307087 -0.362205 -0.88189 
vn 0.125984 -0.425197 -0.897638 
vn 0.125984 -0.425197 -0.897638 
vn -0.133858 -0.488189 -0.866142 
vn -0.133858 -0.488189 -0.866142 
vn -0.425197 -0.511811 -0.740157 
vn -0.425197 -0.511811 -0.740157 
vn -0.677165 -0.488189 -0.543307 
vn -0.677165 -0.488189 -0.543307 
vn -0.834646 -0.425197 -0.338583 
vn -0.834646 -0.425197 -0.338583 
vn -0.913386 -0.362205 -0.173228 
vn -0.913386 -0.362205 -0.173228 

vt 5.03125 -1.03125 
vt 5.05335 -1.05335 
vt 5.04858 -1.05725 
vt 5.04113 -1.0609 
vt 5.03125 -1.0625 
vt 5.02137 -1.0609 
vt 5.01392 -1.05725 
vt 5.00915 -1.05335 
vt 5.00915 -1.05335 
vt 5.00525 -1.04858 
vt 5.0016 -1.04113 
vt 5 -1.03125 
vt 5.0016 -1.02137 
vt 5.00525 -1.01392 
vt 5.00915 -1.00915 
vt 5.00915 -1.00915 
vt 5.01392 -1.00525 
vt 5.02137 -1.0016 
vt 5.03125 -1 
vt 5.04113 -1.0016 
vt 5.04858 -1.00525 
vt 5.05335 -1.00915 
vt 5.05335 -1.00915 
vt 5.05725 -1.01392 
vt 5.0609 -1.02137 
vt 5.0625 -1.03125 
vt 5.0609 -1.04113 
vt 5.05725 -1.04858 
vt 5.05335 -1.05335 
vt 10.4 -3 
vt 10 -3 
vt 10.4 -3.01042 
vt 10 -3.01042 
vt 10.4 -3.02083 
vt 10 -3.02083 
vt 10.4 -3.03125 
vt 10 -3.03125 
vt 10.4 -3.04167 
vt 10 -3.04167 
vt 10.4 -3.05208 
vt 10 -3.05208 
vt 10.4 -3.0625 
vt 10 -3.0625 
vt 10.4 -3 
vt 10 -3 
vt 10.4 -3.01042 
vt 10 -3.01042 
vt 10.4 -3.02083 
vt 10 -3.02083 
vt 10.4 -3.03125 
vt 10 -3.03125 
vt 10.4 -3.04167 
vt 10 -3.04167 
vt 10.4 -3.05208 
vt 10 -3.05208 
vt 10.4 -3.0625 
vt 10 -3.0625 
vt 5.03125 -1.03125 
vt 5.00915 -1.00915 
vt 5.01392 -1.00525 
vt 5.02137 -1.0016 
vt 5.03125 -1 
vt 5.04113 -1.0016 
vt 5.04858 -1.00525 
vt 5.05335 -1.00915 
vt 5.05335 -1.00915 
vt 5.05725 -1.01392 
vt 5.0609 -1.02137 
vt 5.0625 -1.03125 
vt 5.0609 -1.04113 
vt 5.05725 -1.04858 
vt 5.05335 -1.05335 
vt 5.05335 -1.05335 
vt 5.04858 -1.05725 
vt 5.04113 -1.0609 
vt 5.03125 -1.0625 
vt 5.02137 -1.0609 
vt 5.01392 -1.05725 
vt 5.00915 -1.05335 
vt 5.00915 -1.05335 
vt 5.00525 -1.04858 
vt 5.0016 -1.04113 
vt 5 -1.03125 
vt 5.0016 -1.02137 
vt 5.00525 -1.01392 
vt 5.00915 -1.00915 
vt 10.4 -3 
vt 10 -3 
vt 10.4 -3.01042 
vt 10 -3.01042 
vt 10.4 -3.02083 
vt 10 -3.02083 
vt 10.4 -3.03125 
vt 10 -3.03125 
vt 10.4 -3.04167 
vt 10 -3.04167 
vt 10.4 -3.05208 
vt 10 -3.05208 
vt 10.4 -3.0625 
vt 10 -3.0625 
vt 10.4 -3 
vt 10 -3 
vt 10.4 -3.01042 
vt 10 -3.01042 
vt 10.4 -3.02083 
vt 10 -3.02083 
vt 10.4 -3.03125 
vt 10 -3.03125 
vt 10.4 -3.04167 
vt 10 -3.04167 
vt 10.4 -3.05208 
vt 10 -3.05208 
vt 10.4 -3.0625 
vt 10 -3.0625 

usemtl Part68Mtl

f 2113/2113/2113 2115/2115/2115 2114/2114/2114 
f 2113/2113/2113 2116/2116/2116 2115/2115/2115 
f 2113/2113/2113 2117/2117/2117 2116/2116/2116 
f 2113/2113/2113 2118/2118/2118 2117/2117/2117 
f 2113/2113/2113 2119/2119/2119 2118/2118/2118 
f 2113/2113/2113 2120/2120/2120 2119/2119/2119 
f 2113/2113/2113 2122/2122/2122 2121/2121/2121 
f 2113/2113/2113 2123/2123/2123 2122/2122/2122 
f 2113/2113/2113 2124/2124/2124 2123/2123/2123 
f 2113/2113/2113 2125/2125/2125 2124/2124/2124 
f 2113/2113/2113 2126/2126/2126 2125/2125/2125 
f 2113/2113/2113 2127/2127/2127 2126/2126/2126 
f 2113/2113/2113 2129/2129/2129 2128/2128/2128 
f 2113/2113/2113 2130/2130/2130 2129/2129/2129 
f 2113/2113/2113 2131/2131/2131 2130/2130/2130 
f 2113/2113/2113 2132/2132/2132 2131/2131/2131 
f 2113/2113/2113 2133/2133/2133 2132/2132/2132 
f 2113/2113/2113 2134/2134/2134 2133/2133/2133 
f 2113/2113/2113 2136/2136/2136 2135/2135/2135 
f 2113/2113/2113 2137/2137/2137 2136/2136/2136 
f 2113/2113/2113 2138/2138/2138 2137/2137/2137 
f 2113/2113/2113 2139/2139/2139 2138/2138/2138 
f 2113/2113/2113 2140/2140/2140 2139/2139/2139 
f 2113/2113/2113 2141/2141/2141 2140/2140/2140 
f 2142/2142/2142 2143/2143/2143 2144/2144/2144 
f 2144/2144/2144 2143/2143/2143 2145/2145/2145 
f 2144/2144/2144 2145/2145/2145 2146/2146/2146 
f 2146/2146/2146 2145/2145/2145 2147/2147/2147 
f 2146/2146/2146 2147/2147/2147 2148/2148/2148 
f 2148/2148/2148 2147/2147/2147 2149/2149/2149 
f 2148/2148/2148 2149/2149/2149 2150/2150/2150 
f 2150/2150/2150 2149/2149/2149 2151/2151/2151 
f 2150/2150/2150 2151/2151/2151 2152/2152/2152 
f 2152/2152/2152 2151/2151/2151 2153/2153/2153 
f 2152/2152/2152 2153/2153/2153 2154/2154/2154 
f 2154/2154/2154 2153/2153/2153 2155/2155/2155 
f 2156/2156/2156 2157/2157/2157 2158/2158/2158 
f 2158/2158/2158 2157/2157/2157 2159/2159/2159 
f 2158/2158/2158 2159/2159/2159 2160/2160/2160 
f 2160/2160/2160 2159/2159/2159 2161/2161/2161 
f 2160/2160/2160 2161/2161/2161 2162/2162/2162 
f 2162/2162/2162 2161/2161/2161 2163/2163/2163 
f 2162/2162/2162 2163/2163/2163 2164/2164/2164 
f 2164/2164/2164 2163/2163/2163 2165/2165/2165 
f 2164/2164/2164 2165/2165/2165 2166/2166/2166 
f 2166/2166/2166 2165/2165/2165 2167/2167/2167 
f 2166/2166/2166 2167/2167/2167 2168/2168/2168 
f 2168/2168/2168 2167/2167/2167 2169/2169/2169 
f 2170/2170/2170 2172/2172/2172 2171/2171/2171 
f 2170/2170/2170 2173/2173/2173 2172/2172/2172 
f 2170/2170/2170 2174/2174/2174 2173/2173/2173 
f 2170/2170/2170 2175/2175/2175 2174/2174/2174 
f 2170/2170/2170 2176/2176/2176 2175/2175/2175 
f 2170/2170/2170 2177/2177/2177 2176/2176/2176 
f 2170/2170/2170 2179/2179/2179 2178/2178/2178 
f 2170/2170/2170 2180/2180/2180 2179/2179/2179 
f 2170/2170/2170 2181/2181/2181 2180/2180/2180 
f 2170/2170/2170 2182/2182/2182 2181/2181/2181 
f 2170/2170/2170 2183/2183/2183 2182/2182/2182 
f 2170/2170/2170 2184/2184/2184 2183/2183/2183 
f 2170/2170/2170 2186/2186/2186 2185/2185/2185 
f 2170/2170/2170 2187/2187/2187 2186/2186/2186 
f 2170/2170/2170 2188/2188/2188 2187/2187/2187 
f 2170/2170/2170 2189/2189/2189 2188/2188/2188 
f 2170/2170/2170 2190/2190/2190 2189/2189/2189 
f 2170/2170/2170 2191/2191/2191 2190/2190/2190 
f 2170/2170/2170 2193/2193/2193 2192/2192/2192 
f 2170/2170/2170 2194/2194/2194 2193/2193/2193 
f 2170/2170/2170 2195/2195/2195 2194/2194/2194 
f 2170/2170/2170 2196/2196/2196 2195/2195/2195 
f 2170/2170/2170 2197/2197/2197 2196/2196/2196 
f 2170/2170/2170 2198/2198/2198 2197/2197/2197 
f 2199/2199/2199 2200/2200/2200 2201/2201/2201 
f 2201/2201/2201 2200/2200/2200 2202/2202/2202 
f 2201/2201/2201 2202/2202/2202 2203/2203/2203 
f 2203/2203/2203 2202/2202/2202 2204/2204/2204 
f 2203/2203/2203 2204/2204/2204 2205/2205/2205 
f 2205/2205/2205 2204/2204/2204 2206/2206/2206 
f 2205/2205/2205 2206/2206/2206 2207/2207/2207 
f 2207/2207/2207 2206/2206/2206 2208/2208/2208 
f 2207/2207/2207 2208/2208/2208 2209/2209/2209 
f 2209/2209/2209 2208/2208/2208 2210/2210/2210 
f 2209/2209/2209 2210/2210/2210 2211/2211/2211 
f 2211/2211/2211 2210/2210/2210 2212/2212/2212 
f 2213/2213/2213 2214/2214/2214 2215/2215/2215 
f 2215/2215/2215 2214/2214/2214 2216/2216/2216 
f 2215/2215/2215 2216/2216/2216 2217/2217/2217 
f 2217/2217/2217 2216/2216/2216 2218/2218/2218 
f 2217/2217/2217 2218/2218/2218 2219/2219/2219 
f 2219/2219/2219 2218/2218/2218 2220/2220/2220 
f 2219/2219/2219 2220/2220/2220 2221/2221/2221 
f 2221/2221/2221 2220/2220/2220 2222/2222/2222 
f 2221/2221/2221 2222/2222/2222 2223/2223/2223 
f 2223/2223/2223 2222/2222/2222 2224/2224/2224 
f 2223/2223/2223 2224/2224/2224 2225/2225/2225 
f 2225/2225/2225 2224/2224/2224 2226/2226/2226 

g Part74

v 7.11041 3.67023 43.2303 
v 7.18772 3.57928 43.0107 
v 7.14133 3.5632 43.0065 
v 7.0772 3.54818 43.0147 
v 7.00324 3.54157 43.0447 
v 6.94027 3.54817 43.0937 
v 6.90114 3.56316 43.1452 
v 6.88154 3.57924 43.1874 
v 6.88154 3.57924 43.1874 
v 6.87082 3.59884 43.2314 
v 6.87113 3.62952 43.2902 
v 6.89391 3.6702 43.3553 
v 6.93891 3.71089 43.4076 
v 6.98971 3.74157 43.4373 
v 7.0331 3.76118 43.45 
v 7.0331 3.76118 43.45 
v 7.07948 3.77726 43.4541 
v 7.14361 3.79228 43.446 
v 7.21758 3.79889 43.416 
v 7.28054 3.7923 43.3669 
v 7.31967 3.7773 43.3154 
v 7.33928 3.76123 43.2732 
v 7.33928 3.76123 43.2732 
v 7.35 3.74162 43.2293 
v 7.34969 3.71094 43.1704 
v 7.32691 3.67026 43.1053 
v 7.28191 3.62957 43.053 
v 7.2311 3.59889 43.0233 
v 7.18772 3.57928 43.0107 
v 6.51555 6.50494 41.8472 
v 7.33928 3.76123 43.2732 
v 6.52627 6.48534 41.8033 
v 7.35 3.74162 43.2293 
v 6.52596 6.45466 41.7444 
v 7.34969 3.71094 43.1704 
v 6.50318 6.41398 41.6793 
v 7.32691 3.67026 43.1053 
v 6.45818 6.37329 41.627 
v 7.28191 3.62957 43.053 
v 6.40737 6.3426 41.5973 
v 7.2311 3.59889 43.0233 
v 6.36399 6.32299 41.5847 
v 7.18772 3.57928 43.0107 
v 7.33928 3.76123 43.2732 
v 6.51555 6.50494 41.8472 
v 7.31967 3.7773 43.3154 
v 6.49594 6.52101 41.8894 
v 7.28054 3.7923 43.3669 
v 6.45681 6.53601 41.9409 
v 7.21758 3.79889 43.416 
v 6.39385 6.5426 41.99 
v 7.14361 3.79228 43.446 
v 6.31988 6.53599 42.02 
v 7.07948 3.77726 43.4541 
v 6.25576 6.52098 42.0281 
v 7.0331 3.76118 43.45 
v 6.20937 6.5049 42.024 
v 6.28668 6.41395 41.8043 
v 6.51555 6.50494 41.8472 
v 6.49594 6.52101 41.8894 
v 6.45681 6.53601 41.9409 
v 6.39385 6.5426 41.99 
v 6.31988 6.53599 42.02 
v 6.25576 6.52098 42.0281 
v 6.20937 6.5049 42.024 
v 6.20937 6.5049 42.024 
v 6.16598 6.48529 42.0113 
v 6.11518 6.4546 41.9816 
v 6.07018 6.41392 41.9293 
v 6.0474 6.37323 41.8642 
v 6.04709 6.34256 41.8054 
v 6.05781 6.32295 41.7614 
v 6.05781 6.32295 41.7614 
v 6.07741 6.30688 41.7192 
v 6.11655 6.29188 41.6677 
v 6.17951 6.28529 41.6187 
v 6.25347 6.2919 41.5887 
v 6.3176 6.30691 41.5805 
v 6.36399 6.32299 41.5847 
v 6.36399 6.32299 41.5847 
v 6.40737 6.3426 41.5973 
v 6.45818 6.37329 41.627 
v 6.50318 6.41398 41.6793 
v 6.52596 6.45466 41.7444 
v 6.52627 6.48534 41.8033 
v 6.51555 6.50494 41.8472 
v 6.05781 6.32295 41.7614 
v 6.88154 3.57924 43.1874 
v 6.04709 6.34256 41.8054 
v 6.87082 3.59884 43.2314 
v 6.0474 6.37323 41.8642 
v 6.87113 3.62952 43.2902 
v 6.07018 6.41392 41.9293 
v 6.89391 3.6702 43.3553 
v 6.11518 6.4546 41.9816 
v 6.93891 3.71089 43.4076 
v 6.16598 6.48529 42.0113 
v 6.98971 3.74157 43.4373 
v 6.20937 6.5049 42.024 
v 7.0331 3.76118 43.45 
v 6.36399 6.32299 41.5847 
v 7.18772 3.57928 43.0107 
v 6.3176 6.30691 41.5805 
v 7.14133 3.5632 43.0065 
v 6.25347 6.2919 41.5887 
v 7.0772 3.54818 43.0147 
v 6.17951 6.28529 41.6187 
v 7.00324 3.54157 43.0447 
v 6.11655 6.29188 41.6677 
v 6.94027 3.54817 43.0937 
v 6.07741 6.30688 41.7192 
v 6.90114 3.56316 43.1452 
v 6.05781 6.32295 41.7614 
v 6.88154 3.57924 43.1874 

vn 0.259843 -0.858268 0.448819 
vn 0.259843 -0.858268 0.448819 
vn 0.259843 -0.858268 0.448819 
vn 0.259843 -0.858268 0.448819 
vn 0.259843 -0.858268 0.448819 
vn 0.259843 -0.858268 0.448819 
vn 0.259843 -0.858268 0.448819 
vn 0.259843 -0.858268 0.448819 
vn 0.259843 -0.858268 0.448819 
vn 0.259843 -0.858268 0.448819 
vn 0.259843 -0.858268 0.448819 
vn 0.259843 -0.858268 0.448819 
vn 0.259843 -0.858268 0.448819 
vn 0.259843 -0.858268 0.448819 
vn 0.259843 -0.858268 0.448819 
vn 0.259843 -0.858268 0.448819 
vn 0.259843 -0.858268 0.448819 
vn 0.259843 -0.858268 0.448819 
vn 0.259843 -0.858268 0.448819 
vn 0.259843 -0.858268 0.448819 
vn 0.259843 -0.858268 0.448819 
vn 0.259843 -0.858268 0.448819 
vn 0.259843 -0.858268 0.448819 
vn 0.259843 -0.858268 0.448819 
vn 0.259843 -0.858268 0.448819 
vn 0.259843 -0.858268 0.448819 
vn 0.259843 -0.858268 0.448819 
vn 0.259843 -0.858268 0.448819 
vn 0.259843 -0.858268 0.448819 
vn 0.913386 0.362205 0.173228 
vn 0.913386 0.362205 0.173228 
vn 0.96063 0.283465 -0.00787402 
vn 0.96063 0.283465 -0.00787402 
vn 0.96063 0.165354 -0.23622 
vn 0.96063 0.165354 -0.23622 
vn 0.866142 0 -0.503937 
vn 0.866142 0 -0.503937 
vn 0.685039 -0.165354 -0.708661 
vn 0.685039 -0.165354 -0.708661 
vn 0.480315 -0.283465 -0.826772 
vn 0.480315 -0.283465 -0.826772 
vn 0.307087 -0.362205 -0.88189 
vn 0.307087 -0.362205 -0.88189 
vn 0.913386 0.362205 0.173228 
vn 0.913386 0.362205 0.173228 
vn 0.834646 0.425197 0.338583 
vn 0.834646 0.425197 0.338583 
vn 0.677165 0.488189 0.543307 
vn 0.677165 0.488189 0.543307 
vn 0.425197 0.511811 0.740157 
vn 0.425197 0.511811 0.740157 
vn 0.133858 0.488189 0.866142 
vn 0.133858 0.488189 0.866142 
vn -0.125984 0.425197 0.897638 
vn -0.125984 0.425197 0.897638 
vn -0.307087 0.362205 0.88189 
vn -0.307087 0.362205 0.88189 
vn -0.259843 0.858268 -0.448819 
vn -0.259843 0.858268 -0.448819 
vn -0.259843 0.858268 -0.448819 
vn -0.259843 0.858268 -0.448819 
vn -0.259843 0.858268 -0.448819 
vn -0.259843 0.858268 -0.448819 
vn -0.259843 0.858268 -0.448819 
vn -0.259843 0.858268 -0.448819 
vn -0.259843 0.858268 -0.448819 
vn -0.259843 0.858268 -0.448819 
vn -0.259843 0.858268 -0.448819 
vn -0.259843 0.858268 -0.448819 
vn -0.259843 0.858268 -0.448819 
vn -0.259843 0.858268 -0.448819 
vn -0.259843 0.858268 -0.448819 
vn -0.259843 0.858268 -0.448819 
vn -0.259843 0.858268 -0.448819 
vn -0.259843 0.858268 -0.448819 
vn -0.259843 0.858268 -0.448819 
vn -0.259843 0.858268 -0.448819 
vn -0.259843 0.858268 -0.448819 
vn -0.259843 0.858268 -0.448819 
vn -0.259843 0.858268 -0.448819 
vn -0.259843 0.858268 -0.448819 
vn -0.259843 0.858268 -0.448819 
vn -0.259843 0.858268 -0.448819 
vn -0.259843 0.858268 -0.448819 
vn -0.259843 0.858268 -0.448819 
vn -0.259843 0.858268 -0.448819 
vn -0.913386 -0.362205 -0.173228 
vn -0.913386 -0.362205 -0.173228 
vn -0.96063 -0.283465 0.00787402 
vn -0.96063 -0.283465 0.00787402 
vn -0.96063 -0.165354 0.23622 
vn -0.96063 -0.165354 0.23622 
vn -0.866142 0 0.503937 
vn -0.866142 0 0.503937 
vn -0.685039 0.165354 0.708661 
vn -0.685039 0.165354 0.708661 
vn -0.480315 0.283465 0.826772 
vn -0.480315 0.283465 0.826772 
vn -0.307087 0.362205 0.88189 
vn -0.307087 0.362205 0.88189 
vn 0.307087 -0.362205 -0.88189 
vn 0.307087 -0.362205 -0.88189 
vn 0.125984 -0.425197 -0.897638 
vn 0.125984 -0.425197 -0.897638 
vn -0.133858 -0.488189 -0.866142 
vn -0.133858 -0.488189 -0.866142 
vn -0.425197 -0.511811 -0.740157 
vn -0.425197 -0.511811 -0.740157 
vn -0.677165 -0.488189 -0.543307 
vn -0.677165 -0.488189 -0.543307 
vn -0.834646 -0.425197 -0.338583 
vn -0.834646 -0.425197 -0.338583 
vn -0.913386 -0.362205 -0.173228 
vn -0.913386 -0.362205 -0.173228 

vt 7.78125 -1.78125 
vt 7.80335 -1.80335 
vt 7.79858 -1.80725 
vt 7.79113 -1.8109 
vt 7.78125 -1.8125 
vt 7.77137 -1.8109 
vt 7.76392 -1.80725 
vt 7.75915 -1.80335 
vt 7.75915 -1.80335 
vt 7.75525 -1.79858 
vt 7.7516 -1.79113 
vt 7.75 -1.78125 
vt 7.7516 -1.77137 
vt 7.75525 -1.76392 
vt 7.75915 -1.75915 
vt 7.75915 -1.75915 
vt 7.76392 -1.75525 
vt 7.77137 -1.7516 
vt 7.78125 -1.75 
vt 7.79113 -1.7516 
vt 7.79858 -1.75525 
vt 7.80335 -1.75915 
vt 7.80335 -1.75915 
vt 7.80725 -1.76392 
vt 7.8109 -1.77137 
vt 7.8125 -1.78125 
vt 7.8109 -1.79113 
vt 7.80725 -1.79858 
vt 7.80335 -1.80335 
vt 15.9 -4.5 
vt 15.5 -4.5 
vt 15.9 -4.51042 
vt 15.5 -4.51042 
vt 15.9 -4.52083 
vt 15.5 -4.52083 
vt 15.9 -4.53125 
vt 15.5 -4.53125 
vt 15.9 -4.54167 
vt 15.5 -4.54167 
vt 15.9 -4.55208 
vt 15.5 -4.55208 
vt 15.9 -4.5625 
vt 15.5 -4.5625 
vt 15.9 -4.5 
vt 15.5 -4.5 
vt 15.9 -4.51042 
vt 15.5 -4.51042 
vt 15.9 -4.52083 
vt 15.5 -4.52083 
vt 15.9 -4.53125 
vt 15.5 -4.53125 
vt 15.9 -4.54167 
vt 15.5 -4.54167 
vt 15.9 -4.55208 
vt 15.5 -4.55208 
vt 15.9 -4.5625 
vt 15.5 -4.5625 
vt 7.78125 -1.78125 
vt 7.75915 -1.75915 
vt 7.76392 -1.75525 
vt 7.77137 -1.7516 
vt 7.78125 -1.75 
vt 7.79113 -1.7516 
vt 7.79858 -1.75525 
vt 7.80335 -1.75915 
vt 7.80335 -1.75915 
vt 7.80725 -1.76392 
vt 7.8109 -1.77137 
vt 7.8125 -1.78125 
vt 7.8109 -1.79113 
vt 7.80725 -1.79858 
vt 7.80335 -1.80335 
vt 7.80335 -1.80335 
vt 7.79858 -1.80725 
vt 7.79113 -1.8109 
vt 7.78125 -1.8125 
vt 7.77137 -1.8109 
vt 7.76392 -1.80725 
vt 7.75915 -1.80335 
vt 7.75915 -1.80335 
vt 7.75525 -1.79858 
vt 7.7516 -1.79113 
vt 7.75 -1.78125 
vt 7.7516 -1.77137 
vt 7.75525 -1.76392 
vt 7.75915 -1.75915 
vt 15.9 -4.5 
vt 15.5 -4.5 
vt 15.9 -4.51042 
vt 15.5 -4.51042 
vt 15.9 -4.52083 
vt 15.5 -4.52083 
vt 15.9 -4.53125 
vt 15.5 -4.53125 
vt 15.9 -4.54167 
vt 15.5 -4.54167 
vt 15.9 -4.55208 
vt 15.5 -4.55208 
vt 15.9 -4.5625 
vt 15.5 -4.5625 
vt 15.9 -4.5 
vt 15.5 -4.5 
vt 15.9 -4.51042 
vt 15.5 -4.51042 
vt 15.9 -4.52083 
vt 15.5 -4.52083 
vt 15.9 -4.53125 
vt 15.5 -4.53125 
vt 15.9 -4.54167 
vt 15.5 -4.54167 
vt 15.9 -4.55208 
vt 15.5 -4.55208 
vt 15.9 -4.5625 
vt 15.5 -4.5625 

usemtl Part68Mtl

f 2227/2227/2227 2229/2229/2229 2228/2228/2228 
f 2227/2227/2227 2230/2230/2230 2229/2229/2229 
f 2227/2227/2227 2231/2231/2231 2230/2230/2230 
f 2227/2227/2227 2232/2232/2232 2231/2231/2231 
f 2227/2227/2227 2233/2233/2233 2232/2232/2232 
f 2227/2227/2227 2234/2234/2234 2233/2233/2233 
f 2227/2227/2227 2236/2236/2236 2235/2235/2235 
f 2227/2227/2227 2237/2237/2237 2236/2236/2236 
f 2227/2227/2227 2238/2238/2238 2237/2237/2237 
f 2227/2227/2227 2239/2239/2239 2238/2238/2238 
f 2227/2227/2227 2240/2240/2240 2239/2239/2239 
f 2227/2227/2227 2241/2241/2241 2240/2240/2240 
f 2227/2227/2227 2243/2243/2243 2242/2242/2242 
f 2227/2227/2227 2244/2244/2244 2243/2243/2243 
f 2227/2227/2227 2245/2245/2245 2244/2244/2244 
f 2227/2227/2227 2246/2246/2246 2245/2245/2245 
f 2227/2227/2227 2247/2247/2247 2246/2246/2246 
f 2227/2227/2227 2248/2248/2248 2247/2247/2247 
f 2227/2227/2227 2250/2250/2250 2249/2249/2249 
f 2227/2227/2227 2251/2251/2251 2250/2250/2250 
f 2227/2227/2227 2252/2252/2252 2251/2251/2251 
f 2227/2227/2227 2253/2253/2253 2252/2252/2252 
f 2227/2227/2227 2254/2254/2254 2253/2253/2253 
f 2227/2227/2227 2255/2255/2255 2254/2254/2254 
f 2256/2256/2256 2257/2257/2257 2258/2258/2258 
f 2258/2258/2258 2257/2257/2257 2259/2259/2259 
f 2258/2258/2258 2259/2259/2259 2260/2260/2260 
f 2260/2260/2260 2259/2259/2259 2261/2261/2261 
f 2260/2260/2260 2261/2261/2261 2262/2262/2262 
f 2262/2262/2262 2261/2261/2261 2263/2263/2263 
f 2262/2262/2262 2263/2263/2263 2264/2264/2264 
f 2264/2264/2264 2263/2263/2263 2265/2265/2265 
f 2264/2264/2264 2265/2265/2265 2266/2266/2266 
f 2266/2266/2266 2265/2265/2265 2267/2267/2267 
f 2266/2266/2266 2267/2267/2267 2268/2268/2268 
f 2268/2268/2268 2267/2267/2267 2269/2269/2269 
f 2270/2270/2270 2271/2271/2271 2272/2272/2272 
f 2272/2272/2272 2271/2271/2271 2273/2273/2273 
f 2272/2272/2272 2273/2273/2273 2274/2274/2274 
f 2274/2274/2274 2273/2273/2273 2275/2275/2275 
f 2274/2274/2274 2275/2275/2275 2276/2276/2276 
f 2276/2276/2276 2275/2275/2275 2277/2277/2277 
f 2276/2276/2276 2277/2277/2277 2278/2278/2278 
f 2278/2278/2278 2277/2277/2277 2279/2279/2279 
f 2278/2278/2278 2279/2279/2279 2280/2280/2280 
f 2280/2280/2280 2279/2279/2279 2281/2281/2281 
f 2280/2280/2280 2281/2281/2281 2282/2282/2282 
f 2282/2282/2282 2281/2281/2281 2283/2283/2283 
f 2284/2284/2284 2286/2286/2286 2285/2285/2285 
f 2284/2284/2284 2287/2287/2287 2286/2286/2286 
f 2284/2284/2284 2288/2288/2288 2287/2287/2287 
f 2284/2284/2284 2289/2289/2289 2288/2288/2288 
f 2284/2284/2284 2290/2290/2290 2289/2289/2289 
f 2284/2284/2284 2291/2291/2291 2290/2290/2290 
f 2284/2284/2284 2293/2293/2293 2292/2292/2292 
f 2284/2284/2284 2294/2294/2294 2293/2293/2293 
f 2284/2284/2284 2295/2295/2295 2294/2294/2294 
f 2284/2284/2284 2296/2296/2296 2295/2295/2295 
f 2284/2284/2284 2297/2297/2297 2296/2296/2296 
f 2284/2284/2284 2298/2298/2298 2297/2297/2297 
f 2284/2284/2284 2300/2300/2300 2299/2299/2299 
f 2284/2284/2284 2301/2301/2301 2300/2300/2300 
f 2284/2284/2284 2302/2302/2302 2301/2301/2301 
f 2284/2284/2284 2303/2303/2303 2302/2302/2302 
f 2284/2284/2284 2304/2304/2304 2303/2303/2303 
f 2284/2284/2284 2305/2305/2305 2304/2304/2304 
f 2284/2284/2284 2307/2307/2307 2306/2306/2306 
f 2284/2284/2284 2308/2308/2308 2307/2307/2307 
f 2284/2284/2284 2309/2309/2309 2308/2308/2308 
f 2284/2284/2284 2310/2310/2310 2309/2309/2309 
f 2284/2284/2284 2311/2311/2311 2310/2310/2310 
f 2284/2284/2284 2312/2312/2312 2311/2311/2311 
f 2313/2313/2313 2314/2314/2314 2315/2315/2315 
f 2315/2315/2315 2314/2314/2314 2316/2316/2316 
f 2315/2315/2315 2316/2316/2316 2317/2317/2317 
f 2317/2317/2317 2316/2316/2316 2318/2318/2318 
f 2317/2317/2317 2318/2318/2318 2319/2319/2319 
f 2319/2319/2319 2318/2318/2318 2320/2320/2320 
f 2319/2319/2319 2320/2320/2320 2321/2321/2321 
f 2321/2321/2321 2320/2320/2320 2322/2322/2322 
f 2321/2321/2321 2322/2322/2322 2323/2323/2323 
f 2323/2323/2323 2322/2322/2322 2324/2324/2324 
f 2323/2323/2323 2324/2324/2324 2325/2325/2325 
f 2325/2325/2325 2324/2324/2324 2326/2326/2326 
f 2327/2327/2327 2328/2328/2328 2329/2329/2329 
f 2329/2329/2329 2328/2328/2328 2330/2330/2330 
f 2329/2329/2329 2330/2330/2330 2331/2331/2331 
f 2331/2331/2331 2330/2330/2330 2332/2332/2332 
f 2331/2331/2331 2332/2332/2332 2333/2333/2333 
f 2333/2333/2333 2332/2332/2332 2334/2334/2334 
f 2333/2333/2333 2334/2334/2334 2335/2335/2335 
f 2335/2335/2335 2334/2334/2334 2336/2336/2336 
f 2335/2335/2335 2336/2336/2336 2337/2337/2337 
f 2337/2337/2337 2336/2336/2336 2338/2338/2338 
f 2337/2337/2337 2338/2338/2338 2339/2339/2339 
f 2339/2339/2339 2338/2338/2338 2340/2340/2340 

g Part75

v 7.11037 4.17023 43.2303 
v 7.18768 4.07928 43.0106 
v 7.1413 4.0632 43.0065 
v 7.07717 4.04818 43.0146 
v 7.0032 4.04157 43.0446 
v 6.94024 4.04816 43.0937 
v 6.90111 4.06316 43.1452 
v 6.8815 4.07923 43.1874 
v 6.8815 4.07923 43.1874 
v 6.87079 4.09884 43.2313 
v 6.87109 4.12952 43.2902 
v 6.89387 4.1702 43.3553 
v 6.93887 4.21089 43.4076 
v 6.98968 4.24157 43.4373 
v 7.03306 4.26118 43.4499 
v 7.03306 4.26118 43.4499 
v 7.07945 4.27726 43.4541 
v 7.14358 4.29228 43.4459 
v 7.21754 4.29889 43.4159 
v 7.28051 4.29229 43.3669 
v 7.31964 4.2773 43.3154 
v 7.33924 4.26122 43.2732 
v 7.33924 4.26122 43.2732 
v 7.34996 4.24162 43.2292 
v 7.34966 4.21094 43.1704 
v 7.32688 4.17026 43.1053 
v 7.28188 4.12957 43.053 
v 7.23107 4.09889 43.0233 
v 7.18768 4.07928 43.0106 
v 6.51552 7.00494 41.8472 
v 7.33924 4.26122 43.2732 
v 6.52623 6.98534 41.8032 
v 7.34996 4.24162 43.2292 
v 6.52593 6.95466 41.7444 
v 7.34966 4.21094 43.1704 
v 6.50315 6.91397 41.6793 
v 7.32688 4.17026 43.1053 
v 6.45815 6.87329 41.627 
v 7.28188 4.12957 43.053 
v 6.40734 6.8426 41.5973 
v 7.23107 4.09889 43.0233 
v 6.36396 6.82299 41.5846 
v 7.18768 4.07928 43.0106 
v 7.33924 4.26122 43.2732 
v 6.51552 7.00494 41.8472 
v 7.31964 4.2773 43.3154 
v 6.49591 7.02101 41.8894 
v 7.28051 4.29229 43.3669 
v 6.45678 7.03601 41.9409 
v 7.21754 4.29889 43.4159 
v 6.39381 7.0426 41.9899 
v 7.14358 4.29228 43.4459 
v 6.31985 7.03599 42.0199 
v 7.07945 4.27726 43.4541 
v 6.25572 7.02098 42.0281 
v 7.03306 4.26118 43.4499 
v 6.20933 7.0049 42.0239 
v 6.28664 6.91395 41.8043 
v 6.51552 7.00494 41.8472 
v 6.49591 7.02101 41.8894 
v 6.45678 7.03601 41.9409 
v 6.39381 7.0426 41.9899 
v 6.31985 7.03599 42.0199 
v 6.25572 7.02098 42.0281 
v 6.20933 7.0049 42.0239 
v 6.20933 7.0049 42.0239 
v 6.16595 6.98529 42.0113 
v 6.11514 6.9546 41.9816 
v 6.07014 6.91392 41.9293 
v 6.04736 6.87323 41.8642 
v 6.04706 6.84256 41.8053 
v 6.05777 6.82295 41.7614 
v 6.05777 6.82295 41.7614 
v 6.07738 6.80688 41.7192 
v 6.11651 6.79188 41.6677 
v 6.17948 6.78529 41.6186 
v 6.25344 6.7919 41.5886 
v 6.31757 6.80691 41.5805 
v 6.36396 6.82299 41.5846 
v 6.36396 6.82299 41.5846 
v 6.40734 6.8426 41.5973 
v 6.45815 6.87329 41.627 
v 6.50315 6.91397 41.6793 
v 6.52593 6.95466 41.7444 
v 6.52623 6.98534 41.8032 
v 6.51552 7.00494 41.8472 
v 6.05777 6.82295 41.7614 
v 6.8815 4.07923 43.1874 
v 6.04706 6.84256 41.8053 
v 6.87079 4.09884 43.2313 
v 6.04736 6.87323 41.8642 
v 6.87109 4.12952 43.2902 
v 6.07014 6.91392 41.9293 
v 6.89387 4.1702 43.3553 
v 6.11514 6.9546 41.9816 
v 6.93887 4.21089 43.4076 
v 6.16595 6.98529 42.0113 
v 6.98968 4.24157 43.4373 
v 6.20933 7.0049 42.0239 
v 7.03306 4.26118 43.4499 
v 6.36396 6.82299 41.5846 
v 7.18768 4.07928 43.0106 
v 6.31757 6.80691 41.5805 
v 7.1413 4.0632 43.0065 
v 6.25344 6.7919 41.5886 
v 7.07717 4.04818 43.0146 
v 6.17948 6.78529 41.6186 
v 7.0032 4.04157 43.0446 
v 6.11651 6.79188 41.6677 
v 6.94024 4.04816 43.0937 
v 6.07738 6.80688 41.7192 
v 6.90111 4.06316 43.1452 
v 6.05777 6.82295 41.7614 
v 6.8815 4.07923 43.1874 

vn 0.259843 -0.858268 0.448819 
vn 0.259843 -0.858268 0.448819 
vn 0.259843 -0.858268 0.448819 
vn 0.259843 -0.858268 0.448819 
vn 0.259843 -0.858268 0.448819 
vn 0.259843 -0.858268 0.448819 
vn 0.259843 -0.858268 0.448819 
vn 0.259843 -0.858268 0.448819 
vn 0.259843 -0.858268 0.448819 
vn 0.259843 -0.858268 0.448819 
vn 0.259843 -0.858268 0.448819 
vn 0.259843 -0.858268 0.448819 
vn 0.259843 -0.858268 0.448819 
vn 0.259843 -0.858268 0.448819 
vn 0.259843 -0.858268 0.448819 
vn 0.259843 -0.858268 0.448819 
vn 0.259843 -0.858268 0.448819 
vn 0.259843 -0.858268 0.448819 
vn 0.259843 -0.858268 0.448819 
vn 0.259843 -0.858268 0.448819 
vn 0.259843 -0.858268 0.448819 
vn 0.259843 -0.858268 0.448819 
vn 0.259843 -0.858268 0.448819 
vn 0.259843 -0.858268 0.448819 
vn 0.259843 -0.858268 0.448819 
vn 0.259843 -0.858268 0.448819 
vn 0.259843 -0.858268 0.448819 
vn 0.259843 -0.858268 0.448819 
vn 0.259843 -0.858268 0.448819 
vn 0.913386 0.362205 0.173228 
vn 0.913386 0.362205 0.173228 
vn 0.96063 0.283465 -0.00787402 
vn 0.96063 0.283465 -0.00787402 
vn 0.96063 0.165354 -0.23622 
vn 0.96063 0.165354 -0.23622 
vn 0.866142 0 -0.503937 
vn 0.866142 0 -0.503937 
vn 0.685039 -0.165354 -0.708661 
vn 0.685039 -0.165354 -0.708661 
vn 0.480315 -0.283465 -0.826772 
vn 0.480315 -0.283465 -0.826772 
vn 0.307087 -0.362205 -0.88189 
vn 0.307087 -0.362205 -0.88189 
vn 0.913386 0.362205 0.173228 
vn 0.913386 0.362205 0.173228 
vn 0.834646 0.425197 0.338583 
vn 0.834646 0.425197 0.338583 
vn 0.677165 0.488189 0.543307 
vn 0.677165 0.488189 0.543307 
vn 0.425197 0.511811 0.740157 
vn 0.425197 0.511811 0.740157 
vn 0.133858 0.488189 0.866142 
vn 0.133858 0.488189 0.866142 
vn -0.125984 0.425197 0.897638 
vn -0.125984 0.425197 0.897638 
vn -0.307087 0.362205 0.88189 
vn -0.307087 0.362205 0.88189 
vn -0.259843 0.858268 -0.448819 
vn -0.259843 0.858268 -0.448819 
vn -0.259843 0.858268 -0.448819 
vn -0.259843 0.858268 -0.448819 
vn -0.259843 0.858268 -0.448819 
vn -0.259843 0.858268 -0.448819 
vn -0.259843 0.858268 -0.448819 
vn -0.259843 0.858268 -0.448819 
vn -0.259843 0.858268 -0.448819 
vn -0.259843 0.858268 -0.448819 
vn -0.259843 0.858268 -0.448819 
vn -0.259843 0.858268 -0.448819 
vn -0.259843 0.858268 -0.448819 
vn -0.259843 0.858268 -0.448819 
vn -0.259843 0.858268 -0.448819 
vn -0.259843 0.858268 -0.448819 
vn -0.259843 0.858268 -0.448819 
vn -0.259843 0.858268 -0.448819 
vn -0.259843 0.858268 -0.448819 
vn -0.259843 0.858268 -0.448819 
vn -0.259843 0.858268 -0.448819 
vn -0.259843 0.858268 -0.448819 
vn -0.259843 0.858268 -0.448819 
vn -0.259843 0.858268 -0.448819 
vn -0.259843 0.858268 -0.448819 
vn -0.259843 0.858268 -0.448819 
vn -0.259843 0.858268 -0.448819 
vn -0.259843 0.858268 -0.448819 
vn -0.259843 0.858268 -0.448819 
vn -0.913386 -0.362205 -0.173228 
vn -0.913386 -0.362205 -0.173228 
vn -0.96063 -0.283465 0.00787402 
vn -0.96063 -0.283465 0.00787402 
vn -0.96063 -0.165354 0.23622 
vn -0.96063 -0.165354 0.23622 
vn -0.866142 0 0.503937 
vn -0.866142 0 0.503937 
vn -0.685039 0.165354 0.708661 
vn -0.685039 0.165354 0.708661 
vn -0.480315 0.283465 0.826772 
vn -0.480315 0.283465 0.826772 
vn -0.307087 0.362205 0.88189 
vn -0.307087 0.362205 0.88189 
vn 0.307087 -0.362205 -0.88189 
vn 0.307087 -0.362205 -0.88189 
vn 0.125984 -0.425197 -0.897638 
vn 0.125984 -0.425197 -0.897638 
vn -0.133858 -0.488189 -0.866142 
vn -0.133858 -0.488189 -0.866142 
vn -0.425197 -0.511811 -0.740157 
vn -0.425197 -0.511811 -0.740157 
vn -0.677165 -0.488189 -0.543307 
vn -0.677165 -0.488189 -0.543307 
vn -0.834646 -0.425197 -0.338583 
vn -0.834646 -0.425197 -0.338583 
vn -0.913386 -0.362205 -0.173228 
vn -0.913386 -0.362205 -0.173228 

vt 1.53125 -1.78125 
vt 1.55335 -1.80335 
vt 1.54858 -1.80725 
vt 1.54113 -1.8109 
vt 1.53125 -1.8125 
vt 1.52137 -1.8109 
vt 1.51392 -1.80725 
vt 1.50915 -1.80335 
vt 1.50915 -1.80335 
vt 1.50525 -1.79858 
vt 1.5016 -1.79113 
vt 1.5 -1.78125 
vt 1.5016 -1.77137 
vt 1.50525 -1.76392 
vt 1.50915 -1.75915 
vt 1.50915 -1.75915 
vt 1.51392 -1.75525 
vt 1.52137 -1.7516 
vt 1.53125 -1.75 
vt 1.54113 -1.7516 
vt 1.54858 -1.75525 
vt 1.55335 -1.75915 
vt 1.55335 -1.75915 
vt 1.55725 -1.76392 
vt 1.5609 -1.77137 
vt 1.5625 -1.78125 
vt 1.5609 -1.79113 
vt 1.55725 -1.79858 
vt 1.55335 -1.80335 
vt 3.4 -4.5 
vt 3 -4.5 
vt 3.4 -4.51042 
vt 3 -4.51042 
vt 3.4 -4.52083 
vt 3 -4.52083 
vt 3.4 -4.53125 
vt 3 -4.53125 
vt 3.4 -4.54167 
vt 3 -4.54167 
vt 3.4 -4.55208 
vt 3 -4.55208 
vt 3.4 -4.5625 
vt 3 -4.5625 
vt 3.4 -4.5 
vt 3 -4.5 
vt 3.4 -4.51042 
vt 3 -4.51042 
vt 3.4 -4.52083 
vt 3 -4.52083 
vt 3.4 -4.53125 
vt 3 -4.53125 
vt 3.4 -4.54167 
vt 3 -4.54167 
vt 3.4 -4.55208 
vt 3 -4.55208 
vt 3.4 -4.5625 
vt 3 -4.5625 
vt 1.53125 -1.78125 
vt 1.50915 -1.75915 
vt 1.51392 -1.75525 
vt 1.52137 -1.7516 
vt 1.53125 -1.75 
vt 1.54113 -1.7516 
vt 1.54858 -1.75525 
vt 1.55335 -1.75915 
vt 1.55335 -1.75915 
vt 1.55725 -1.76392 
vt 1.5609 -1.77137 
vt 1.5625 -1.78125 
vt 1.5609 -1.79113 
vt 1.55725 -1.79858 
vt 1.55335 -1.80335 
vt 1.55335 -1.80335 
vt 1.54858 -1.80725 
vt 1.54113 -1.8109 
vt 1.53125 -1.8125 
vt 1.52137 -1.8109 
vt 1.51392 -1.80725 
vt 1.50915 -1.80335 
vt 1.50915 -1.80335 
vt 1.50525 -1.79858 
vt 1.5016 -1.79113 
vt 1.5 -1.78125 
vt 1.5016 -1.77137 
vt 1.50525 -1.76392 
vt 1.50915 -1.75915 
vt 3.4 -4.5 
vt 3 -4.5 
vt 3.4 -4.51042 
vt 3 -4.51042 
vt 3.4 -4.52083 
vt 3 -4.52083 
vt 3.4 -4.53125 
vt 3 -4.53125 
vt 3.4 -4.54167 
vt 3 -4.54167 
vt 3.4 -4.55208 
vt 3 -4.55208 
vt 3.4 -4.5625 
vt 3 -4.5625 
vt 3.4 -4.5 
vt 3 -4.5 
vt 3.4 -4.51042 
vt 3 -4.51042 
vt 3.4 -4.52083 
vt 3 -4.52083 
vt 3.4 -4.53125 
vt 3 -4.53125 
vt 3.4 -4.54167 
vt 3 -4.54167 
vt 3.4 -4.55208 
vt 3 -4.55208 
vt 3.4 -4.5625 
vt 3 -4.5625 

usemtl Part68Mtl

f 2341/2341/2341 2343/2343/2343 2342/2342/2342 
f 2341/2341/2341 2344/2344/2344 2343/2343/2343 
f 2341/2341/2341 2345/2345/2345 2344/2344/2344 
f 2341/2341/2341 2346/2346/2346 2345/2345/2345 
f 2341/2341/2341 2347/2347/2347 2346/2346/2346 
f 2341/2341/2341 2348/2348/2348 2347/2347/2347 
f 2341/2341/2341 2350/2350/2350 2349/2349/2349 
f 2341/2341/2341 2351/2351/2351 2350/2350/2350 
f 2341/2341/2341 2352/2352/2352 2351/2351/2351 
f 2341/2341/2341 2353/2353/2353 2352/2352/2352 
f 2341/2341/2341 2354/2354/2354 2353/2353/2353 
f 2341/2341/2341 2355/2355/2355 2354/2354/2354 
f 2341/2341/2341 2357/2357/2357 2356/2356/2356 
f 2341/2341/2341 2358/2358/2358 2357/2357/2357 
f 2341/2341/2341 2359/2359/2359 2358/2358/2358 
f 2341/2341/2341 2360/2360/2360 2359/2359/2359 
f 2341/2341/2341 2361/2361/2361 2360/2360/2360 
f 2341/2341/2341 2362/2362/2362 2361/2361/2361 
f 2341/2341/2341 2364/2364/2364 2363/2363/2363 
f 2341/2341/2341 2365/2365/2365 2364/2364/2364 
f 2341/2341/2341 2366/2366/2366 2365/2365/2365 
f 2341/2341/2341 2367/2367/2367 2366/2366/2366 
f 2341/2341/2341 2368/2368/2368 2367/2367/2367 
f 2341/2341/2341 2369/2369/2369 2368/2368/2368 
f 2370/2370/2370 2371/2371/2371 2372/2372/2372 
f 2372/2372/2372 2371/2371/2371 2373/2373/2373 
f 2372/2372/2372 2373/2373/2373 2374/2374/2374 
f 2374/2374/2374 2373/2373/2373 2375/2375/2375 
f 2374/2374/2374 2375/2375/2375 2376/2376/2376 
f 2376/2376/2376 2375/2375/2375 2377/2377/2377 
f 2376/2376/2376 2377/2377/2377 2378/2378/2378 
f 2378/2378/2378 2377/2377/2377 2379/2379/2379 
f 2378/2378/2378 2379/2379/2379 2380/2380/2380 
f 2380/2380/2380 2379/2379/2379 2381/2381/2381 
f 2380/2380/2380 2381/2381/2381 2382/2382/2382 
f 2382/2382/2382 2381/2381/2381 2383/2383/2383 
f 2384/2384/2384 2385/2385/2385 2386/2386/2386 
f 2386/2386/2386 2385/2385/2385 2387/2387/2387 
f 2386/2386/2386 2387/2387/2387 2388/2388/2388 
f 2388/2388/2388 2387/2387/2387 2389/2389/2389 
f 2388/2388/2388 2389/2389/2389 2390/2390/2390 
f 2390/2390/2390 2389/2389/2389 2391/2391/2391 
f 2390/2390/2390 2391/2391/2391 2392/2392/2392 
f 2392/2392/2392 2391/2391/2391 2393/2393/2393 
f 2392/2392/2392 2393/2393/2393 2394/2394/2394 
f 2394/2394/2394 2393/2393/2393 2395/2395/2395 
f 2394/2394/2394 2395/2395/2395 2396/2396/2396 
f 2396/2396/2396 2395/2395/2395 2397/2397/2397 
f 2398/2398/2398 2400/2400/2400 2399/2399/2399 
f 2398/2398/2398 2401/2401/2401 2400/2400/2400 
f 2398/2398/2398 2402/2402/2402 2401/2401/2401 
f 2398/2398/2398 2403/2403/2403 2402/2402/2402 
f 2398/2398/2398 2404/2404/2404 2403/2403/2403 
f 2398/2398/2398 2405/2405/2405 2404/2404/2404 
f 2398/2398/2398 2407/2407/2407 2406/2406/2406 
f 2398/2398/2398 2408/2408/2408 2407/2407/2407 
f 2398/2398/2398 2409/2409/2409 2408/2408/2408 
f 2398/2398/2398 2410/2410/2410 2409/2409/2409 
f 2398/2398/2398 2411/2411/2411 2410/2410/2410 
f 2398/2398/2398 2412/2412/2412 2411/2411/2411 
f 2398/2398/2398 2414/2414/2414 2413/2413/2413 
f 2398/2398/2398 2415/2415/2415 2414/2414/2414 
f 2398/2398/2398 2416/2416/2416 2415/2415/2415 
f 2398/2398/2398 2417/2417/2417 2416/2416/2416 
f 2398/2398/2398 2418/2418/2418 2417/2417/2417 
f 2398/2398/2398 2419/2419/2419 2418/2418/2418 
f 2398/2398/2398 2421/2421/2421 2420/2420/2420 
f 2398/2398/2398 2422/2422/2422 2421/2421/2421 
f 2398/2398/2398 2423/2423/2423 2422/2422/2422 
f 2398/2398/2398 2424/2424/2424 2423/2423/2423 
f 2398/2398/2398 2425/2425/2425 2424/2424/2424 
f 2398/2398/2398 2426/2426/2426 2425/2425/2425 
f 2427/2427/2427 2428/2428/2428 2429/2429/2429 
f 2429/2429/2429 2428/2428/2428 2430/2430/2430 
f 2429/2429/2429 2430/2430/2430 2431/2431/2431 
f 2431/2431/2431 2430/2430/2430 2432/2432/2432 
f 2431/2431/2431 2432/2432/2432 2433/2433/2433 
f 2433/2433/2433 2432/2432/2432 2434/2434/2434 
f 2433/2433/2433 2434/2434/2434 2435/2435/2435 
f 2435/2435/2435 2434/2434/2434 2436/2436/2436 
f 2435/2435/2435 2436/2436/2436 2437/2437/2437 
f 2437/2437/2437 2436/2436/2436 2438/2438/2438 
f 2437/2437/2437 2438/2438/2438 2439/2439/2439 
f 2439/2439/2439 2438/2438/2438 2440/2440/2440 
f 2441/2441/2441 2442/2442/2442 2443/2443/2443 
f 2443/2443/2443 2442/2442/2442 2444/2444/2444 
f 2443/2443/2443 2444/2444/2444 2445/2445/2445 
f 2445/2445/2445 2444/2444/2444 2446/2446/2446 
f 2445/2445/2445 2446/2446/2446 2447/2447/2447 
f 2447/2447/2447 2446/2446/2446 2448/2448/2448 
f 2447/2447/2447 2448/2448/2448 2449/2449/2449 
f 2449/2449/2449 2448/2448/2448 2450/2450/2450 
f 2449/2449/2449 2450/2450/2450 2451/2451/2451 
f 2451/2451/2451 2450/2450/2450 2452/2452/2452 
f 2451/2451/2451 2452/2452/2452 2453/2453/2453 
f 2453/2453/2453 2452/2452/2452 2454/2454/2454 

g Part76

v 7.11034 4.67023 43.2302 
v 7.18765 4.57927 43.0106 
v 7.14127 4.56319 43.0064 
v 7.07714 4.54818 43.0146 
v 7.00317 4.54157 43.0446 
v 6.94021 4.54816 43.0937 
v 6.90108 4.56316 43.1451 
v 6.88147 4.57923 43.1874 
v 6.88147 4.57923 43.1874 
v 6.87076 4.59884 43.2313 
v 6.87106 4.62952 43.2901 
v 6.89384 4.6702 43.3553 
v 6.93884 4.71089 43.4075 
v 6.98965 4.74157 43.4372 
v 7.03303 4.76118 43.4499 
v 7.03303 4.76118 43.4499 
v 7.07942 4.77726 43.4541 
v 7.14355 4.79227 43.4459 
v 7.21751 4.79889 43.4159 
v 7.28048 4.79229 43.3668 
v 7.31961 4.77729 43.3154 
v 7.33921 4.76122 43.2731 
v 7.33921 4.76122 43.2731 
v 7.34993 4.74162 43.2292 
v 7.34963 4.71094 43.1704 
v 7.32685 4.67026 43.1052 
v 7.28185 4.62957 43.053 
v 7.23104 4.59889 43.0233 
v 7.18765 4.57927 43.0106 
v 6.51548 7.50494 41.8471 
v 7.33921 4.76122 43.2731 
v 6.5262 7.48534 41.8032 
v 7.34993 4.74162 43.2292 
v 6.5259 7.45466 41.7444 
v 7.34963 4.71094 43.1704 
v 6.50312 7.41397 41.6792 
v 7.32685 4.67026 43.1052 
v 6.45812 7.37329 41.6269 
v 7.28185 4.62957 43.053 
v 6.40731 7.3426 41.5973 
v 7.23104 4.59889 43.0233 
v 6.36392 7.32299 41.5846 
v 7.18765 4.57927 43.0106 
v 7.33921 4.76122 43.2731 
v 6.51548 7.50494 41.8471 
v 7.31961 4.77729 43.3154 
v 6.49588 7.52101 41.8894 
v 7.28048 4.79229 43.3668 
v 6.45675 7.53601 41.9408 
v 7.21751 4.79889 43.4159 
v 6.39378 7.5426 41.9899 
v 7.14355 4.79227 43.4459 
v 6.31982 7.53599 42.0199 
v 7.07942 4.77726 43.4541 
v 6.25569 7.52098 42.028 
v 7.03303 4.76118 43.4499 
v 6.2093 7.5049 42.0239 
v 6.28661 7.41394 41.8042 
v 6.51548 7.50494 41.8471 
v 6.49588 7.52101 41.8894 
v 6.45675 7.53601 41.9408 
v 6.39378 7.5426 41.9899 
v 6.31982 7.53599 42.0199 
v 6.25569 7.52098 42.028 
v 6.2093 7.5049 42.0239 
v 6.2093 7.5049 42.0239 
v 6.16592 7.48529 42.0112 
v 6.11511 7.4546 41.9815 
v 6.07011 7.41392 41.9292 
v 6.04733 7.37323 41.8641 
v 6.04703 7.34255 41.8053 
v 6.05774 7.32295 41.7614 
v 6.05774 7.32295 41.7614 
v 6.07735 7.30688 41.7191 
v 6.11648 7.29188 41.6677 
v 6.17945 7.28529 41.6186 
v 6.25341 7.2919 41.5886 
v 6.31754 7.30691 41.5804 
v 6.36392 7.32299 41.5846 
v 6.36392 7.32299 41.5846 
v 6.40731 7.3426 41.5973 
v 6.45812 7.37329 41.6269 
v 6.50312 7.41397 41.6792 
v 6.5259 7.45466 41.7444 
v 6.5262 7.48534 41.8032 
v 6.51548 7.50494 41.8471 
v 6.05774 7.32295 41.7614 
v 6.88147 4.57923 43.1874 
v 6.04703 7.34255 41.8053 
v 6.87076 4.59884 43.2313 
v 6.04733 7.37323 41.8641 
v 6.87106 4.62952 43.2901 
v 6.07011 7.41392 41.9292 
v 6.89384 4.6702 43.3553 
v 6.11511 7.4546 41.9815 
v 6.93884 4.71089 43.4075 
v 6.16592 7.48529 42.0112 
v 6.98965 4.74157 43.4372 
v 6.2093 7.5049 42.0239 
v 7.03303 4.76118 43.4499 
v 6.36392 7.32299 41.5846 
v 7.18765 4.57927 43.0106 
v 6.31754 7.30691 41.5804 
v 7.14127 4.56319 43.0064 
v 6.25341 7.2919 41.5886 
v 7.07714 4.54818 43.0146 
v 6.17945 7.28529 41.6186 
v 7.00317 4.54157 43.0446 
v 6.11648 7.29188 41.6677 
v 6.94021 4.54816 43.0937 
v 6.07735 7.30688 41.7191 
v 6.90108 4.56316 43.1451 
v 6.05774 7.32295 41.7614 
v 6.88147 4.57923 43.1874 

vn 0.259843 -0.858268 0.448819 
vn 0.259843 -0.858268 0.448819 
vn 0.259843 -0.858268 0.448819 
vn 0.259843 -0.858268 0.448819 
vn 0.259843 -0.858268 0.448819 
vn 0.259843 -0.858268 0.448819 
vn 0.259843 -0.858268 0.448819 
vn 0.259843 -0.858268 0.448819 
vn 0.259843 -0.858268 0.448819 
vn 0.259843 -0.858268 0.448819 
vn 0.259843 -0.858268 0.448819 
vn 0.259843 -0.858268 0.448819 
vn 0.259843 -0.858268 0.448819 
vn 0.259843 -0.858268 0.448819 
vn 0.259843 -0.858268 0.448819 
vn 0.259843 -0.858268 0.448819 
vn 0.259843 -0.858268 0.448819 
vn 0.259843 -0.858268 0.448819 
vn 0.259843 -0.858268 0.448819 
vn 0.259843 -0.858268 0.448819 
vn 0.259843 -0.858268 0.448819 
vn 0.259843 -0.858268 0.448819 
vn 0.259843 -0.858268 0.448819 
vn 0.259843 -0.858268 0.448819 
vn 0.259843 -0.858268 0.448819 
vn 0.259843 -0.858268 0.448819 
vn 0.259843 -0.858268 0.448819 
vn 0.259843 -0.858268 0.448819 
vn 0.259843 -0.858268 0.448819 
vn 0.913386 0.362205 0.173228 
vn 0.913386 0.362205 0.173228 
vn 0.96063 0.283465 -0.00787402 
vn 0.96063 0.283465 -0.00787402 
vn 0.96063 0.165354 -0.23622 
vn 0.96063 0.165354 -0.23622 
vn 0.866142 0 -0.503937 
vn 0.866142 0 -0.503937 
vn 0.685039 -0.165354 -0.708661 
vn 0.685039 -0.165354 -0.708661 
vn 0.480315 -0.283465 -0.826772 
vn 0.480315 -0.283465 -0.826772 
vn 0.307087 -0.362205 -0.88189 
vn 0.307087 -0.362205 -0.88189 
vn 0.913386 0.362205 0.173228 
vn 0.913386 0.362205 0.173228 
vn 0.834646 0.425197 0.338583 
vn 0.834646 0.425197 0.338583 
vn 0.677165 0.488189 0.543307 
vn 0.677165 0.488189 0.543307 
vn 0.425197 0.511811 0.740157 
vn 0.425197 0.511811 0.740157 
vn 0.133858 0.488189 0.866142 
vn 0.133858 0.488189 0.866142 
vn -0.125984 0.425197 0.897638 
vn -0.125984 0.425197 0.897638 
vn -0.307087 0.362205 0.88189 
vn -0.307087 0.362205 0.88189 
vn -0.259843 0.858268 -0.448819 
vn -0.259843 0.858268 -0.448819 
vn -0.259843 0.858268 -0.448819 
vn -0.259843 0.858268 -0.448819 
vn -0.259843 0.858268 -0.448819 
vn -0.259843 0.858268 -0.448819 
vn -0.259843 0.858268 -0.448819 
vn -0.259843 0.858268 -0.448819 
vn -0.259843 0.858268 -0.448819 
vn -0.259843 0.858268 -0.448819 
vn -0.259843 0.858268 -0.448819 
vn -0.259843 0.858268 -0.448819 
vn -0.259843 0.858268 -0.448819 
vn -0.259843 0.858268 -0.448819 
vn -0.259843 0.858268 -0.448819 
vn -0.259843 0.858268 -0.448819 
vn -0.259843 0.858268 -0.448819 
vn -0.259843 0.858268 -0.448819 
vn -0.259843 0.858268 -0.448819 
vn -0.259843 0.858268 -0.448819 
vn -0.259843 0.858268 -0.448819 
vn -0.259843 0.858268 -0.448819 
vn -0.259843 0.858268 -0.448819 
vn -0.259843 0.858268 -0.448819 
vn -0.259843 0.858268 -0.448819 
vn -0.259843 0.858268 -0.448819 
vn -0.259843 0.858268 -0.448819 
vn -0.259843 0.858268 -0.448819 
vn -0.259843 0.858268 -0.448819 
vn -0.913386 -0.362205 -0.173228 
vn -0.913386 -0.362205 -0.173228 
vn -0.96063 -0.283465 0.00787402 
vn -0.96063 -0.283465 0.00787402 
vn -0.96063 -0.165354 0.23622 
vn -0.96063 -0.165354 0.23622 
vn -0.866142 0 0.503937 
vn -0.866142 0 0.503937 
vn -0.685039 0.165354 0.708661 
vn -0.685039 0.165354 0.708661 
vn -0.480315 0.283465 0.826772 
vn -0.480315 0.283465 0.826772 
vn -0.307087 0.362205 0.88189 
vn -0.307087 0.362205 0.88189 
vn 0.307087 -0.362205 -0.88189 
vn 0.307087 -0.362205 -0.88189 
vn 0.125984 -0.425197 -0.897638 
vn 0.125984 -0.425197 -0.897638 
vn -0.133858 -0.488189 -0.866142 
vn -0.133858 -0.488189 -0.866142 
vn -0.425197 -0.511811 -0.740157 
vn -0.425197 -0.511811 -0.740157 
vn -0.677165 -0.488189 -0.543307 
vn -0.677165 -0.488189 -0.543307 
vn -0.834646 -0.425197 -0.338583 
vn -0.834646 -0.425197 -0.338583 
vn -0.913386 -0.362205 -0.173228 
vn -0.913386 -0.362205 -0.173228 

vt 1.78125 -5.28125 
vt 1.80335 -5.30335 
vt 1.79858 -5.30725 
vt 1.79113 -5.3109 
vt 1.78125 -5.3125 
vt 1.77137 -5.3109 
vt 1.76392 -5.30725 
vt 1.75915 -5.30335 
vt 1.75915 -5.30335 
vt 1.75525 -5.29858 
vt 1.7516 -5.29113 
vt 1.75 -5.28125 
vt 1.7516 -5.27137 
vt 1.75525 -5.26392 
vt 1.75915 -5.25915 
vt 1.75915 -5.25915 
vt 1.76392 -5.25525 
vt 1.77137 -5.2516 
vt 1.78125 -5.25 
vt 1.79113 -5.2516 
vt 1.79858 -5.25525 
vt 1.80335 -5.25915 
vt 1.80335 -5.25915 
vt 1.80725 -5.26392 
vt 1.8109 -5.27137 
vt 1.8125 -5.28125 
vt 1.8109 -5.29113 
vt 1.80725 -5.29858 
vt 1.80335 -5.30335 
vt 3.9 -11.5 
vt 3.5 -11.5 
vt 3.9 -11.5104 
vt 3.5 -11.5104 
vt 3.9 -11.5208 
vt 3.5 -11.5208 
vt 3.9 -11.5312 
vt 3.5 -11.5312 
vt 3.9 -11.5417 
vt 3.5 -11.5417 
vt 3.9 -11.5521 
vt 3.5 -11.5521 
vt 3.9 -11.5625 
vt 3.5 -11.5625 
vt 3.9 -11.5 
vt 3.5 -11.5 
vt 3.9 -11.5104 
vt 3.5 -11.5104 
vt 3.9 -11.5208 
vt 3.5 -11.5208 
vt 3.9 -11.5312 
vt 3.5 -11.5312 
vt 3.9 -11.5417 
vt 3.5 -11.5417 
vt 3.9 -11.5521 
vt 3.5 -11.5521 
vt 3.9 -11.5625 
vt 3.5 -11.5625 
vt 1.78125 -5.28125 
vt 1.75915 -5.25915 
vt 1.76392 -5.25525 
vt 1.77137 -5.2516 
vt 1.78125 -5.25 
vt 1.79113 -5.2516 
vt 1.79858 -5.25525 
vt 1.80335 -5.25915 
vt 1.80335 -5.25915 
vt 1.80725 -5.26392 
vt 1.8109 -5.27137 
vt 1.8125 -5.28125 
vt 1.8109 -5.29113 
vt 1.80725 -5.29858 
vt 1.80335 -5.30335 
vt 1.80335 -5.30335 
vt 1.79858 -5.30725 
vt 1.79113 -5.3109 
vt 1.78125 -5.3125 
vt 1.77137 -5.3109 
vt 1.76392 -5.30725 
vt 1.75915 -5.30335 
vt 1.75915 -5.30335 
vt 1.75525 -5.29858 
vt 1.7516 -5.29113 
vt 1.75 -5.28125 
vt 1.7516 -5.27137 
vt 1.75525 -5.26392 
vt 1.75915 -5.25915 
vt 3.9 -11.5 
vt 3.5 -11.5 
vt 3.9 -11.5104 
vt 3.5 -11.5104 
vt 3.9 -11.5208 
vt 3.5 -11.5208 
vt 3.9 -11.5312 
vt 3.5 -11.5312 
vt 3.9 -11.5417 
vt 3.5 -11.5417 
vt 3.9 -11.5521 
vt 3.5 -11.5521 
vt 3.9 -11.5625 
vt 3.5 -11.5625 
vt 3.9 -11.5 
vt 3.5 -11.5 
vt 3.9 -11.5104 
vt 3.5 -11.5104 
vt 3.9 -11.5208 
vt 3.5 -11.5208 
vt 3.9 -11.5312 
vt 3.5 -11.5312 
vt 3.9 -11.5417 
vt 3.5 -11.5417 
vt 3.9 -11.5521 
vt 3.5 -11.5521 
vt 3.9 -11.5625 
vt 3.5 -11.5625 

usemtl Part68Mtl

f 2455/2455/2455 2457/2457/2457 2456/2456/2456 
f 2455/2455/2455 2458/2458/2458 2457/2457/2457 
f 2455/2455/2455 2459/2459/2459 2458/2458/2458 
f 2455/2455/2455 2460/2460/2460 2459/2459/2459 
f 2455/2455/2455 2461/2461/2461 2460/2460/2460 
f 2455/2455/2455 2462/2462/2462 2461/2461/2461 
f 2455/2455/2455 2464/2464/2464 2463/2463/2463 
f 2455/2455/2455 2465/2465/2465 2464/2464/2464 
f 2455/2455/2455 2466/2466/2466 2465/2465/2465 
f 2455/2455/2455 2467/2467/2467 2466/2466/2466 
f 2455/2455/2455 2468/2468/2468 2467/2467/2467 
f 2455/2455/2455 2469/2469/2469 2468/2468/2468 
f 2455/2455/2455 2471/2471/2471 2470/2470/2470 
f 2455/2455/2455 2472/2472/2472 2471/2471/2471 
f 2455/2455/2455 2473/2473/2473 2472/2472/2472 
f 2455/2455/2455 2474/2474/2474 2473/2473/2473 
f 2455/2455/2455 2475/2475/2475 2474/2474/2474 
f 2455/2455/2455 2476/2476/2476 2475/2475/2475 
f 2455/2455/2455 2478/2478/2478 2477/2477/2477 
f 2455/2455/2455 2479/2479/2479 2478/2478/2478 
f 2455/2455/2455 2480/2480/2480 2479/2479/2479 
f 2455/2455/2455 2481/2481/2481 2480/2480/2480 
f 2455/2455/2455 2482/2482/2482 2481/2481/2481 
f 2455/2455/2455 2483/2483/2483 2482/2482/2482 
f 2484/2484/2484 2485/2485/2485 2486/2486/2486 
f 2486/2486/2486 2485/2485/2485 2487/2487/2487 
f 2486/2486/2486 2487/2487/2487 2488/2488/2488 
f 2488/2488/2488 2487/2487/2487 2489/2489/2489 
f 2488/2488/2488 2489/2489/2489 2490/2490/2490 
f 2490/2490/2490 2489/2489/2489 2491/2491/2491 
f 2490/2490/2490 2491/2491/2491 2492/2492/2492 
f 2492/2492/2492 2491/2491/2491 2493/2493/2493 
f 2492/2492/2492 2493/2493/2493 2494/2494/2494 
f 2494/2494/2494 2493/2493/2493 2495/2495/2495 
f 2494/2494/2494 2495/2495/2495 2496/2496/2496 
f 2496/2496/2496 2495/2495/2495 2497/2497/2497 
f 2498/2498/2498 2499/2499/2499 2500/2500/2500 
f 2500/2500/2500 2499/2499/2499 2501/2501/2501 
f 2500/2500/2500 2501/2501/2501 2502/2502/2502 
f 2502/2502/2502 2501/2501/2501 2503/2503/2503 
f 2502/2502/2502 2503/2503/2503 2504/2504/2504 
f 2504/2504/2504 2503/2503/2503 2505/2505/2505 
f 2504/2504/2504 2505/2505/2505 2506/2506/2506 
f 2506/2506/2506 2505/2505/2505 2507/2507/2507 
f 2506/2506/2506 2507/2507/2507 2508/2508/2508 
f 2508/2508/2508 2507/2507/2507 2509/2509/2509 
f 2508/2508/2508 2509/2509/2509 2510/2510/2510 
f 2510/2510/2510 2509/2509/2509 2511/2511/2511 
f 2512/2512/2512 2514/2514/2514 2513/2513/2513 
f 2512/2512/2512 2515/2515/2515 2514/2514/2514 
f 2512/2512/2512 2516/2516/2516 2515/2515/2515 
f 2512/2512/2512 2517/2517/2517 2516/2516/2516 
f 2512/2512/2512 2518/2518/2518 2517/2517/2517 
f 2512/2512/2512 2519/2519/2519 2518/2518/2518 
f 2512/2512/2512 2521/2521/2521 2520/2520/2520 
f 2512/2512/2512 2522/2522/2522 2521/2521/2521 
f 2512/2512/2512 2523/2523/2523 2522/2522/2522 
f 2512/2512/2512 2524/2524/2524 2523/2523/2523 
f 2512/2512/2512 2525/2525/2525 2524/2524/2524 
f 2512/2512/2512 2526/2526/2526 2525/2525/2525 
f 2512/2512/2512 2528/2528/2528 2527/2527/2527 
f 2512/2512/2512 2529/2529/2529 2528/2528/2528 
f 2512/2512/2512 2530/2530/2530 2529/2529/2529 
f 2512/2512/2512 2531/2531/2531 2530/2530/2530 
f 2512/2512/2512 2532/2532/2532 2531/2531/2531 
f 2512/2512/2512 2533/2533/2533 2532/2532/2532 
f 2512/2512/2512 2535/2535/2535 2534/2534/2534 
f 2512/2512/2512 2536/2536/2536 2535/2535/2535 
f 2512/2512/2512 2537/2537/2537 2536/2536/2536 
f 2512/2512/2512 2538/2538/2538 2537/2537/2537 
f 2512/2512/2512 2539/2539/2539 2538/2538/2538 
f 2512/2512/2512 2540/2540/2540 2539/2539/2539 
f 2541/2541/2541 2542/2542/2542 2543/2543/2543 
f 2543/2543/2543 2542/2542/2542 2544/2544/2544 
f 2543/2543/2543 2544/2544/2544 2545/2545/2545 
f 2545/2545/2545 2544/2544/2544 2546/2546/2546 
f 2545/2545/2545 2546/2546/2546 2547/2547/2547 
f 2547/2547/2547 2546/2546/2546 2548/2548/2548 
f 2547/2547/2547 2548/2548/2548 2549/2549/2549 
f 2549/2549/2549 2548/2548/2548 2550/2550/2550 
f 2549/2549/2549 2550/2550/2550 2551/2551/2551 
f 2551/2551/2551 2550/2550/2550 2552/2552/2552 
f 2551/2551/2551 2552/2552/2552 2553/2553/2553 
f 2553/2553/2553 2552/2552/2552 2554/2554/2554 
f 2555/2555/2555 2556/2556/2556 2557/2557/2557 
f 2557/2557/2557 2556/2556/2556 2558/2558/2558 
f 2557/2557/2557 2558/2558/2558 2559/2559/2559 
f 2559/2559/2559 2558/2558/2558 2560/2560/2560 
f 2559/2559/2559 2560/2560/2560 2561/2561/2561 
f 2561/2561/2561 2560/2560/2560 2562/2562/2562 
f 2561/2561/2561 2562/2562/2562 2563/2563/2563 
f 2563/2563/2563 2562/2562/2562 2564/2564/2564 
f 2563/2563/2563 2564/2564/2564 2565/2565/2565 
f 2565/2565/2565 2564/2564/2564 2566/2566/2566 
f 2565/2565/2565 2566/2566/2566 2567/2567/2567 
f 2567/2567/2567 2566/2566/2566 2568/2568/2568 

g Part77

v 5.27779 1.86785 43.6561 
v 5.79542 1.86774 41.7243 
v 5.4065 1.86769 41.6603 
v 4.87682 1.86764 41.6967 
v 4.27779 1.8676 41.9241 
v 3.78138 1.86758 42.3292 
v 3.48497 1.86758 42.7697 
v 3.34594 1.8676 43.1385 
v 3.34594 1.8676 43.1385 
v 3.28194 1.86762 43.5274 
v 3.3184 1.86767 44.0571 
v 3.54575 1.86775 44.6561 
v 3.95086 1.86783 45.1525 
v 4.39135 1.8679 45.4489 
v 4.76016 1.86795 45.588 
v 4.76016 1.86795 45.588 
v 5.14908 1.868 45.652 
v 5.67876 1.86805 45.6155 
v 6.2778 1.8681 45.3882 
v 6.77421 1.86812 44.9831 
v 7.07062 1.86811 44.5426 
v 7.20965 1.86809 44.1738 
v 7.20965 1.86809 44.1738 
v 7.27365 1.86807 43.7848 
v 7.23719 1.86802 43.2552 
v 7.00984 1.86795 42.6561 
v 6.60473 1.86786 42.1597 
v 6.16424 1.86779 41.8633 
v 5.79542 1.86774 41.7243 
v 7.20927 5.46809 44.1735 
v 7.20965 1.86809 44.1738 
v 7.27327 5.46807 43.7845 
v 7.27365 1.86807 43.7848 
v 7.23681 5.46802 43.2549 
v 7.23719 1.86802 43.2552 
v 7.00946 5.46795 42.6558 
v 7.00984 1.86795 42.6561 
v 6.60435 5.46786 42.1594 
v 6.60473 1.86786 42.1597 
v 6.16386 5.46779 41.863 
v 6.16424 1.86779 41.8633 
v 5.79504 5.46774 41.724 
v 5.79542 1.86774 41.7243 
v 7.20965 1.86809 44.1738 
v 7.20927 5.46809 44.1735 
v 7.07062 1.86811 44.5426 
v 7.07024 5.46811 44.5423 
v 6.77421 1.86812 44.9831 
v 6.77382 5.46812 44.9828 
v 6.2778 1.8681 45.3882 
v 6.27742 5.4681 45.3879 
v 5.67876 1.86805 45.6155 
v 5.67838 5.46805 45.6152 
v 5.14908 1.868 45.652 
v 5.1487 5.468 45.6517 
v 4.76016 1.86795 45.588 
v 4.75978 5.46795 45.5877 
v 5.27741 5.46785 43.6558 
v 7.20927 5.46809 44.1735 
v 7.07024 5.46811 44.5423 
v 6.77382 5.46812 44.9828 
v 6.27742 5.4681 45.3879 
v 5.67838 5.46805 45.6152 
v 5.1487 5.468 45.6517 
v 4.75978 5.46795 45.5877 
v 4.75978 5.46795 45.5877 
v 4.39097 5.4679 45.4486 
v 3.95048 5.46783 45.1522 
v 3.54537 5.46775 44.6558 
v 3.31802 5.46767 44.0568 
v 3.28156 5.46762 43.5271 
v 3.34556 5.4676 43.1382 
v 3.34556 5.4676 43.1382 
v 3.48459 5.46758 42.7694 
v 3.781 5.46758 42.3289 
v 4.27741 5.4676 41.9238 
v 4.87644 5.46764 41.6964 
v 5.40612 5.46769 41.66 
v 5.79504 5.46774 41.724 
v 5.79504 5.46774 41.724 
v 6.16386 5.46779 41.863 
v 6.60435 5.46786 42.1594 
v 7.00946 5.46795 42.6558 
v 7.23681 5.46802 43.2549 
v 7.27327 5.46807 43.7845 
v 7.20927 5.46809 44.1735 
v 3.34556 5.4676 43.1382 
v 3.34594 1.8676 43.1385 
v 3.28156 5.46762 43.5271 
v 3.28194 1.86762 43.5274 
v 3.31802 5.46767 44.0568 
v 3.3184 1.86767 44.0571 
v 3.54537 5.46775 44.6558 
v 3.54575 1.86775 44.6561 
v 3.95048 5.46783 45.1522 
v 3.95086 1.86783 45.1525 
v 4.39097 5.4679 45.4487 
v 4.39135 1.8679 45.4489 
v 4.75978 5.46795 45.5877 
v 4.76016 1.86795 45.588 
v 5.79504 5.46774 41.724 
v 5.79542 1.86774 41.7243 
v 5.40612 5.46769 41.66 
v 5.4065 1.86769 41.6603 
v 4.87644 5.46764 41.6964 
v 4.87682 1.86764 41.6967 
v 4.27741 5.4676 41.9238 
v 4.27779 1.8676 41.9241 
v 3.781 5.46758 42.3289 
v 3.78138 1.86758 42.3292 
v 3.48459 5.46758 42.7694 
v 3.48497 1.86758 42.7697 
v 3.34556 5.4676 43.1382 
v 3.34594 1.8676 43.1385 

vn 0 -1 0 
vn 0 -1 0 
vn 0 -1 0 
vn 0 -1 0 
vn 0 -1 0 
vn 0 -1 0 
vn 0 -1 0 
vn 0 -1 0 
vn 0 -1 0 
vn 0 -1 0 
vn 0 -1 0 
vn 0 -1 0 
vn 0 -1 0 
vn 0 -1 0 
vn 0 -1 0 
vn 0 -1 0 
vn 0 -1 0 
vn 0 -1 0 
vn 0 -1 0 
vn 0 -1 0 
vn 0 -1 0 
vn 0 -1 0 
vn 0 -1 0 
vn 0 -1 0 
vn 0 -1 0 
vn 0 -1 0 
vn 0 -1 0 
vn 0 -1 0 
vn 0 -1 0 
vn 0.968504 0 0.259843 
vn 0.968504 0 0.259843 
vn 1 0 0.0629921 
vn 1 0 0.0629921 
vn 0.976378 0 -0.19685 
vn 0.976378 0 -0.19685 
vn 0.866142 0 -0.503937 
vn 0.866142 0 -0.503937 
vn 0.661417 0 -0.748031 
vn 0.661417 0 -0.748031 
vn 0.440945 0 -0.897638 
vn 0.440945 0 -0.897638 
vn 0.259843 0 -0.968504 
vn 0.259843 0 -0.968504 
vn 0.968504 0 0.259843 
vn 0.968504 0 0.259843 
vn 0.897638 0 0.440945 
vn 0.897638 0 0.440945 
vn 0.748031 0 0.661417 
vn 0.748031 0 0.661417 
vn 0.503937 0 0.866142 
vn 0.503937 0 0.866142 
vn 0.19685 0 0.976378 
vn 0.19685 0 0.976378 
vn -0.0629921 0 1 
vn -0.0629921 0 1 
vn -0.259843 0 0.968504 
vn -0.259843 0 0.968504 
vn 0 1 0 
vn 0 1 0 
vn 0 1 0 
vn 0 1 0 
vn 0 1 0 
vn 0 1 0 
vn 0 1 0 
vn 0 1 0 
vn 0 1 0 
vn 0 1 0 
vn 0 1 0 
vn 0 1 0 
vn 0 1 0 
vn 0 1 0 
vn 0 1 0 
vn 0 1 0 
vn 0 1 0 
vn 0 1 0 
vn 0 1 0 
vn 0 1 0 
vn 0 1 0 
vn 0 1 0 
vn 0 1 0 
vn 0 1 0 
vn 0 1 0 
vn 0 1 0 
vn 0 1 0 
vn 0 1 0 
vn 0 1 0 
vn -0.968504 0 -0.259843 
vn -0.968504 0 -0.259843 
vn -1 0 -0.0629921 
vn -1 0 -0.0629921 
vn -0.976378 0 0.19685 
vn -0.976378 0 0.19685 
vn -0.866142 0 0.503937 
vn -0.866142 0 0.503937 
vn -0.661417 0 0.748031 
vn -0.661417 0 0.748031 
vn -0.440945 0 0.897638 
vn -0.440945 0 0.897638 
vn -0.259843 0 0.968504 
vn -0.259843 0 0.968504 
vn 0.259843 0 -0.968504 
vn 0.259843 0 -0.968504 
vn 0.0629921 0 -1 
vn 0.0629921 0 -1 
vn -0.19685 0 -0.976378 
vn -0.19685 0 -0.976378 
vn -0.503937 0 -0.866142 
vn -0.503937 0 -0.866142 
vn -0.748031 0 -0.661417 
vn -0.748031 0 -0.661417 
vn -0.897638 0 -0.440945 
vn -0.897638 0 -0.440945 
vn -0.968504 0 -0.259843 
vn -0.968504 0 -0.259843 

vt 7 -7 
vt 7.17678 -7.17678 
vt 7.13868 -7.20801 
vt 7.07906 -7.23717 
vt 7 -7.25 
vt 6.92094 -7.23717 
vt 6.86132 -7.20801 
vt 6.82322 -7.17678 
vt 6.82322 -7.17678 
vt 6.79199 -7.13867 
vt 6.76283 -7.07906 
vt 6.75 -7 
vt 6.76283 -6.92094 
vt 6.79199 -6.86132 
vt 6.82322 -6.82322 
vt 6.82322 -6.82322 
vt 6.86132 -6.79199 
vt 6.92094 -6.76283 
vt 7 -6.75 
vt 7.07906 -6.76283 
vt 7.13868 -6.79199 
vt 7.17678 -6.82322 
vt 7.17678 -6.82322 
vt 7.20801 -6.86132 
vt 7.23717 -6.92094 
vt 7.25 -7 
vt 7.23717 -7.07906 
vt 7.20801 -7.13867 
vt 7.17678 -7.17678 
vt 13.95 -14.5 
vt 13.5 -14.5 
vt 13.95 -14.5833 
vt 13.5 -14.5833 
vt 13.95 -14.6667 
vt 13.5 -14.6667 
vt 13.95 -14.75 
vt 13.5 -14.75 
vt 13.95 -14.8333 
vt 13.5 -14.8333 
vt 13.95 -14.9167 
vt 13.5 -14.9167 
vt 13.95 -15 
vt 13.5 -15 
vt 13.95 -14.5 
vt 13.5 -14.5 
vt 13.95 -14.5833 
vt 13.5 -14.5833 
vt 13.95 -14.6667 
vt 13.5 -14.6667 
vt 13.95 -14.75 
vt 13.5 -14.75 
vt 13.95 -14.8333 
vt 13.5 -14.8333 
vt 13.95 -14.9167 
vt 13.5 -14.9167 
vt 13.95 -15 
vt 13.5 -15 
vt 7 -7 
vt 6.82322 -6.82322 
vt 6.86132 -6.79199 
vt 6.92094 -6.76283 
vt 7 -6.75 
vt 7.07906 -6.76283 
vt 7.13868 -6.79199 
vt 7.17678 -6.82322 
vt 7.17678 -6.82322 
vt 7.20801 -6.86132 
vt 7.23717 -6.92094 
vt 7.25 -7 
vt 7.23717 -7.07906 
vt 7.20801 -7.13867 
vt 7.17678 -7.17678 
vt 7.17678 -7.17678 
vt 7.13868 -7.20801 
vt 7.07906 -7.23717 
vt 7 -7.25 
vt 6.92094 -7.23717 
vt 6.86132 -7.20801 
vt 6.82322 -7.17678 
vt 6.82322 -7.17678 
vt 6.79199 -7.13867 
vt 6.76283 -7.07906 
vt 6.75 -7 
vt 6.76283 -6.92094 
vt 6.79199 -6.86132 
vt 6.82322 -6.82322 
vt 13.95 -14.5 
vt 13.5 -14.5 
vt 13.95 -14.5833 
vt 13.5 -14.5833 
vt 13.95 -14.6667 
vt 13.5 -14.6667 
vt 13.95 -14.75 
vt 13.5 -14.75 
vt 13.95 -14.8333 
vt 13.5 -14.8333 
vt 13.95 -14.9167 
vt 13.5 -14.9167 
vt 13.95 -15 
vt 13.5 -15 
vt 13.95 -14.5 
vt 13.5 -14.5 
vt 13.95 -14.5833 
vt 13.5 -14.5833 
vt 13.95 -14.6667 
vt 13.5 -14.6667 
vt 13.95 -14.75 
vt 13.5 -14.75 
vt 13.95 -14.8333 
vt 13.5 -14.8333 
vt 13.95 -14.9167 
vt 13.5 -14.9167 
vt 13.95 -15 
vt 13.5 -15 

usemtl Part70Mtl

f 2569/2569/2569 2571/2571/2571 2570/2570/2570 
f 2569/2569/2569 2572/2572/2572 2571/2571/2571 
f 2569/2569/2569 2573/2573/2573 2572/2572/2572 
f 2569/2569/2569 2574/2574/2574 2573/2573/2573 
f 2569/2569/2569 2575/2575/2575 2574/2574/2574 
f 2569/2569/2569 2576/2576/2576 2575/2575/2575 
f 2569/2569/2569 2578/2578/2578 2577/2577/2577 
f 2569/2569/2569 2579/2579/2579 2578/2578/2578 
f 2569/2569/2569 2580/2580/2580 2579/2579/2579 
f 2569/2569/2569 2581/2581/2581 2580/2580/2580 
f 2569/2569/2569 2582/2582/2582 2581/2581/2581 
f 2569/2569/2569 2583/2583/2583 2582/2582/2582 
f 2569/2569/2569 2585/2585/2585 2584/2584/2584 
f 2569/2569/2569 2586/2586/2586 2585/2585/2585 
f 2569/2569/2569 2587/2587/2587 2586/2586/2586 
f 2569/2569/2569 2588/2588/2588 2587/2587/2587 
f 2569/2569/2569 2589/2589/2589 2588/2588/2588 
f 2569/2569/2569 2590/2590/2590 2589/2589/2589 
f 2569/2569/2569 2592/2592/2592 2591/2591/2591 
f 2569/2569/2569 2593/2593/2593 2592/2592/2592 
f 2569/2569/2569 2594/2594/2594 2593/2593/2593 
f 2569/2569/2569 2595/2595/2595 2594/2594/2594 
f 2569/2569/2569 2596/2596/2596 2595/2595/2595 
f 2569/2569/2569 2597/2597/2597 2596/2596/2596 
f 2598/2598/2598 2599/2599/2599 2600/2600/2600 
f 2600/2600/2600 2599/2599/2599 2601/2601/2601 
f 2600/2600/2600 2601/2601/2601 2602/2602/2602 
f 2602/2602/2602 2601/2601/2601 2603/2603/2603 
f 2602/2602/2602 2603/2603/2603 2604/2604/2604 
f 2604/2604/2604 2603/2603/2603 2605/2605/2605 
f 2604/2604/2604 2605/2605/2605 2606/2606/2606 
f 2606/2606/2606 2605/2605/2605 2607/2607/2607 
f 2606/2606/2606 2607/2607/2607 2608/2608/2608 
f 2608/2608/2608 2607/2607/2607 2609/2609/2609 
f 2608/2608/2608 2609/2609/2609 2610/2610/2610 
f 2610/2610/2610 2609/2609/2609 2611/2611/2611 
f 2612/2612/2612 2613/2613/2613 2614/2614/2614 
f 2614/2614/2614 2613/2613/2613 2615/2615/2615 
f 2614/2614/2614 2615/2615/2615 2616/2616/2616 
f 2616/2616/2616 2615/2615/2615 2617/2617/2617 
f 2616/2616/2616 2617/2617/2617 2618/2618/2618 
f 2618/2618/2618 2617/2617/2617 2619/2619/2619 
f 2618/2618/2618 2619/2619/2619 2620/2620/2620 
f 2620/2620/2620 2619/2619/2619 2621/2621/2621 
f 2620/2620/2620 2621/2621/2621 2622/2622/2622 
f 2622/2622/2622 2621/2621/2621 2623/2623/2623 
f 2622/2622/2622 2623/2623/2623 2624/2624/2624 
f 2624/2624/2624 2623/2623/2623 2625/2625/2625 
f 2626/2626/2626 2628/2628/2628 2627/2627/2627 
f 2626/2626/2626 2629/2629/2629 2628/2628/2628 
f 2626/2626/2626 2630/2630/2630 2629/2629/2629 
f 2626/2626/2626 2631/2631/2631 2630/2630/2630 
f 2626/2626/2626 2632/2632/2632 2631/2631/2631 
f 2626/2626/2626 2633/2633/2633 2632/2632/2632 
f 2626/2626/2626 2635/2635/2635 2634/2634/2634 
f 2626/2626/2626 2636/2636/2636 2635/2635/2635 
f 2626/2626/2626 2637/2637/2637 2636/2636/2636 
f 2626/2626/2626 2638/2638/2638 2637/2637/2637 
f 2626/2626/2626 2639/2639/2639 2638/2638/2638 
f 2626/2626/2626 2640/2640/2640 2639/2639/2639 
f 2626/2626/2626 2642/2642/2642 2641/2641/2641 
f 2626/2626/2626 2643/2643/2643 2642/2642/2642 
f 2626/2626/2626 2644/2644/2644 2643/2643/2643 
f 2626/2626/2626 2645/2645/2645 2644/2644/2644 
f 2626/2626/2626 2646/2646/2646 2645/2645/2645 
f 2626/2626/2626 2647/2647/2647 2646/2646/2646 
f 2626/2626/2626 2649/2649/2649 2648/2648/2648 
f 2626/2626/2626 2650/2650/2650 2649/2649/2649 
f 2626/2626/2626 2651/2651/2651 2650/2650/2650 
f 2626/2626/2626 2652/2652/2652 2651/2651/2651 
f 2626/2626/2626 2653/2653/2653 2652/2652/2652 
f 2626/2626/2626 2654/2654/2654 2653/2653/2653 
f 2655/2655/2655 2656/2656/2656 2657/2657/2657 
f 2657/2657/2657 2656/2656/2656 2658/2658/2658 
f 2657/2657/2657 2658/2658/2658 2659/2659/2659 
f 2659/2659/2659 2658/2658/2658 2660/2660/2660 
f 2659/2659/2659 2660/2660/2660 2661/2661/2661 
f 2661/2661/2661 2660/2660/2660 2662/2662/2662 
f 2661/2661/2661 2662/2662/2662 2663/2663/2663 
f 2663/2663/2663 2662/2662/2662 2664/2664/2664 
f 2663/2663/2663 2664/2664/2664 2665/2665/2665 
f 2665/2665/2665 2664/2664/2664 2666/2666/2666 
f 2665/2665/2665 2666/2666/2666 2667/2667/2667 
f 2667/2667/2667 2666/2666/2666 2668/2668/2668 
f 2669/2669/2669 2670/2670/2670 2671/2671/2671 
f 2671/2671/2671 2670/2670/2670 2672/2672/2672 
f 2671/2671/2671 2672/2672/2672 2673/2673/2673 
f 2673/2673/2673 2672/2672/2672 2674/2674/2674 
f 2673/2673/2673 2674/2674/2674 2675/2675/2675 
f 2675/2675/2675 2674/2674/2674 2676/2676/2676 
f 2675/2675/2675 2676/2676/2676 2677/2677/2677 
f 2677/2677/2677 2676/2676/2676 2678/2678/2678 
f 2677/2677/2677 2678/2678/2678 2679/2679/2679 
f 2679/2679/2679 2678/2678/2678 2680/2680/2680 
f 2679/2679/2679 2680/2680/2680 2681/2681/2681 
f 2681/2681/2681 2680/2680/2680 2682/2682/2682 

g Part78

v 26.7394 5.44845 37.6274 
v 22.4092 5.44835 35.1274 
v 26.7594 5.44846 37.5928 
v 22.4292 5.44835 35.0928 
v 22.409 9.44835 35.1276 
v 22.4092 5.44835 35.1274 
v 26.7392 9.44845 37.6276 
v 26.7394 5.44845 37.6274 
v 22.4092 5.44835 35.1274 
v 22.409 9.44835 35.1276 
v 22.4292 5.44835 35.0928 
v 22.429 9.44835 35.0929 
v 22.409 9.44835 35.1276 
v 26.7392 9.44845 37.6276 
v 22.429 9.44835 35.0929 
v 26.7592 9.44846 37.5929 
v 26.7592 9.44846 37.5929 
v 26.7594 5.44846 37.5928 
v 22.429 9.44835 35.0929 
v 22.4292 5.44835 35.0928 
v 26.7392 9.44845 37.6276 
v 26.7394 5.44845 37.6274 
v 26.7592 9.44846 37.5929 
v 26.7594 5.44846 37.5928 

vn 0 -1 0 
vn 0 -1 0 
vn 0 -1 0 
vn 0 -1 0 
vn -0.496063 0 0.866142 
vn -0.496063 0 0.866142 
vn -0.496063 0 0.866142 
vn -0.496063 0 0.866142 
vn -0.866142 0 -0.496063 
vn -0.866142 0 -0.496063 
vn -0.866142 0 -0.496063 
vn -0.866142 0 -0.496063 
vn 0 1 0 
vn 0 1 0 
vn 0 1 0 
vn 0 1 0 
vn 0.496063 0 -0.866142 
vn 0.496063 0 -0.866142 
vn 0.496063 0 -0.866142 
vn 0.496063 0 -0.866142 
vn 0.866142 0 0.496063 
vn 0.866142 0 0.496063 
vn 0.866142 0 0.496063 
vn 0.866142 0 0.496063 

vt 5.875 -6.5 
vt 5.25 -6.5 
vt 5.875 -6.505 
vt 5.25 -6.505 
vt 5.75 -6.5 
vt 5.25 -6.5 
vt 5.75 -7.125 
vt 5.25 -7.125 
vt 5.75 -6.5 
vt 5.25 -6.5 
vt 5.75 -6.505 
vt 5.25 -6.505 
vt 5.875 -6.5 
vt 5.25 -6.5 
vt 5.875 -6.505 
vt 5.25 -6.505 
vt 5.75 -6.5 
vt 5.25 -6.5 
vt 5.75 -7.125 
vt 5.25 -7.125 
vt 5.75 -6.5 
vt 5.25 -6.5 
vt 5.75 -6.505 
vt 5.25 -6.505 

usemtl Part72Mtl

f 2683/2683/2683 2684/2684/2684 2685/2685/2685 
f 2685/2685/2685 2684/2684/2684 2686/2686/2686 
f 2687/2687/2687 2688/2688/2688 2689/2689/2689 
f 2689/2689/2689 2688/2688/2688 2690/2690/2690 
f 2691/2691/2691 2692/2692/2692 2693/2693/2693 
f 2693/2693/2693 2692/2692/2692 2694/2694/2694 
f 2695/2695/2695 2696/2696/2696 2697/2697/2697 
f 2697/2697/2697 2696/2696/2696 2698/2698/2698 
f 2699/2699/2699 2700/2700/2700 2701/2701/2701 
f 2701/2701/2701 2700/2700/2700 2702/2702/2702 
f 2703/2703/2703 2704/2704/2704 2705/2705/2705 
f 2705/2705/2705 2704/2704/2704 2706/2706/2706 

g Part79

v 12.2273 3.00866 40.2917 
v 12.4558 3.10091 40.3339 
v 12.4666 3.08105 40.2902 
v 12.4664 3.04997 40.2315 
v 12.4438 3.00875 40.1667 
v 12.3989 2.96752 40.1147 
v 12.3483 2.93642 40.0852 
v 12.305 2.91654 40.0727 
v 12.305 2.91654 40.0727 
v 12.2586 2.90024 40.0686 
v 12.1946 2.88501 40.0769 
v 12.1206 2.87829 40.107 
v 12.0577 2.88495 40.156 
v 12.0185 2.90014 40.2074 
v 11.9988 2.91641 40.2495 
v 11.9988 2.91641 40.2495 
v 11.988 2.93627 40.2933 
v 11.9882 2.96735 40.3519 
v 12.0108 3.00857 40.4168 
v 12.0556 3.0498 40.4688 
v 12.1063 3.0809 40.4982 
v 12.1496 3.10078 40.5108 
v 12.1496 3.10078 40.5108 
v 12.1959 3.11708 40.5148 
v 12.26 3.13231 40.5065 
v 12.3339 3.13903 40.4765 
v 12.3969 3.13236 40.4275 
v 12.4361 3.11718 40.3761 
v 12.4558 3.10091 40.3339 
v 11.3142 5.83125 39.0663 
v 12.1496 3.10078 40.5108 
v 11.3605 5.84755 39.0703 
v 12.1959 3.11708 40.5148 
v 11.4246 5.86278 39.062 
v 12.26 3.13231 40.5065 
v 11.4985 5.8695 39.032 
v 12.3339 3.13903 40.4765 
v 11.5615 5.86284 38.983 
v 12.3969 3.13236 40.4275 
v 11.6007 5.84766 38.9316 
v 12.4361 3.11718 40.3761 
v 11.6204 5.83138 38.8895 
v 12.4558 3.10091 40.3339 
v 12.1496 3.10078 40.5108 
v 11.3142 5.83125 39.0663 
v 12.1063 3.0809 40.4982 
v 11.2709 5.81137 39.0537 
v 12.0556 3.0498 40.4688 
v 11.2202 5.78027 39.0243 
v 12.0108 3.00857 40.4168 
v 11.1754 5.73904 38.9723 
v 11.9882 2.96735 40.3519 
v 11.1528 5.69782 38.9074 
v 11.988 2.93627 40.2933 
v 11.1526 5.66674 38.8488 
v 11.9988 2.91641 40.2495 
v 11.1634 5.64689 38.805 
v 11.3919 5.73913 38.8472 
v 11.3142 5.83125 39.0663 
v 11.2709 5.81137 39.0537 
v 11.2202 5.78027 39.0243 
v 11.1754 5.73904 38.9723 
v 11.1528 5.69782 38.9074 
v 11.1526 5.66674 38.8488 
v 11.1634 5.64689 38.805 
v 11.1634 5.64689 38.805 
v 11.183 5.63061 38.7629 
v 11.2222 5.61543 38.7115 
v 11.2852 5.60877 38.6625 
v 11.3592 5.61549 38.6324 
v 11.4232 5.63071 38.6241 
v 11.4695 5.64702 38.6282 
v 11.4695 5.64702 38.6282 
v 11.5128 5.6669 38.6407 
v 11.5635 5.698 38.6702 
v 11.6084 5.73923 38.7222 
v 11.631 5.78045 38.787 
v 11.6312 5.81152 38.8457 
v 11.6204 5.83138 38.8895 
v 11.6204 5.83138 38.8895 
v 11.6007 5.84766 38.9316 
v 11.5615 5.86284 38.983 
v 11.4985 5.8695 39.032 
v 11.4246 5.86278 39.062 
v 11.3605 5.84755 39.0703 
v 11.3142 5.83125 39.0663 
v 11.4695 5.64702 38.6282 
v 12.305 2.91654 40.0727 
v 11.4232 5.63071 38.6241 
v 12.2586 2.90024 40.0686 
v 11.3592 5.61549 38.6324 
v 12.1946 2.88501 40.0769 
v 11.2852 5.60877 38.6625 
v 12.1206 2.87829 40.107 
v 11.2222 5.61543 38.7115 
v 12.0577 2.88495 40.156 
v 11.183 5.63061 38.7629 
v 12.0185 2.90014 40.2074 
v 11.1634 5.64689 38.805 
v 11.9988 2.91641 40.2495 
v 11.6204 5.83138 38.8895 
v 12.4558 3.10091 40.3339 
v 11.6312 5.81152 38.8457 
v 12.4666 3.08105 40.2902 
v 11.631 5.78045 38.787 
v 12.4664 3.04997 40.2315 
v 11.6084 5.73923 38.7222 
v 12.4438 3.00875 40.1667 
v 11.5635 5.698 38.6702 
v 12.3989 2.96752 40.1147 
v 11.5128 5.6669 38.6407 
v 12.3483 2.93642 40.0852 
v 11.4695 5.64702 38.6282 
v 12.305 2.91654 40.0727 

vn 0.259843 -0.850394 0.448819 
vn 0.259843 -0.850394 0.448819 
vn 0.259843 -0.850394 0.448819 
vn 0.259843 -0.850394 0.448819 
vn 0.259843 -0.850394 0.448819 
vn 0.259843 -0.850394 0.448819 
vn 0.259843 -0.850394 0.448819 
vn 0.259843 -0.850394 0.448819 
vn 0.259843 -0.850394 0.448819 
vn 0.259843 -0.850394 0.448819 
vn 0.259843 -0.850394 0.448819 
vn 0.259843 -0.850394 0.448819 
vn 0.259843 -0.850394 0.448819 
vn 0.259843 -0.850394 0.448819 
vn 0.259843 -0.850394 0.448819 
vn 0.259843 -0.850394 0.448819 
vn 0.259843 -0.850394 0.448819 
vn 0.259843 -0.850394 0.448819 
vn 0.259843 -0.850394 0.448819 
vn 0.259843 -0.850394 0.448819 
vn 0.259843 -0.850394 0.448819 
vn 0.259843 -0.850394 0.448819 
vn 0.259843 -0.850394 0.448819 
vn 0.259843 -0.850394 0.448819 
vn 0.259843 -0.850394 0.448819 
vn 0.259843 -0.850394 0.448819 
vn 0.259843 -0.850394 0.448819 
vn 0.259843 -0.850394 0.448819 
vn 0.259843 -0.850394 0.448819 
vn -0.307087 0.370079 0.874016 
vn -0.307087 0.370079 0.874016 
vn -0.125984 0.433071 0.889764 
vn -0.125984 0.433071 0.889764 
vn 0.133858 0.496063 0.858268 
vn 0.133858 0.496063 0.858268 
vn 0.425197 0.519685 0.740157 
vn 0.425197 0.519685 0.740157 
vn 0.677165 0.496063 0.543307 
vn 0.677165 0.496063 0.543307 
vn 0.834646 0.433071 0.338583 
vn 0.834646 0.433071 0.338583 
vn 0.913386 0.370079 0.165354 
vn 0.913386 0.370079 0.165354 
vn -0.307087 0.370079 0.874016 
vn -0.307087 0.370079 0.874016 
vn -0.480315 0.291339 0.826772 
vn -0.480315 0.291339 0.826772 
vn -0.685039 0.165354 0.708661 
vn -0.685039 0.165354 0.708661 
vn -0.866142 0 0.503937 
vn -0.866142 0 0.503937 
vn -0.952756 -0.165354 0.244094 
vn -0.952756 -0.165354 0.244094 
vn -0.96063 -0.291339 0.00787402 
vn -0.96063 -0.291339 0.00787402 
vn -0.913386 -0.370079 -0.165354 
vn -0.913386 -0.370079 -0.165354 
vn -0.259843 0.850394 -0.448819 
vn -0.259843 0.850394 -0.448819 
vn -0.259843 0.850394 -0.448819 
vn -0.259843 0.850394 -0.448819 
vn -0.259843 0.850394 -0.448819 
vn -0.259843 0.850394 -0.448819 
vn -0.259843 0.850394 -0.448819 
vn -0.259843 0.850394 -0.448819 
vn -0.259843 0.850394 -0.448819 
vn -0.259843 0.850394 -0.448819 
vn -0.259843 0.850394 -0.448819 
vn -0.259843 0.850394 -0.448819 
vn -0.259843 0.850394 -0.448819 
vn -0.259843 0.850394 -0.448819 
vn -0.259843 0.850394 -0.448819 
vn -0.259843 0.850394 -0.448819 
vn -0.259843 0.850394 -0.448819 
vn -0.259843 0.850394 -0.448819 
vn -0.259843 0.850394 -0.448819 
vn -0.259843 0.850394 -0.448819 
vn -0.259843 0.850394 -0.448819 
vn -0.259843 0.850394 -0.448819 
vn -0.259843 0.850394 -0.448819 
vn -0.259843 0.850394 -0.448819 
vn -0.259843 0.850394 -0.448819 
vn -0.259843 0.850394 -0.448819 
vn -0.259843 0.850394 -0.448819 
vn -0.259843 0.850394 -0.448819 
vn -0.259843 0.850394 -0.448819 
vn 0.307087 -0.370079 -0.874016 
vn 0.307087 -0.370079 -0.874016 
vn 0.125984 -0.433071 -0.889764 
vn 0.125984 -0.433071 -0.889764 
vn -0.133858 -0.496063 -0.858268 
vn -0.133858 -0.496063 -0.858268 
vn -0.425197 -0.519685 -0.740157 
vn -0.425197 -0.519685 -0.740157 
vn -0.677165 -0.496063 -0.543307 
vn -0.677165 -0.496063 -0.543307 
vn -0.834646 -0.433071 -0.338583 
vn -0.834646 -0.433071 -0.338583 
vn -0.913386 -0.370079 -0.165354 
vn -0.913386 -0.370079 -0.165354 
vn 0.913386 0.370079 0.165354 
vn 0.913386 0.370079 0.165354 
vn 0.96063 0.291339 -0.00787402 
vn 0.96063 0.291339 -0.00787402 
vn 0.952756 0.165354 -0.244094 
vn 0.952756 0.165354 -0.244094 
vn 0.866142 0 -0.503937 
vn 0.866142 0 -0.503937 
vn 0.685039 -0.165354 -0.708661 
vn 0.685039 -0.165354 -0.708661 
vn 0.480315 -0.291339 -0.826772 
vn 0.480315 -0.291339 -0.826772 
vn 0.307087 -0.370079 -0.874016 
vn 0.307087 -0.370079 -0.874016 

vt 3.53125 -6.53125 
vt 3.55335 -6.55335 
vt 3.54858 -6.55725 
vt 3.54113 -6.5609 
vt 3.53125 -6.5625 
vt 3.52137 -6.5609 
vt 3.51392 -6.55725 
vt 3.50915 -6.55335 
vt 3.50915 -6.55335 
vt 3.50525 -6.54858 
vt 3.5016 -6.54113 
vt 3.5 -6.53125 
vt 3.5016 -6.52137 
vt 3.50525 -6.51392 
vt 3.50915 -6.50915 
vt 3.50915 -6.50915 
vt 3.51392 -6.50525 
vt 3.52137 -6.5016 
vt 3.53125 -6.5 
vt 3.54113 -6.5016 
vt 3.54858 -6.50525 
vt 3.55335 -6.50915 
vt 3.55335 -6.50915 
vt 3.55725 -6.51392 
vt 3.5609 -6.52137 
vt 3.5625 -6.53125 
vt 3.5609 -6.54113 
vt 3.55725 -6.54858 
vt 3.55335 -6.55335 
vt 7.4 -14 
vt 7 -14 
vt 7.4 -14.0104 
vt 7 -14.0104 
vt 7.4 -14.0208 
vt 7 -14.0208 
vt 7.4 -14.0312 
vt 7 -14.0312 
vt 7.4 -14.0417 
vt 7 -14.0417 
vt 7.4 -14.0521 
vt 7 -14.0521 
vt 7.4 -14.0625 
vt 7 -14.0625 
vt 7.4 -14 
vt 7 -14 
vt 7.4 -14.0104 
vt 7 -14.0104 
vt 7.4 -14.0208 
vt 7 -14.0208 
vt 7.4 -14.0312 
vt 7 -14.0312 
vt 7.4 -14.0417 
vt 7 -14.0417 
vt 7.4 -14.0521 
vt 7 -14.0521 
vt 7.4 -14.0625 
vt 7 -14.0625 
vt 3.53125 -6.53125 
vt 3.50915 -6.50915 
vt 3.51392 -6.50525 
vt 3.52137 -6.5016 
vt 3.53125 -6.5 
vt 3.54113 -6.5016 
vt 3.54858 -6.50525 
vt 3.55335 -6.50915 
vt 3.55335 -6.50915 
vt 3.55725 -6.51392 
vt 3.5609 -6.52137 
vt 3.5625 -6.53125 
vt 3.5609 -6.54113 
vt 3.55725 -6.54858 
vt 3.55335 -6.55335 
vt 3.55335 -6.55335 
vt 3.54858 -6.55725 
vt 3.54113 -6.5609 
vt 3.53125 -6.5625 
vt 3.52137 -6.5609 
vt 3.51392 -6.55725 
vt 3.50915 -6.55335 
vt 3.50915 -6.55335 
vt 3.50525 -6.54858 
vt 3.5016 -6.54113 
vt 3.5 -6.53125 
vt 3.5016 -6.52137 
vt 3.50525 -6.51392 
vt 3.50915 -6.50915 
vt 7.4 -14 
vt 7 -14 
vt 7.4 -14.0104 
vt 7 -14.0104 
vt 7.4 -14.0208 
vt 7 -14.0208 
vt 7.4 -14.0312 
vt 7 -14.0312 
vt 7.4 -14.0417 
vt 7 -14.0417 
vt 7.4 -14.0521 
vt 7 -14.0521 
vt 7.4 -14.0625 
vt 7 -14.0625 
vt 7.4 -14 
vt 7 -14 
vt 7.4 -14.0104 
vt 7 -14.0104 
vt 7.4 -14.0208 
vt 7 -14.0208 
vt 7.4 -14.0312 
vt 7 -14.0312 
vt 7.4 -14.0417 
vt 7 -14.0417 
vt 7.4 -14.0521 
vt 7 -14.0521 
vt 7.4 -14.0625 
vt 7 -14.0625 

usemtl Part68Mtl

f 2707/2707/2707 2709/2709/2709 2708/2708/2708 
f 2707/2707/2707 2710/2710/2710 2709/2709/2709 
f 2707/2707/2707 2711/2711/2711 2710/2710/2710 
f 2707/2707/2707 2712/2712/2712 2711/2711/2711 
f 2707/2707/2707 2713/2713/2713 2712/2712/2712 
f 2707/2707/2707 2714/2714/2714 2713/2713/2713 
f 2707/2707/2707 2716/2716/2716 2715/2715/2715 
f 2707/2707/2707 2717/2717/2717 2716/2716/2716 
f 2707/2707/2707 2718/2718/2718 2717/2717/2717 
f 2707/2707/2707 2719/2719/2719 2718/2718/2718 
f 2707/2707/2707 2720/2720/2720 2719/2719/2719 
f 2707/2707/2707 2721/2721/2721 2720/2720/2720 
f 2707/2707/2707 2723/2723/2723 2722/2722/2722 
f 2707/2707/2707 2724/2724/2724 2723/2723/2723 
f 2707/2707/2707 2725/2725/2725 2724/2724/2724 
f 2707/2707/2707 2726/2726/2726 2725/2725/2725 
f 2707/2707/2707 2727/2727/2727 2726/2726/2726 
f 2707/2707/2707 2728/2728/2728 2727/2727/2727 
f 2707/2707/2707 2730/2730/2730 2729/2729/2729 
f 2707/2707/2707 2731/2731/2731 2730/2730/2730 
f 2707/2707/2707 2732/2732/2732 2731/2731/2731 
f 2707/2707/2707 2733/2733/2733 2732/2732/2732 
f 2707/2707/2707 2734/2734/2734 2733/2733/2733 
f 2707/2707/2707 2735/2735/2735 2734/2734/2734 
f 2736/2736/2736 2737/2737/2737 2738/2738/2738 
f 2738/2738/2738 2737/2737/2737 2739/2739/2739 
f 2738/2738/2738 2739/2739/2739 2740/2740/2740 
f 2740/2740/2740 2739/2739/2739 2741/2741/2741 
f 2740/2740/2740 2741/2741/2741 2742/2742/2742 
f 2742/2742/2742 2741/2741/2741 2743/2743/2743 
f 2742/2742/2742 2743/2743/2743 2744/2744/2744 
f 2744/2744/2744 2743/2743/2743 2745/2745/2745 
f 2744/2744/2744 2745/2745/2745 2746/2746/2746 
f 2746/2746/2746 2745/2745/2745 2747/2747/2747 
f 2746/2746/2746 2747/2747/2747 2748/2748/2748 
f 2748/2748/2748 2747/2747/2747 2749/2749/2749 
f 2750/2750/2750 2751/2751/2751 2752/2752/2752 
f 2752/2752/2752 2751/2751/2751 2753/2753/2753 
f 2752/2752/2752 2753/2753/2753 2754/2754/2754 
f 2754/2754/2754 2753/2753/2753 2755/2755/2755 
f 2754/2754/2754 2755/2755/2755 2756/2756/2756 
f 2756/2756/2756 2755/2755/2755 2757/2757/2757 
f 2756/2756/2756 2757/2757/2757 2758/2758/2758 
f 2758/2758/2758 2757/2757/2757 2759/2759/2759 
f 2758/2758/2758 2759/2759/2759 2760/2760/2760 
f 2760/2760/2760 2759/2759/2759 2761/2761/2761 
f 2760/2760/2760 2761/2761/2761 2762/2762/2762 
f 2762/2762/2762 2761/2761/2761 2763/2763/2763 
f 2764/2764/2764 2766/2766/2766 2765/2765/2765 
f 2764/2764/2764 2767/2767/2767 2766/2766/2766 
f 2764/2764/2764 2768/2768/2768 2767/2767/2767 
f 2764/2764/2764 2769/2769/2769 2768/2768/2768 
f 2764/2764/2764 2770/2770/2770 2769/2769/2769 
f 2764/2764/2764 2771/2771/2771 2770/2770/2770 
f 2764/2764/2764 2773/2773/2773 2772/2772/2772 
f 2764/2764/2764 2774/2774/2774 2773/2773/2773 
f 2764/2764/2764 2775/2775/2775 2774/2774/2774 
f 2764/2764/2764 2776/2776/2776 2775/2775/2775 
f 2764/2764/2764 2777/2777/2777 2776/2776/2776 
f 2764/2764/2764 2778/2778/2778 2777/2777/2777 
f 2764/2764/2764 2780/2780/2780 2779/2779/2779 
f 2764/2764/2764 2781/2781/2781 2780/2780/2780 
f 2764/2764/2764 2782/2782/2782 2781/2781/2781 
f 2764/2764/2764 2783/2783/2783 2782/2782/2782 
f 2764/2764/2764 2784/2784/2784 2783/2783/2783 
f 2764/2764/2764 2785/2785/2785 2784/2784/2784 
f 2764/2764/2764 2787/2787/2787 2786/2786/2786 
f 2764/2764/2764 2788/2788/2788 2787/2787/2787 
f 2764/2764/2764 2789/2789/2789 2788/2788/2788 
f 2764/2764/2764 2790/2790/2790 2789/2789/2789 
f 2764/2764/2764 2791/2791/2791 2790/2790/2790 
f 2764/2764/2764 2792/2792/2792 2791/2791/2791 
f 2793/2793/2793 2794/2794/2794 2795/2795/2795 
f 2795/2795/2795 2794/2794/2794 2796/2796/2796 
f 2795/2795/2795 2796/2796/2796 2797/2797/2797 
f 2797/2797/2797 2796/2796/2796 2798/2798/2798 
f 2797/2797/2797 2798/2798/2798 2799/2799/2799 
f 2799/2799/2799 2798/2798/2798 2800/2800/2800 
f 2799/2799/2799 2800/2800/2800 2801/2801/2801 
f 2801/2801/2801 2800/2800/2800 2802/2802/2802 
f 2801/2801/2801 2802/2802/2802 2803/2803/2803 
f 2803/2803/2803 2802/2802/2802 2804/2804/2804 
f 2803/2803/2803 2804/2804/2804 2805/2805/2805 
f 2805/2805/2805 2804/2804/2804 2806/2806/2806 
f 2807/2807/2807 2808/2808/2808 2809/2809/2809 
f 2809/2809/2809 2808/2808/2808 2810/2810/2810 
f 2809/2809/2809 2810/2810/2810 2811/2811/2811 
f 2811/2811/2811 2810/2810/2810 2812/2812/2812 
f 2811/2811/2811 2812/2812/2812 2813/2813/2813 
f 2813/2813/2813 2812/2812/2812 2814/2814/2814 
f 2813/2813/2813 2814/2814/2814 2815/2815/2815 
f 2815/2815/2815 2814/2814/2814 2816/2816/2816 
f 2815/2815/2815 2816/2816/2816 2817/2817/2817 
f 2817/2817/2817 2816/2816/2816 2818/2818/2818 
f 2817/2817/2817 2818/2818/2818 2819/2819/2819 
f 2819/2819/2819 2818/2818/2818 2820/2820/2820 

g Part80

v 12.2273 3.57866 40.2917 
v 12.4557 3.67091 40.3339 
v 12.4665 3.65105 40.2901 
v 12.4664 3.61997 40.2315 
v 12.4437 3.57875 40.1666 
v 12.3989 3.53752 40.1146 
v 12.3482 3.50642 40.0852 
v 12.3049 3.48654 40.0726 
v 12.3049 3.48654 40.0726 
v 12.2586 3.47024 40.0686 
v 12.1945 3.45501 40.0769 
v 12.1206 3.44829 40.1069 
v 12.0576 3.45495 40.156 
v 12.0184 3.47014 40.2073 
v 11.9988 3.48641 40.2495 
v 11.9988 3.48641 40.2495 
v 11.988 3.50627 40.2932 
v 11.9882 3.53735 40.3519 
v 12.0108 3.57857 40.4167 
v 12.0556 3.6198 40.4687 
v 12.1063 3.6509 40.4982 
v 12.1496 3.67078 40.5107 
v 12.1496 3.67078 40.5107 
v 12.1959 3.68708 40.5148 
v 12.26 3.70231 40.5065 
v 12.3339 3.70903 40.4764 
v 12.3969 3.70236 40.4274 
v 12.4361 3.68718 40.376 
v 12.4557 3.67091 40.3339 
v 11.3142 6.40125 39.0662 
v 12.1496 3.67078 40.5107 
v 11.3605 6.41755 39.0703 
v 12.1959 3.68708 40.5148 
v 11.4245 6.43278 39.062 
v 12.26 3.70231 40.5065 
v 11.4985 6.4395 39.0319 
v 12.3339 3.70903 40.4764 
v 11.5615 6.43284 38.9829 
v 12.3969 3.70236 40.4274 
v 11.6007 6.41765 38.9315 
v 12.4361 3.68718 40.376 
v 11.6203 6.40138 38.8894 
v 12.4557 3.67091 40.3339 
v 12.1496 3.67078 40.5107 
v 11.3142 6.40125 39.0662 
v 12.1063 3.6509 40.4982 
v 11.2709 6.38137 39.0537 
v 12.0556 3.6198 40.4687 
v 11.2202 6.35027 39.0242 
v 12.0108 3.57857 40.4167 
v 11.1753 6.30904 38.9722 
v 11.9882 3.53735 40.3519 
v 11.1527 6.26782 38.9074 
v 11.988 3.50627 40.2932 
v 11.1525 6.23674 38.8487 
v 11.9988 3.48641 40.2495 
v 11.1633 6.21689 38.805 
v 11.3918 6.30913 38.8472 
v 11.3142 6.40125 39.0662 
v 11.2709 6.38137 39.0537 
v 11.2202 6.35027 39.0242 
v 11.1753 6.30904 38.9722 
v 11.1527 6.26782 38.9074 
v 11.1525 6.23674 38.8487 
v 11.1633 6.21689 38.805 
v 11.1633 6.21689 38.805 
v 11.183 6.20061 38.7628 
v 11.2222 6.18543 38.7115 
v 11.2852 6.17877 38.6624 
v 11.3591 6.18549 38.6324 
v 11.4232 6.20071 38.6241 
v 11.4695 6.21702 38.6281 
v 11.4695 6.21702 38.6281 
v 11.5128 6.2369 38.6407 
v 11.5635 6.26799 38.6701 
v 11.6083 6.30923 38.7221 
v 11.6309 6.35045 38.787 
v 11.6311 6.38152 38.8456 
v 11.6203 6.40138 38.8894 
v 11.6203 6.40138 38.8894 
v 11.6007 6.41765 38.9315 
v 11.5615 6.43284 38.9829 
v 11.4985 6.4395 39.0319 
v 11.4245 6.43278 39.062 
v 11.3605 6.41755 39.0703 
v 11.3142 6.40125 39.0662 
v 11.4695 6.21702 38.6281 
v 12.3049 3.48654 40.0726 
v 11.4232 6.20071 38.6241 
v 12.2586 3.47024 40.0686 
v 11.3591 6.18549 38.6324 
v 12.1945 3.45501 40.0769 
v 11.2852 6.17877 38.6624 
v 12.1206 3.44829 40.1069 
v 11.2222 6.18543 38.7115 
v 12.0576 3.45495 40.156 
v 11.183 6.20061 38.7628 
v 12.0184 3.47014 40.2073 
v 11.1633 6.21689 38.805 
v 11.9988 3.48641 40.2495 
v 11.6203 6.40138 38.8894 
v 12.4557 3.67091 40.3339 
v 11.6311 6.38152 38.8456 
v 12.4665 3.65105 40.2901 
v 11.6309 6.35045 38.787 
v 12.4664 3.61997 40.2315 
v 11.6083 6.30923 38.7221 
v 12.4437 3.57875 40.1666 
v 11.5635 6.26799 38.6701 
v 12.3989 3.53752 40.1146 
v 11.5128 6.2369 38.6407 
v 12.3482 3.50642 40.0852 
v 11.4695 6.21702 38.6281 
v 12.3049 3.48654 40.0726 

vn 0.259843 -0.850394 0.448819 
vn 0.259843 -0.850394 0.448819 
vn 0.259843 -0.850394 0.448819 
vn 0.259843 -0.850394 0.448819 
vn 0.259843 -0.850394 0.448819 
vn 0.259843 -0.850394 0.448819 
vn 0.259843 -0.850394 0.448819 
vn 0.259843 -0.850394 0.448819 
vn 0.259843 -0.850394 0.448819 
vn 0.259843 -0.850394 0.448819 
vn 0.259843 -0.850394 0.448819 
vn 0.259843 -0.850394 0.448819 
vn 0.259843 -0.850394 0.448819 
vn 0.259843 -0.850394 0.448819 
vn 0.259843 -0.850394 0.448819 
vn 0.259843 -0.850394 0.448819 
vn 0.259843 -0.850394 0.448819 
vn 0.259843 -0.850394 0.448819 
vn 0.259843 -0.850394 0.448819 
vn 0.259843 -0.850394 0.448819 
vn 0.259843 -0.850394 0.448819 
vn 0.259843 -0.850394 0.448819 
vn 0.259843 -0.850394 0.448819 
vn 0.259843 -0.850394 0.448819 
vn 0.259843 -0.850394 0.448819 
vn 0.259843 -0.850394 0.448819 
vn 0.259843 -0.850394 0.448819 
vn 0.259843 -0.850394 0.448819 
vn 0.259843 -0.850394 0.448819 
vn -0.307087 0.370079 0.874016 
vn -0.307087 0.370079 0.874016 
vn -0.125984 0.433071 0.889764 
vn -0.125984 0.433071 0.889764 
vn 0.133858 0.496063 0.858268 
vn 0.133858 0.496063 0.858268 
vn 0.425197 0.519685 0.740157 
vn 0.425197 0.519685 0.740157 
vn 0.677165 0.496063 0.543307 
vn 0.677165 0.496063 0.543307 
vn 0.834646 0.433071 0.338583 
vn 0.834646 0.433071 0.338583 
vn 0.913386 0.370079 0.165354 
vn 0.913386 0.370079 0.165354 
vn -0.307087 0.370079 0.874016 
vn -0.307087 0.370079 0.874016 
vn -0.480315 0.291339 0.826772 
vn -0.480315 0.291339 0.826772 
vn -0.685039 0.165354 0.708661 
vn -0.685039 0.165354 0.708661 
vn -0.866142 0 0.503937 
vn -0.866142 0 0.503937 
vn -0.952756 -0.165354 0.244094 
vn -0.952756 -0.165354 0.244094 
vn -0.96063 -0.291339 0.00787402 
vn -0.96063 -0.291339 0.00787402 
vn -0.913386 -0.370079 -0.165354 
vn -0.913386 -0.370079 -0.165354 
vn -0.259843 0.850394 -0.448819 
vn -0.259843 0.850394 -0.448819 
vn -0.259843 0.850394 -0.448819 
vn -0.259843 0.850394 -0.448819 
vn -0.259843 0.850394 -0.448819 
vn -0.259843 0.850394 -0.448819 
vn -0.259843 0.850394 -0.448819 
vn -0.259843 0.850394 -0.448819 
vn -0.259843 0.850394 -0.448819 
vn -0.259843 0.850394 -0.448819 
vn -0.259843 0.850394 -0.448819 
vn -0.259843 0.850394 -0.448819 
vn -0.259843 0.850394 -0.448819 
vn -0.259843 0.850394 -0.448819 
vn -0.259843 0.850394 -0.448819 
vn -0.259843 0.850394 -0.448819 
vn -0.259843 0.850394 -0.448819 
vn -0.259843 0.850394 -0.448819 
vn -0.259843 0.850394 -0.448819 
vn -0.259843 0.850394 -0.448819 
vn -0.259843 0.850394 -0.448819 
vn -0.259843 0.850394 -0.448819 
vn -0.259843 0.850394 -0.448819 
vn -0.259843 0.850394 -0.448819 
vn -0.259843 0.850394 -0.448819 
vn -0.259843 0.850394 -0.448819 
vn -0.259843 0.850394 -0.448819 
vn -0.259843 0.850394 -0.448819 
vn -0.259843 0.850394 -0.448819 
vn 0.307087 -0.370079 -0.874016 
vn 0.307087 -0.370079 -0.874016 
vn 0.125984 -0.433071 -0.889764 
vn 0.125984 -0.433071 -0.889764 
vn -0.133858 -0.496063 -0.858268 
vn -0.133858 -0.496063 -0.858268 
vn -0.425197 -0.519685 -0.740157 
vn -0.425197 -0.519685 -0.740157 
vn -0.677165 -0.496063 -0.543307 
vn -0.677165 -0.496063 -0.543307 
vn -0.834646 -0.433071 -0.338583 
vn -0.834646 -0.433071 -0.338583 
vn -0.913386 -0.370079 -0.165354 
vn -0.913386 -0.370079 -0.165354 
vn 0.913386 0.370079 0.165354 
vn 0.913386 0.370079 0.165354 
vn 0.96063 0.291339 -0.00787402 
vn 0.96063 0.291339 -0.00787402 
vn 0.952756 0.165354 -0.244094 
vn 0.952756 0.165354 -0.244094 
vn 0.866142 0 -0.503937 
vn 0.866142 0 -0.503937 
vn 0.685039 -0.165354 -0.708661 
vn 0.685039 -0.165354 -0.708661 
vn 0.480315 -0.291339 -0.826772 
vn 0.480315 -0.291339 -0.826772 
vn 0.307087 -0.370079 -0.874016 
vn 0.307087 -0.370079 -0.874016 

vt 0.03125 -5.03125 
vt 0.0533471 -5.05335 
vt 0.0485844 -5.05725 
vt 0.0411321 -5.0609 
vt 0.03125 -5.0625 
vt 0.0213679 -5.0609 
vt 0.0139156 -5.05725 
vt 0.00915291 -5.05335 
vt 0.00915291 -5.05335 
vt 0.00524843 -5.04858 
vt 0.00160365 -5.04113 
vt 0 -5.03125 
vt 0.00160365 -5.02137 
vt 0.00524843 -5.01392 
vt 0.00915292 -5.00915 
vt 0.00915291 -5.00915 
vt 0.0139156 -5.00525 
vt 0.0213679 -5.0016 
vt 0.03125 -5 
vt 0.0411321 -5.0016 
vt 0.0485844 -5.00525 
vt 0.0533471 -5.00915 
vt 0.0533471 -5.00915 
vt 0.0572516 -5.01392 
vt 0.0608964 -5.02137 
vt 0.0625 -5.03125 
vt 0.0608964 -5.04113 
vt 0.0572516 -5.04858 
vt 0.0533471 -5.05335 
vt 0.4 -11 
vt 0 -11 
vt 0.4 -11.0104 
vt 0 -11.0104 
vt 0.4 -11.0208 
vt 0 -11.0208 
vt 0.4 -11.0312 
vt 0 -11.0312 
vt 0.4 -11.0417 
vt 0 -11.0417 
vt 0.4 -11.0521 
vt 0 -11.0521 
vt 0.4 -11.0625 
vt 0 -11.0625 
vt 0.4 -11 
vt 0 -11 
vt 0.4 -11.0104 
vt 0 -11.0104 
vt 0.4 -11.0208 
vt 0 -11.0208 
vt 0.4 -11.0312 
vt 0 -11.0312 
vt 0.4 -11.0417 
vt 0 -11.0417 
vt 0.4 -11.0521 
vt 0 -11.0521 
vt 0.4 -11.0625 
vt 0 -11.0625 
vt 0.03125 -5.03125 
vt 0.00915291 -5.00915 
vt 0.0139156 -5.00525 
vt 0.0213679 -5.0016 
vt 0.03125 -5 
vt 0.0411321 -5.0016 
vt 0.0485844 -5.00525 
vt 0.0533471 -5.00915 
vt 0.0533471 -5.00915 
vt 0.0572516 -5.01392 
vt 0.0608964 -5.02137 
vt 0.0625 -5.03125 
vt 0.0608964 -5.04113 
vt 0.0572516 -5.04858 
vt 0.0533471 -5.05335 
vt 0.0533471 -5.05335 
vt 0.0485844 -5.05725 
vt 0.0411321 -5.0609 
vt 0.03125 -5.0625 
vt 0.0213679 -5.0609 
vt 0.0139156 -5.05725 
vt 0.00915291 -5.05335 
vt 0.00915291 -5.05335 
vt 0.00524843 -5.04858 
vt 0.00160365 -5.04113 
vt 0 -5.03125 
vt 0.00160365 -5.02137 
vt 0.00524843 -5.01392 
vt 0.00915292 -5.00915 
vt 0.4 -11 
vt 0 -11 
vt 0.4 -11.0104 
vt 0 -11.0104 
vt 0.4 -11.0208 
vt 0 -11.0208 
vt 0.4 -11.0312 
vt 0 -11.0312 
vt 0.4 -11.0417 
vt 0 -11.0417 
vt 0.4 -11.0521 
vt 0 -11.0521 
vt 0.4 -11.0625 
vt 0 -11.0625 
vt 0.4 -11 
vt 0 -11 
vt 0.4 -11.0104 
vt 0 -11.0104 
vt 0.4 -11.0208 
vt 0 -11.0208 
vt 0.4 -11.0312 
vt 0 -11.0312 
vt 0.4 -11.0417 
vt 0 -11.0417 
vt 0.4 -11.0521 
vt 0 -11.0521 
vt 0.4 -11.0625 
vt 0 -11.0625 

usemtl Part68Mtl

f 2821/2821/2821 2823/2823/2823 2822/2822/2822 
f 2821/2821/2821 2824/2824/2824 2823/2823/2823 
f 2821/2821/2821 2825/2825/2825 2824/2824/2824 
f 2821/2821/2821 2826/2826/2826 2825/2825/2825 
f 2821/2821/2821 2827/2827/2827 2826/2826/2826 
f 2821/2821/2821 2828/2828/2828 2827/2827/2827 
f 2821/2821/2821 2830/2830/2830 2829/2829/2829 
f 2821/2821/2821 2831/2831/2831 2830/2830/2830 
f 2821/2821/2821 2832/2832/2832 2831/2831/2831 
f 2821/2821/2821 2833/2833/2833 2832/2832/2832 
f 2821/2821/2821 2834/2834/2834 2833/2833/2833 
f 2821/2821/2821 2835/2835/2835 2834/2834/2834 
f 2821/2821/2821 2837/2837/2837 2836/2836/2836 
f 2821/2821/2821 2838/2838/2838 2837/2837/2837 
f 2821/2821/2821 2839/2839/2839 2838/2838/2838 
f 2821/2821/2821 2840/2840/2840 2839/2839/2839 
f 2821/2821/2821 2841/2841/2841 2840/2840/2840 
f 2821/2821/2821 2842/2842/2842 2841/2841/2841 
f 2821/2821/2821 2844/2844/2844 2843/2843/2843 
f 2821/2821/2821 2845/2845/2845 2844/2844/2844 
f 2821/2821/2821 2846/2846/2846 2845/2845/2845 
f 2821/2821/2821 2847/2847/2847 2846/2846/2846 
f 2821/2821/2821 2848/2848/2848 2847/2847/2847 
f 2821/2821/2821 2849/2849/2849 2848/2848/2848 
f 2850/2850/2850 2851/2851/2851 2852/2852/2852 
f 2852/2852/2852 2851/2851/2851 2853/2853/2853 
f 2852/2852/2852 2853/2853/2853 2854/2854/2854 
f 2854/2854/2854 2853/2853/2853 2855/2855/2855 
f 2854/2854/2854 2855/2855/2855 2856/2856/2856 
f 2856/2856/2856 2855/2855/2855 2857/2857/2857 
f 2856/2856/2856 2857/2857/2857 2858/2858/2858 
f 2858/2858/2858 2857/2857/2857 2859/2859/2859 
f 2858/2858/2858 2859/2859/2859 2860/2860/2860 
f 2860/2860/2860 2859/2859/2859 2861/2861/2861 
f 2860/2860/2860 2861/2861/2861 2862/2862/2862 
f 2862/2862/2862 2861/2861/2861 2863/2863/2863 
f 2864/2864/2864 2865/2865/2865 2866/2866/2866 
f 2866/2866/2866 2865/2865/2865 2867/2867/2867 
f 2866/2866/2866 2867/2867/2867 2868/2868/2868 
f 2868/2868/2868 2867/2867/2867 2869/2869/2869 
f 2868/2868/2868 2869/2869/2869 2870/2870/2870 
f 2870/2870/2870 2869/2869/2869 2871/2871/2871 
f 2870/2870/2870 2871/2871/2871 2872/2872/2872 
f 2872/2872/2872 2871/2871/2871 2873/2873/2873 
f 2872/2872/2872 2873/2873/2873 2874/2874/2874 
f 2874/2874/2874 2873/2873/2873 2875/2875/2875 
f 2874/2874/2874 2875/2875/2875 2876/2876/2876 
f 2876/2876/2876 2875/2875/2875 2877/2877/2877 
f 2878/2878/2878 2880/2880/2880 2879/2879/2879 
f 2878/2878/2878 2881/2881/2881 2880/2880/2880 
f 2878/2878/2878 2882/2882/2882 2881/2881/2881 
f 2878/2878/2878 2883/2883/2883 2882/2882/2882 
f 2878/2878/2878 2884/2884/2884 2883/2883/2883 
f 2878/2878/2878 2885/2885/2885 2884/2884/2884 
f 2878/2878/2878 2887/2887/2887 2886/2886/2886 
f 2878/2878/2878 2888/2888/2888 2887/2887/2887 
f 2878/2878/2878 2889/2889/2889 2888/2888/2888 
f 2878/2878/2878 2890/2890/2890 2889/2889/2889 
f 2878/2878/2878 2891/2891/2891 2890/2890/2890 
f 2878/2878/2878 2892/2892/2892 2891/2891/2891 
f 2878/2878/2878 2894/2894/2894 2893/2893/2893 
f 2878/2878/2878 2895/2895/2895 2894/2894/2894 
f 2878/2878/2878 2896/2896/2896 2895/2895/2895 
f 2878/2878/2878 2897/2897/2897 2896/2896/2896 
f 2878/2878/2878 2898/2898/2898 2897/2897/2897 
f 2878/2878/2878 2899/2899/2899 2898/2898/2898 
f 2878/2878/2878 2901/2901/2901 2900/2900/2900 
f 2878/2878/2878 2902/2902/2902 2901/2901/2901 
f 2878/2878/2878 2903/2903/2903 2902/2902/2902 
f 2878/2878/2878 2904/2904/2904 2903/2903/2903 
f 2878/2878/2878 2905/2905/2905 2904/2904/2904 
f 2878/2878/2878 2906/2906/2906 2905/2905/2905 
f 2907/2907/2907 2908/2908/2908 2909/2909/2909 
f 2909/2909/2909 2908/2908/2908 2910/2910/2910 
f 2909/2909/2909 2910/2910/2910 2911/2911/2911 
f 2911/2911/2911 2910/2910/2910 2912/2912/2912 
f 2911/2911/2911 2912/2912/2912 2913/2913/2913 
f 2913/2913/2913 2912/2912/2912 2914/2914/2914 
f 2913/2913/2913 2914/2914/2914 2915/2915/2915 
f 2915/2915/2915 2914/2914/2914 2916/2916/2916 
f 2915/2915/2915 2916/2916/2916 2917/2917/2917 
f 2917/2917/2917 2916/2916/2916 2918/2918/2918 
f 2917/2917/2917 2918/2918/2918 2919/2919/2919 
f 2919/2919/2919 2918/2918/2918 2920/2920/2920 
f 2921/2921/2921 2922/2922/2922 2923/2923/2923 
f 2923/2923/2923 2922/2922/2922 2924/2924/2924 
f 2923/2923/2923 2924/2924/2924 2925/2925/2925 
f 2925/2925/2925 2924/2924/2924 2926/2926/2926 
f 2925/2925/2925 2926/2926/2926 2927/2927/2927 
f 2927/2927/2927 2926/2926/2926 2928/2928/2928 
f 2927/2927/2927 2928/2928/2928 2929/2929/2929 
f 2929/2929/2929 2928/2928/2928 2930/2930/2930 
f 2929/2929/2929 2930/2930/2930 2931/2931/2931 
f 2931/2931/2931 2930/2930/2930 2932/2932/2932 
f 2931/2931/2931 2932/2932/2932 2933/2933/2933 
f 2933/2933/2933 2932/2932/2932 2934/2934/2934 

g Part81

v 12.2272 4.17866 40.2916 
v 12.4557 4.27091 40.3339 
v 12.4665 4.25105 40.2901 
v 12.4663 4.21997 40.2314 
v 12.4437 4.17875 40.1666 
v 12.3989 4.13752 40.1146 
v 12.3482 4.10642 40.0851 
v 12.3049 4.08654 40.0726 
v 12.3049 4.08654 40.0726 
v 12.2586 4.07024 40.0686 
v 12.1945 4.05501 40.0768 
v 12.1206 4.04829 40.1069 
v 12.0576 4.05495 40.1559 
v 12.0184 4.07014 40.2073 
v 11.9987 4.08641 40.2494 
v 11.9987 4.08641 40.2494 
v 11.9879 4.10627 40.2932 
v 11.9881 4.13735 40.3518 
v 12.0107 4.17857 40.4167 
v 12.0556 4.2198 40.4687 
v 12.1062 4.2509 40.4981 
v 12.1495 4.27078 40.5107 
v 12.1495 4.27078 40.5107 
v 12.1959 4.28708 40.5147 
v 12.2599 4.30231 40.5064 
v 12.3339 4.30903 40.4764 
v 12.3968 4.30236 40.4274 
v 12.436 4.28718 40.376 
v 12.4557 4.27091 40.3339 
v 11.3141 7.00125 39.0662 
v 12.1495 4.27078 40.5107 
v 11.3604 7.01755 39.0702 
v 12.1959 4.28708 40.5147 
v 11.4245 7.03278 39.0619 
v 12.2599 4.30231 40.5064 
v 11.4984 7.0395 39.0319 
v 12.3339 4.30903 40.4764 
v 11.5614 7.03284 38.9829 
v 12.3968 4.30236 40.4274 
v 11.6006 7.01766 38.9315 
v 12.436 4.28718 40.376 
v 11.6203 7.00138 38.8894 
v 12.4557 4.27091 40.3339 
v 12.1495 4.27078 40.5107 
v 11.3141 7.00125 39.0662 
v 12.1062 4.2509 40.4981 
v 11.2708 6.98137 39.0537 
v 12.0556 4.2198 40.4687 
v 11.2201 6.95027 39.0242 
v 12.0107 4.17857 40.4167 
v 11.1753 6.90904 38.9722 
v 11.9881 4.13735 40.3518 
v 11.1527 6.86782 38.9073 
v 11.9879 4.10627 40.2932 
v 11.1525 6.83674 38.8487 
v 11.9987 4.08641 40.2494 
v 11.1633 6.81689 38.8049 
v 11.3918 6.90913 38.8471 
v 11.3141 7.00125 39.0662 
v 11.2708 6.98137 39.0537 
v 11.2201 6.95027 39.0242 
v 11.1753 6.90904 38.9722 
v 11.1527 6.86782 38.9073 
v 11.1525 6.83674 38.8487 
v 11.1633 6.81689 38.8049 
v 11.1633 6.81689 38.8049 
v 11.183 6.80061 38.7628 
v 11.2222 6.78543 38.7114 
v 11.2851 6.77877 38.6624 
v 11.3591 6.78549 38.6323 
v 11.4231 6.80071 38.6241 
v 11.4695 6.81702 38.6281 
v 11.4695 6.81702 38.6281 
v 11.5128 6.8369 38.6406 
v 11.5634 6.868 38.6701 
v 11.6083 6.90923 38.7221 
v 11.6309 6.95045 38.7869 
v 11.6311 6.98152 38.8456 
v 11.6203 7.00138 38.8894 
v 11.6203 7.00138 38.8894 
v 11.6006 7.01766 38.9315 
v 11.5614 7.03284 38.9829 
v 11.4984 7.0395 39.0319 
v 11.4245 7.03278 39.0619 
v 11.3604 7.01755 39.0702 
v 11.3141 7.00125 39.0662 
v 11.4695 6.81702 38.6281 
v 12.3049 4.08654 40.0726 
v 11.4231 6.80071 38.6241 
v 12.2586 4.07024 40.0686 
v 11.3591 6.78549 38.6323 
v 12.1945 4.05501 40.0768 
v 11.2851 6.77877 38.6624 
v 12.1206 4.04829 40.1069 
v 11.2222 6.78543 38.7114 
v 12.0576 4.05495 40.1559 
v 11.183 6.80061 38.7628 
v 12.0184 4.07014 40.2073 
v 11.1633 6.81689 38.8049 
v 11.9987 4.08641 40.2494 
v 11.6203 7.00138 38.8894 
v 12.4557 4.27091 40.3339 
v 11.6311 6.98152 38.8456 
v 12.4665 4.25105 40.2901 
v 11.6309 6.95045 38.7869 
v 12.4663 4.21997 40.2314 
v 11.6083 6.90923 38.7221 
v 12.4437 4.17875 40.1666 
v 11.5634 6.868 38.6701 
v 12.3989 4.13752 40.1146 
v 11.5128 6.8369 38.6406 
v 12.3482 4.10642 40.0851 
v 11.4695 6.81702 38.6281 
v 12.3049 4.08654 40.0726 

vn 0.259843 -0.850394 0.448819 
vn 0.259843 -0.850394 0.448819 
vn 0.259843 -0.850394 0.448819 
vn 0.259843 -0.850394 0.448819 
vn 0.259843 -0.850394 0.448819 
vn 0.259843 -0.850394 0.448819 
vn 0.259843 -0.850394 0.448819 
vn 0.259843 -0.850394 0.448819 
vn 0.259843 -0.850394 0.448819 
vn 0.259843 -0.850394 0.448819 
vn 0.259843 -0.850394 0.448819 
vn 0.259843 -0.850394 0.448819 
vn 0.259843 -0.850394 0.448819 
vn 0.259843 -0.850394 0.448819 
vn 0.259843 -0.850394 0.448819 
vn 0.259843 -0.850394 0.448819 
vn 0.259843 -0.850394 0.448819 
vn 0.259843 -0.850394 0.448819 
vn 0.259843 -0.850394 0.448819 
vn 0.259843 -0.850394 0.448819 
vn 0.259843 -0.850394 0.448819 
vn 0.259843 -0.850394 0.448819 
vn 0.259843 -0.850394 0.448819 
vn 0.259843 -0.850394 0.448819 
vn 0.259843 -0.850394 0.448819 
vn 0.259843 -0.850394 0.448819 
vn 0.259843 -0.850394 0.448819 
vn 0.259843 -0.850394 0.448819 
vn 0.259843 -0.850394 0.448819 
vn -0.307087 0.370079 0.874016 
vn -0.307087 0.370079 0.874016 
vn -0.125984 0.433071 0.889764 
vn -0.125984 0.433071 0.889764 
vn 0.133858 0.496063 0.858268 
vn 0.133858 0.496063 0.858268 
vn 0.425197 0.519685 0.740157 
vn 0.425197 0.519685 0.740157 
vn 0.677165 0.496063 0.543307 
vn 0.677165 0.496063 0.543307 
vn 0.834646 0.433071 0.338583 
vn 0.834646 0.433071 0.338583 
vn 0.913386 0.370079 0.165354 
vn 0.913386 0.370079 0.165354 
vn -0.307087 0.370079 0.874016 
vn -0.307087 0.370079 0.874016 
vn -0.480315 0.291339 0.826772 
vn -0.480315 0.291339 0.826772 
vn -0.685039 0.165354 0.708661 
vn -0.685039 0.165354 0.708661 
vn -0.866142 0 0.503937 
vn -0.866142 0 0.503937 
vn -0.952756 -0.165354 0.244094 
vn -0.952756 -0.165354 0.244094 
vn -0.96063 -0.291339 0.00787402 
vn -0.96063 -0.291339 0.00787402 
vn -0.913386 -0.370079 -0.165354 
vn -0.913386 -0.370079 -0.165354 
vn -0.259843 0.850394 -0.448819 
vn -0.259843 0.850394 -0.448819 
vn -0.259843 0.850394 -0.448819 
vn -0.259843 0.850394 -0.448819 
vn -0.259843 0.850394 -0.448819 
vn -0.259843 0.850394 -0.448819 
vn -0.259843 0.850394 -0.448819 
vn -0.259843 0.850394 -0.448819 
vn -0.259843 0.850394 -0.448819 
vn -0.259843 0.850394 -0.448819 
vn -0.259843 0.850394 -0.448819 
vn -0.259843 0.850394 -0.448819 
vn -0.259843 0.850394 -0.448819 
vn -0.259843 0.850394 -0.448819 
vn -0.259843 0.850394 -0.448819 
vn -0.259843 0.850394 -0.448819 
vn -0.259843 0.850394 -0.448819 
vn -0.259843 0.850394 -0.448819 
vn -0.259843 0.850394 -0.448819 
vn -0.259843 0.850394 -0.448819 
vn -0.259843 0.850394 -0.448819 
vn -0.259843 0.850394 -0.448819 
vn -0.259843 0.850394 -0.448819 
vn -0.259843 0.850394 -0.448819 
vn -0.259843 0.850394 -0.448819 
vn -0.259843 0.850394 -0.448819 
vn -0.259843 0.850394 -0.448819 
vn -0.259843 0.850394 -0.448819 
vn -0.259843 0.850394 -0.448819 
vn 0.307087 -0.370079 -0.874016 
vn 0.307087 -0.370079 -0.874016 
vn 0.125984 -0.433071 -0.889764 
vn 0.125984 -0.433071 -0.889764 
vn -0.133858 -0.496063 -0.858268 
vn -0.133858 -0.496063 -0.858268 
vn -0.425197 -0.519685 -0.740157 
vn -0.425197 -0.519685 -0.740157 
vn -0.677165 -0.496063 -0.543307 
vn -0.677165 -0.496063 -0.543307 
vn -0.834646 -0.433071 -0.338583 
vn -0.834646 -0.433071 -0.338583 
vn -0.913386 -0.370079 -0.165354 
vn -0.913386 -0.370079 -0.165354 
vn 0.913386 0.370079 0.165354 
vn 0.913386 0.370079 0.165354 
vn 0.96063 0.291339 -0.00787402 
vn 0.96063 0.291339 -0.00787402 
vn 0.952756 0.165354 -0.244094 
vn 0.952756 0.165354 -0.244094 
vn 0.866142 0 -0.503937 
vn 0.866142 0 -0.503937 
vn 0.685039 -0.165354 -0.708661 
vn 0.685039 -0.165354 -0.708661 
vn 0.480315 -0.291339 -0.826772 
vn 0.480315 -0.291339 -0.826772 
vn 0.307087 -0.370079 -0.874016 
vn 0.307087 -0.370079 -0.874016 

vt 7.53125 -6.28125 
vt 7.55335 -6.30335 
vt 7.54858 -6.30725 
vt 7.54113 -6.3109 
vt 7.53125 -6.3125 
vt 7.52137 -6.3109 
vt 7.51392 -6.30725 
vt 7.50915 -6.30335 
vt 7.50915 -6.30335 
vt 7.50525 -6.29858 
vt 7.5016 -6.29113 
vt 7.5 -6.28125 
vt 7.5016 -6.27137 
vt 7.50525 -6.26392 
vt 7.50915 -6.25915 
vt 7.50915 -6.25915 
vt 7.51392 -6.25525 
vt 7.52137 -6.2516 
vt 7.53125 -6.25 
vt 7.54113 -6.2516 
vt 7.54858 -6.25525 
vt 7.55335 -6.25915 
vt 7.55335 -6.25915 
vt 7.55725 -6.26392 
vt 7.5609 -6.27137 
vt 7.5625 -6.28125 
vt 7.5609 -6.29113 
vt 7.55725 -6.29858 
vt 7.55335 -6.30335 
vt 15.4 -13.5 
vt 15 -13.5 
vt 15.4 -13.5104 
vt 15 -13.5104 
vt 15.4 -13.5208 
vt 15 -13.5208 
vt 15.4 -13.5312 
vt 15 -13.5312 
vt 15.4 -13.5417 
vt 15 -13.5417 
vt 15.4 -13.5521 
vt 15 -13.5521 
vt 15.4 -13.5625 
vt 15 -13.5625 
vt 15.4 -13.5 
vt 15 -13.5 
vt 15.4 -13.5104 
vt 15 -13.5104 
vt 15.4 -13.5208 
vt 15 -13.5208 
vt 15.4 -13.5312 
vt 15 -13.5312 
vt 15.4 -13.5417 
vt 15 -13.5417 
vt 15.4 -13.5521 
vt 15 -13.5521 
vt 15.4 -13.5625 
vt 15 -13.5625 
vt 7.53125 -6.28125 
vt 7.50915 -6.25915 
vt 7.51392 -6.25525 
vt 7.52137 -6.2516 
vt 7.53125 -6.25 
vt 7.54113 -6.2516 
vt 7.54858 -6.25525 
vt 7.55335 -6.25915 
vt 7.55335 -6.25915 
vt 7.55725 -6.26392 
vt 7.5609 -6.27137 
vt 7.5625 -6.28125 
vt 7.5609 -6.29113 
vt 7.55725 -6.29858 
vt 7.55335 -6.30335 
vt 7.55335 -6.30335 
vt 7.54858 -6.30725 
vt 7.54113 -6.3109 
vt 7.53125 -6.3125 
vt 7.52137 -6.3109 
vt 7.51392 -6.30725 
vt 7.50915 -6.30335 
vt 7.50915 -6.30335 
vt 7.50525 -6.29858 
vt 7.5016 -6.29113 
vt 7.5 -6.28125 
vt 7.5016 -6.27137 
vt 7.50525 -6.26392 
vt 7.50915 -6.25915 
vt 15.4 -13.5 
vt 15 -13.5 
vt 15.4 -13.5104 
vt 15 -13.5104 
vt 15.4 -13.5208 
vt 15 -13.5208 
vt 15.4 -13.5312 
vt 15 -13.5312 
vt 15.4 -13.5417 
vt 15 -13.5417 
vt 15.4 -13.5521 
vt 15 -13.5521 
vt 15.4 -13.5625 
vt 15 -13.5625 
vt 15.4 -13.5 
vt 15 -13.5 
vt 15.4 -13.5104 
vt 15 -13.5104 
vt 15.4 -13.5208 
vt 15 -13.5208 
vt 15.4 -13.5312 
vt 15 -13.5312 
vt 15.4 -13.5417 
vt 15 -13.5417 
vt 15.4 -13.5521 
vt 15 -13.5521 
vt 15.4 -13.5625 
vt 15 -13.5625 

usemtl Part68Mtl

f 2935/2935/2935 2937/2937/2937 2936/2936/2936 
f 2935/2935/2935 2938/2938/2938 2937/2937/2937 
f 2935/2935/2935 2939/2939/2939 2938/2938/2938 
f 2935/2935/2935 2940/2940/2940 2939/2939/2939 
f 2935/2935/2935 2941/2941/2941 2940/2940/2940 
f 2935/2935/2935 2942/2942/2942 2941/2941/2941 
f 2935/2935/2935 2944/2944/2944 2943/2943/2943 
f 2935/2935/2935 2945/2945/2945 2944/2944/2944 
f 2935/2935/2935 2946/2946/2946 2945/2945/2945 
f 2935/2935/2935 2947/2947/2947 2946/2946/2946 
f 2935/2935/2935 2948/2948/2948 2947/2947/2947 
f 2935/2935/2935 2949/2949/2949 2948/2948/2948 
f 2935/2935/2935 2951/2951/2951 2950/2950/2950 
f 2935/2935/2935 2952/2952/2952 2951/2951/2951 
f 2935/2935/2935 2953/2953/2953 2952/2952/2952 
f 2935/2935/2935 2954/2954/2954 2953/2953/2953 
f 2935/2935/2935 2955/2955/2955 2954/2954/2954 
f 2935/2935/2935 2956/2956/2956 2955/2955/2955 
f 2935/2935/2935 2958/2958/2958 2957/2957/2957 
f 2935/2935/2935 2959/2959/2959 2958/2958/2958 
f 2935/2935/2935 2960/2960/2960 2959/2959/2959 
f 2935/2935/2935 2961/2961/2961 2960/2960/2960 
f 2935/2935/2935 2962/2962/2962 2961/2961/2961 
f 2935/2935/2935 2963/2963/2963 2962/2962/2962 
f 2964/2964/2964 2965/2965/2965 2966/2966/2966 
f 2966/2966/2966 2965/2965/2965 2967/2967/2967 
f 2966/2966/2966 2967/2967/2967 2968/2968/2968 
f 2968/2968/2968 2967/2967/2967 2969/2969/2969 
f 2968/2968/2968 2969/2969/2969 2970/2970/2970 
f 2970/2970/2970 2969/2969/2969 2971/2971/2971 
f 2970/2970/2970 2971/2971/2971 2972/2972/2972 
f 2972/2972/2972 2971/2971/2971 2973/2973/2973 
f 2972/2972/2972 2973/2973/2973 2974/2974/2974 
f 2974/2974/2974 2973/2973/2973 2975/2975/2975 
f 2974/2974/2974 2975/2975/2975 2976/2976/2976 
f 2976/2976/2976 2975/2975/2975 2977/2977/2977 
f 2978/2978/2978 2979/2979/2979 2980/2980/2980 
f 2980/2980/2980 2979/2979/2979 2981/2981/2981 
f 2980/2980/2980 2981/2981/2981 2982/2982/2982 
f 2982/2982/2982 2981/2981/2981 2983/2983/2983 
f 2982/2982/2982 2983/2983/2983 2984/2984/2984 
f 2984/2984/2984 2983/2983/2983 2985/2985/2985 
f 2984/2984/2984 2985/2985/2985 2986/2986/2986 
f 2986/2986/2986 2985/2985/2985 2987/2987/2987 
f 2986/2986/2986 2987/2987/2987 2988/2988/2988 
f 2988/2988/2988 2987/2987/2987 2989/2989/2989 
f 2988/2988/2988 2989/2989/2989 2990/2990/2990 
f 2990/2990/2990 2989/2989/2989 2991/2991/2991 
f 2992/2992/2992 2994/2994/2994 2993/2993/2993 
f 2992/2992/2992 2995/2995/2995 2994/2994/2994 
f 2992/2992/2992 2996/2996/2996 2995/2995/2995 
f 2992/2992/2992 2997/2997/2997 2996/2996/2996 
f 2992/2992/2992 2998/2998/2998 2997/2997/2997 
f 2992/2992/2992 2999/2999/2999 2998/2998/2998 
f 2992/2992/2992 3001/3001/3001 3000/3000/3000 
f 2992/2992/2992 3002/3002/3002 3001/3001/3001 
f 2992/2992/2992 3003/3003/3003 3002/3002/3002 
f 2992/2992/2992 3004/3004/3004 3003/3003/3003 
f 2992/2992/2992 3005/3005/3005 3004/3004/3004 
f 2992/2992/2992 3006/3006/3006 3005/3005/3005 
f 2992/2992/2992 3008/3008/3008 3007/3007/3007 
f 2992/2992/2992 3009/3009/3009 3008/3008/3008 
f 2992/2992/2992 3010/3010/3010 3009/3009/3009 
f 2992/2992/2992 3011/3011/3011 3010/3010/3010 
f 2992/2992/2992 3012/3012/3012 3011/3011/3011 
f 2992/2992/2992 3013/3013/3013 3012/3012/3012 
f 2992/2992/2992 3015/3015/3015 3014/3014/3014 
f 2992/2992/2992 3016/3016/3016 3015/3015/3015 
f 2992/2992/2992 3017/3017/3017 3016/3016/3016 
f 2992/2992/2992 3018/3018/3018 3017/3017/3017 
f 2992/2992/2992 3019/3019/3019 3018/3018/3018 
f 2992/2992/2992 3020/3020/3020 3019/3019/3019 
f 3021/3021/3021 3022/3022/3022 3023/3023/3023 
f 3023/3023/3023 3022/3022/3022 3024/3024/3024 
f 3023/3023/3023 3024/3024/3024 3025/3025/3025 
f 3025/3025/3025 3024/3024/3024 3026/3026/3026 
f 3025/3025/3025 3026/3026/3026 3027/3027/3027 
f 3027/3027/3027 3026/3026/3026 3028/3028/3028 
f 3027/3027/3027 3028/3028/3028 3029/3029/3029 
f 3029/3029/3029 3028/3028/3028 3030/3030/3030 
f 3029/3029/3029 3030/3030/3030 3031/3031/3031 
f 3031/3031/3031 3030/3030/3030 3032/3032/3032 
f 3031/3031/3031 3032/3032/3032 3033/3033/3033 
f 3033/3033/3033 3032/3032/3032 3034/3034/3034 
f 3035/3035/3035 3036/3036/3036 3037/3037/3037 
f 3037/3037/3037 3036/3036/3036 3038/3038/3038 
f 3037/3037/3037 3038/3038/3038 3039/3039/3039 
f 3039/3039/3039 3038/3038/3038 3040/3040/3040 
f 3039/3039/3039 3040/3040/3040 3041/3041/3041 
f 3041/3041/3041 3040/3040/3040 3042/3042/3042 
f 3041/3041/3041 3042/3042/3042 3043/3043/3043 
f 3043/3043/3043 3042/3042/3042 3044/3044/3044 
f 3043/3043/3043 3044/3044/3044 3045/3045/3045 
f 3045/3045/3045 3044/3044/3044 3046/3046/3046 
f 3045/3045/3045 3046/3046/3046 3047/3047/3047 
f 3047/3047/3047 3046/3046/3046 3048/3048/3048 

g Part82

v 12.2272 4.67866 40.2916 
v 12.4557 4.77091 40.3338 
v 12.4665 4.75105 40.29 
v 12.4663 4.71997 40.2314 
v 12.4437 4.67875 40.1666 
v 12.3988 4.63752 40.1146 
v 12.3482 4.60642 40.0851 
v 12.3049 4.58654 40.0726 
v 12.3049 4.58654 40.0726 
v 12.2585 4.57024 40.0685 
v 12.1945 4.55501 40.0768 
v 12.1205 4.54829 40.1069 
v 12.0576 4.55495 40.1559 
v 12.0184 4.57014 40.2072 
v 11.9987 4.58641 40.2494 
v 11.9987 4.58641 40.2494 
v 11.9879 4.60627 40.2932 
v 11.9881 4.63735 40.3518 
v 12.0107 4.67857 40.4166 
v 12.0555 4.7198 40.4686 
v 12.1062 4.7509 40.4981 
v 12.1495 4.77078 40.5106 
v 12.1495 4.77078 40.5106 
v 12.1958 4.78708 40.5147 
v 12.2599 4.80231 40.5064 
v 12.3338 4.80902 40.4763 
v 12.3968 4.80236 40.4273 
v 12.436 4.78718 40.376 
v 12.4557 4.77091 40.3338 
v 11.3141 7.50125 39.0662 
v 12.1495 4.77078 40.5106 
v 11.3604 7.51755 39.0702 
v 12.1958 4.78708 40.5147 
v 11.4245 7.53278 39.0619 
v 12.2599 4.80231 40.5064 
v 11.4984 7.5395 39.0318 
v 12.3338 4.80902 40.4763 
v 11.5614 7.53284 38.9828 
v 12.3968 4.80236 40.4273 
v 11.6006 7.51765 38.9315 
v 12.436 4.78718 40.376 
v 11.6203 7.50138 38.8893 
v 12.4557 4.77091 40.3338 
v 12.1495 4.77078 40.5106 
v 11.3141 7.50125 39.0662 
v 12.1062 4.7509 40.4981 
v 11.2708 7.48137 39.0536 
v 12.0555 4.7198 40.4686 
v 11.2201 7.45027 39.0241 
v 12.0107 4.67857 40.4166 
v 11.1753 7.40904 38.9721 
v 11.9881 4.63735 40.3518 
v 11.1527 7.36782 38.9073 
v 11.9879 4.60627 40.2932 
v 11.1525 7.33674 38.8487 
v 11.9987 4.58641 40.2494 
v 11.1633 7.31689 38.8049 
v 11.3918 7.40913 38.8471 
v 11.3141 7.50125 39.0662 
v 11.2708 7.48137 39.0536 
v 11.2201 7.45027 39.0241 
v 11.1753 7.40904 38.9721 
v 11.1527 7.36782 38.9073 
v 11.1525 7.33674 38.8487 
v 11.1633 7.31689 38.8049 
v 11.1633 7.31689 38.8049 
v 11.1829 7.30061 38.7627 
v 11.2221 7.28543 38.7114 
v 11.2851 7.27877 38.6624 
v 11.359 7.28549 38.6323 
v 11.4231 7.30071 38.624 
v 11.4694 7.31701 38.6281 
v 11.4694 7.31701 38.6281 
v 11.5127 7.33689 38.6406 
v 11.5634 7.36799 38.6701 
v 11.6083 7.40922 38.7221 
v 11.6309 7.45045 38.7869 
v 11.631 7.48152 38.8455 
v 11.6203 7.50138 38.8893 
v 11.6203 7.50138 38.8893 
v 11.6006 7.51765 38.9315 
v 11.5614 7.53284 38.9828 
v 11.4984 7.5395 39.0318 
v 11.4245 7.53278 39.0619 
v 11.3604 7.51755 39.0702 
v 11.3141 7.50125 39.0662 
v 11.4694 7.31701 38.6281 
v 12.3049 4.58654 40.0726 
v 11.4231 7.30071 38.624 
v 12.2585 4.57024 40.0685 
v 11.359 7.28549 38.6323 
v 12.1945 4.55501 40.0768 
v 11.2851 7.27877 38.6624 
v 12.1205 4.54829 40.1069 
v 11.2221 7.28543 38.7114 
v 12.0576 4.55495 40.1559 
v 11.1829 7.30061 38.7627 
v 12.0184 4.57014 40.2072 
v 11.1633 7.31689 38.8049 
v 11.9987 4.58641 40.2494 
v 11.6203 7.50138 38.8893 
v 12.4557 4.77091 40.3338 
v 11.631 7.48152 38.8455 
v 12.4665 4.75105 40.29 
v 11.6309 7.45045 38.7869 
v 12.4663 4.71997 40.2314 
v 11.6083 7.40922 38.7221 
v 12.4437 4.67875 40.1666 
v 11.5634 7.36799 38.6701 
v 12.3988 4.63752 40.1146 
v 11.5127 7.33689 38.6406 
v 12.3482 4.60642 40.0851 
v 11.4694 7.31701 38.6281 
v 12.3049 4.58654 40.0726 

vn 0.259843 -0.850394 0.448819 
vn 0.259843 -0.850394 0.448819 
vn 0.259843 -0.850394 0.448819 
vn 0.259843 -0.850394 0.448819 
vn 0.259843 -0.850394 0.448819 
vn 0.259843 -0.850394 0.448819 
vn 0.259843 -0.850394 0.448819 
vn 0.259843 -0.850394 0.448819 
vn 0.259843 -0.850394 0.448819 
vn 0.259843 -0.850394 0.448819 
vn 0.259843 -0.850394 0.448819 
vn 0.259843 -0.850394 0.448819 
vn 0.259843 -0.850394 0.448819 
vn 0.259843 -0.850394 0.448819 
vn 0.259843 -0.850394 0.448819 
vn 0.259843 -0.850394 0.448819 
vn 0.259843 -0.850394 0.448819 
vn 0.259843 -0.850394 0.448819 
vn 0.259843 -0.850394 0.448819 
vn 0.259843 -0.850394 0.448819 
vn 0.259843 -0.850394 0.448819 
vn 0.259843 -0.850394 0.448819 
vn 0.259843 -0.850394 0.448819 
vn 0.259843 -0.850394 0.448819 
vn 0.259843 -0.850394 0.448819 
vn 0.259843 -0.850394 0.448819 
vn 0.259843 -0.850394 0.448819 
vn 0.259843 -0.850394 0.448819 
vn 0.259843 -0.850394 0.448819 
vn -0.307087 0.370079 0.874016 
vn -0.307087 0.370079 0.874016 
vn -0.125984 0.433071 0.889764 
vn -0.125984 0.433071 0.889764 
vn 0.133858 0.496063 0.858268 
vn 0.133858 0.496063 0.858268 
vn 0.425197 0.519685 0.740157 
vn 0.425197 0.519685 0.740157 
vn 0.677165 0.496063 0.543307 
vn 0.677165 0.496063 0.543307 
vn 0.834646 0.433071 0.338583 
vn 0.834646 0.433071 0.338583 
vn 0.913386 0.370079 0.165354 
vn 0.913386 0.370079 0.165354 
vn -0.307087 0.370079 0.874016 
vn -0.307087 0.370079 0.874016 
vn -0.480315 0.291339 0.826772 
vn -0.480315 0.291339 0.826772 
vn -0.685039 0.165354 0.708661 
vn -0.685039 0.165354 0.708661 
vn -0.866142 0 0.503937 
vn -0.866142 0 0.503937 
vn -0.952756 -0.165354 0.244094 
vn -0.952756 -0.165354 0.244094 
vn -0.96063 -0.291339 0.00787402 
vn -0.96063 -0.291339 0.00787402 
vn -0.913386 -0.370079 -0.165354 
vn -0.913386 -0.370079 -0.165354 
vn -0.259843 0.850394 -0.448819 
vn -0.259843 0.850394 -0.448819 
vn -0.259843 0.850394 -0.448819 
vn -0.259843 0.850394 -0.448819 
vn -0.259843 0.850394 -0.448819 
vn -0.259843 0.850394 -0.448819 
vn -0.259843 0.850394 -0.448819 
vn -0.259843 0.850394 -0.448819 
vn -0.259843 0.850394 -0.448819 
vn -0.259843 0.850394 -0.448819 
vn -0.259843 0.850394 -0.448819 
vn -0.259843 0.850394 -0.448819 
vn -0.259843 0.850394 -0.448819 
vn -0.259843 0.850394 -0.448819 
vn -0.259843 0.850394 -0.448819 
vn -0.259843 0.850394 -0.448819 
vn -0.259843 0.850394 -0.448819 
vn -0.259843 0.850394 -0.448819 
vn -0.259843 0.850394 -0.448819 
vn -0.259843 0.850394 -0.448819 
vn -0.259843 0.850394 -0.448819 
vn -0.259843 0.850394 -0.448819 
vn -0.259843 0.850394 -0.448819 
vn -0.259843 0.850394 -0.448819 
vn -0.259843 0.850394 -0.448819 
vn -0.259843 0.850394 -0.448819 
vn -0.259843 0.850394 -0.448819 
vn -0.259843 0.850394 -0.448819 
vn -0.259843 0.850394 -0.448819 
vn 0.307087 -0.370079 -0.874016 
vn 0.307087 -0.370079 -0.874016 
vn 0.125984 -0.433071 -0.889764 
vn 0.125984 -0.433071 -0.889764 
vn -0.133858 -0.496063 -0.858268 
vn -0.133858 -0.496063 -0.858268 
vn -0.425197 -0.519685 -0.740157 
vn -0.425197 -0.519685 -0.740157 
vn -0.677165 -0.496063 -0.543307 
vn -0.677165 -0.496063 -0.543307 
vn -0.834646 -0.433071 -0.338583 
vn -0.834646 -0.433071 -0.338583 
vn -0.913386 -0.370079 -0.165354 
vn -0.913386 -0.370079 -0.165354 
vn 0.913386 0.370079 0.165354 
vn 0.913386 0.370079 0.165354 
vn 0.96063 0.291339 -0.00787402 
vn 0.96063 0.291339 -0.00787402 
vn 0.952756 0.165354 -0.244094 
vn 0.952756 0.165354 -0.244094 
vn 0.866142 0 -0.503937 
vn 0.866142 0 -0.503937 
vn 0.685039 -0.165354 -0.708661 
vn 0.685039 -0.165354 -0.708661 
vn 0.480315 -0.291339 -0.826772 
vn 0.480315 -0.291339 -0.826772 
vn 0.307087 -0.370079 -0.874016 
vn 0.307087 -0.370079 -0.874016 

vt 5.28125 0.21875 
vt 5.30335 0.196653 
vt 5.29858 0.192748 
vt 5.29113 0.189104 
vt 5.28125 0.1875 
vt 5.27137 0.189104 
vt 5.26392 0.192748 
vt 5.25915 0.196653 
vt 5.25915 0.196653 
vt 5.25525 0.201416 
vt 5.2516 0.208868 
vt 5.25 0.21875 
vt 5.2516 0.228632 
vt 5.25525 0.236084 
vt 5.25915 0.240847 
vt 5.25915 0.240847 
vt 5.26392 0.244752 
vt 5.27137 0.248396 
vt 5.28125 0.25 
vt 5.29113 0.248396 
vt 5.29858 0.244752 
vt 5.30335 0.240847 
vt 5.30335 0.240847 
vt 5.30725 0.236084 
vt 5.3109 0.228632 
vt 5.3125 0.21875 
vt 5.3109 0.208868 
vt 5.30725 0.201416 
vt 5.30335 0.196653 
vt 10.9 -0.5 
vt 10.5 -0.5 
vt 10.9 -0.510417 
vt 10.5 -0.510417 
vt 10.9 -0.520833 
vt 10.5 -0.520833 
vt 10.9 -0.53125 
vt 10.5 -0.53125 
vt 10.9 -0.541667 
vt 10.5 -0.541667 
vt 10.9 -0.552083 
vt 10.5 -0.552083 
vt 10.9 -0.5625 
vt 10.5 -0.5625 
vt 10.9 -0.5 
vt 10.5 -0.5 
vt 10.9 -0.510417 
vt 10.5 -0.510417 
vt 10.9 -0.520833 
vt 10.5 -0.520833 
vt 10.9 -0.53125 
vt 10.5 -0.53125 
vt 10.9 -0.541667 
vt 10.5 -0.541667 
vt 10.9 -0.552083 
vt 10.5 -0.552083 
vt 10.9 -0.5625 
vt 10.5 -0.5625 
vt 5.28125 0.21875 
vt 5.25915 0.240847 
vt 5.26392 0.244752 
vt 5.27137 0.248396 
vt 5.28125 0.25 
vt 5.29113 0.248396 
vt 5.29858 0.244752 
vt 5.30335 0.240847 
vt 5.30335 0.240847 
vt 5.30725 0.236084 
vt 5.3109 0.228632 
vt 5.3125 0.21875 
vt 5.3109 0.208868 
vt 5.30725 0.201416 
vt 5.30335 0.196653 
vt 5.30335 0.196653 
vt 5.29858 0.192748 
vt 5.29113 0.189104 
vt 5.28125 0.1875 
vt 5.27137 0.189104 
vt 5.26392 0.192748 
vt 5.25915 0.196653 
vt 5.25915 0.196653 
vt 5.25525 0.201416 
vt 5.2516 0.208868 
vt 5.25 0.21875 
vt 5.2516 0.228632 
vt 5.25525 0.236084 
vt 5.25915 0.240847 
vt 10.9 -0.5 
vt 10.5 -0.5 
vt 10.9 -0.510417 
vt 10.5 -0.510417 
vt 10.9 -0.520833 
vt 10.5 -0.520833 
vt 10.9 -0.53125 
vt 10.5 -0.53125 
vt 10.9 -0.541667 
vt 10.5 -0.541667 
vt 10.9 -0.552083 
vt 10.5 -0.552083 
vt 10.9 -0.5625 
vt 10.5 -0.5625 
vt 10.9 -0.5 
vt 10.5 -0.5 
vt 10.9 -0.510417 
vt 10.5 -0.510417 
vt 10.9 -0.520833 
vt 10.5 -0.520833 
vt 10.9 -0.53125 
vt 10.5 -0.53125 
vt 10.9 -0.541667 
vt 10.5 -0.541667 
vt 10.9 -0.552083 
vt 10.5 -0.552083 
vt 10.9 -0.5625 
vt 10.5 -0.5625 

usemtl Part68Mtl

f 3049/3049/3049 3051/3051/3051 3050/3050/3050 
f 3049/3049/3049 3052/3052/3052 3051/3051/3051 
f 3049/3049/3049 3053/3053/3053 3052/3052/3052 
f 3049/3049/3049 3054/3054/3054 3053/3053/3053 
f 3049/3049/3049 3055/3055/3055 3054/3054/3054 
f 3049/3049/3049 3056/3056/3056 3055/3055/3055 
f 3049/3049/3049 3058/3058/3058 3057/3057/3057 
f 3049/3049/3049 3059/3059/3059 3058/3058/3058 
f 3049/3049/3049 3060/3060/3060 3059/3059/3059 
f 3049/3049/3049 3061/3061/3061 3060/3060/3060 
f 3049/3049/3049 3062/3062/3062 3061/3061/3061 
f 3049/3049/3049 3063/3063/3063 3062/3062/3062 
f 3049/3049/3049 3065/3065/3065 3064/3064/3064 
f 3049/3049/3049 3066/3066/3066 3065/3065/3065 
f 3049/3049/3049 3067/3067/3067 3066/3066/3066 
f 3049/3049/3049 3068/3068/3068 3067/3067/3067 
f 3049/3049/3049 3069/3069/3069 3068/3068/3068 
f 3049/3049/3049 3070/3070/3070 3069/3069/3069 
f 3049/3049/3049 3072/3072/3072 3071/3071/3071 
f 3049/3049/3049 3073/3073/3073 3072/3072/3072 
f 3049/3049/3049 3074/3074/3074 3073/3073/3073 
f 3049/3049/3049 3075/3075/3075 3074/3074/3074 
f 3049/3049/3049 3076/3076/3076 3075/3075/3075 
f 3049/3049/3049 3077/3077/3077 3076/3076/3076 
f 3078/3078/3078 3079/3079/3079 3080/3080/3080 
f 3080/3080/3080 3079/3079/3079 3081/3081/3081 
f 3080/3080/3080 3081/3081/3081 3082/3082/3082 
f 3082/3082/3082 3081/3081/3081 3083/3083/3083 
f 3082/3082/3082 3083/3083/3083 3084/3084/3084 
f 3084/3084/3084 3083/3083/3083 3085/3085/3085 
f 3084/3084/3084 3085/3085/3085 3086/3086/3086 
f 3086/3086/3086 3085/3085/3085 3087/3087/3087 
f 3086/3086/3086 3087/3087/3087 3088/3088/3088 
f 3088/3088/3088 3087/3087/3087 3089/3089/3089 
f 3088/3088/3088 3089/3089/3089 3090/3090/3090 
f 3090/3090/3090 3089/3089/3089 3091/3091/3091 
f 3092/3092/3092 3093/3093/3093 3094/3094/3094 
f 3094/3094/3094 3093/3093/3093 3095/3095/3095 
f 3094/3094/3094 3095/3095/3095 3096/3096/3096 
f 3096/3096/3096 3095/3095/3095 3097/3097/3097 
f 3096/3096/3096 3097/3097/3097 3098/3098/3098 
f 3098/3098/3098 3097/3097/3097 3099/3099/3099 
f 3098/3098/3098 3099/3099/3099 3100/3100/3100 
f 3100/3100/3100 3099/3099/3099 3101/3101/3101 
f 3100/3100/3100 3101/3101/3101 3102/3102/3102 
f 3102/3102/3102 3101/3101/3101 3103/3103/3103 
f 3102/3102/3102 3103/3103/3103 3104/3104/3104 
f 3104/3104/3104 3103/3103/3103 3105/3105/3105 
f 3106/3106/3106 3108/3108/3108 3107/3107/3107 
f 3106/3106/3106 3109/3109/3109 3108/3108/3108 
f 3106/3106/3106 3110/3110/3110 3109/3109/3109 
f 3106/3106/3106 3111/3111/3111 3110/3110/3110 
f 3106/3106/3106 3112/3112/3112 3111/3111/3111 
f 3106/3106/3106 3113/3113/3113 3112/3112/3112 
f 3106/3106/3106 3115/3115/3115 3114/3114/3114 
f 3106/3106/3106 3116/3116/3116 3115/3115/3115 
f 3106/3106/3106 3117/3117/3117 3116/3116/3116 
f 3106/3106/3106 3118/3118/3118 3117/3117/3117 
f 3106/3106/3106 3119/3119/3119 3118/3118/3118 
f 3106/3106/3106 3120/3120/3120 3119/3119/3119 
f 3106/3106/3106 3122/3122/3122 3121/3121/3121 
f 3106/3106/3106 3123/3123/3123 3122/3122/3122 
f 3106/3106/3106 3124/3124/3124 3123/3123/3123 
f 3106/3106/3106 3125/3125/3125 3124/3124/3124 
f 3106/3106/3106 3126/3126/3126 3125/3125/3125 
f 3106/3106/3106 3127/3127/3127 3126/3126/3126 
f 3106/3106/3106 3129/3129/3129 3128/3128/3128 
f 3106/3106/3106 3130/3130/3130 3129/3129/3129 
f 3106/3106/3106 3131/3131/3131 3130/3130/3130 
f 3106/3106/3106 3132/3132/3132 3131/3131/3131 
f 3106/3106/3106 3133/3133/3133 3132/3132/3132 
f 3106/3106/3106 3134/3134/3134 3133/3133/3133 
f 3135/3135/3135 3136/3136/3136 3137/3137/3137 
f 3137/3137/3137 3136/3136/3136 3138/3138/3138 
f 3137/3137/3137 3138/3138/3138 3139/3139/3139 
f 3139/3139/3139 3138/3138/3138 3140/3140/3140 
f 3139/3139/3139 3140/3140/3140 3141/3141/3141 
f 3141/3141/3141 3140/3140/3140 3142/3142/3142 
f 3141/3141/3141 3142/3142/3142 3143/3143/3143 
f 3143/3143/3143 3142/3142/3142 3144/3144/3144 
f 3143/3143/3143 3144/3144/3144 3145/3145/3145 
f 3145/3145/3145 3144/3144/3144 3146/3146/3146 
f 3145/3145/3145 3146/3146/3146 3147/3147/3147 
f 3147/3147/3147 3146/3146/3146 3148/3148/3148 
f 3149/3149/3149 3150/3150/3150 3151/3151/3151 
f 3151/3151/3151 3150/3150/3150 3152/3152/3152 
f 3151/3151/3151 3152/3152/3152 3153/3153/3153 
f 3153/3153/3153 3152/3152/3152 3154/3154/3154 
f 3153/3153/3153 3154/3154/3154 3155/3155/3155 
f 3155/3155/3155 3154/3154/3154 3156/3156/3156 
f 3155/3155/3155 3156/3156/3156 3157/3157/3157 
f 3157/3157/3157 3156/3156/3156 3158/3158/3158 
f 3157/3157/3157 3158/3158/3158 3159/3159/3159 
f 3159/3159/3159 3158/3158/3158 3160/3160/3160 
f 3159/3159/3159 3160/3160/3160 3161/3161/3161 
f 3161/3161/3161 3160/3160/3160 3162/3162/3162 

g Wedge1

v 12.1324 5.46805 39.929 
v 12.1324 5.46805 39.929 
v 11.5323 7.46787 38.8895 
v 11.5324 5.46787 38.8897 
v 12.1324 5.46805 39.929 
v 6.93625 5.46793 42.9289 
v 11.5324 5.46787 38.8897 
v 6.33626 5.46776 41.8897 
v 6.93625 5.46793 42.9289 
v 6.93625 5.46793 42.9289 
v 6.33626 5.46776 41.8897 
v 6.33607 7.46776 41.8895 
v 6.33607 7.46776 41.8895 
v 11.5323 7.46787 38.8895 
v 6.33626 5.46776 41.8897 
v 11.5324 5.46787 38.8897 
v 6.93625 5.46793 42.9289 
v 12.1324 5.46805 39.929 
v 6.33607 7.46776 41.8895 
v 11.5323 7.46787 38.8895 

vn 0.866142 0 -0.496063 
vn 0.866142 0 -0.496063 
vn 0.866142 0 -0.496063 
vn 0.866142 0 -0.496063 
vn 0 -1 0 
vn 0 -1 0 
vn 0 -1 0 
vn 0 -1 0 
vn -0.866142 0 0.496063 
vn -0.866142 0 0.496063 
vn -0.866142 0 0.496063 
vn -0.866142 0 0.496063 
vn -0.496063 0 -0.866142 
vn -0.496063 0 -0.866142 
vn -0.496063 0 -0.866142 
vn -0.496063 0 -0.866142 
vn 0.425197 0.511811 0.740157 
vn 0.425197 0.511811 0.740157 
vn 0.425197 0.511811 0.740157 
vn 0.425197 0.511811 0.740157 

vt 7 -3.75 
vt 7 -3.75 
vt 7.25 -3.9 
vt 7 -3.9 
vt 7.75 -3.75 
vt 7 -3.75 
vt 7.75 -3.9 
vt 7 -3.9 
vt 7.25 -3.75 
vt 7.25 -3.75 
vt 7.25 -3.9 
vt 7 -3.9 
vt 7.75 -3.75 
vt 7 -3.75 
vt 7.75 -4 
vt 7 -4 
vt 7.75 -3.75 
vt 7 -3.75 
vt 7.75 -4.04155 
vt 7 -4.04155 

usemtl Wedge1Mtl

f 3163/3163/3163 3164/3164/3164 3165/3165/3165 
f 3165/3165/3165 3164/3164/3164 3166/3166/3166 
f 3167/3167/3167 3168/3168/3168 3169/3169/3169 
f 3169/3169/3169 3168/3168/3168 3170/3170/3170 
f 3171/3171/3171 3172/3172/3172 3173/3173/3173 
f 3173/3173/3173 3172/3172/3172 3174/3174/3174 
f 3175/3175/3175 3176/3176/3176 3177/3177/3177 
f 3177/3177/3177 3176/3176/3176 3178/3178/3178 
f 3179/3179/3179 3180/3180/3180 3181/3181/3181 
f 3181/3181/3181 3180/3180/3180 3182/3182/3182 

g Part83

v 19.6042 5.46811 36.4984 
v 21.6043 5.46816 33.0343 
v 19.6043 4.26811 36.4985 
v 21.6044 4.26816 33.0344 
v 28.8788 5.46902 37.2344 
v 21.6043 5.46816 33.0343 
v 26.8788 5.46898 40.6985 
v 19.6042 5.46811 36.4984 
v 21.6043 5.46816 33.0343 
v 28.8788 5.46902 37.2344 
v 21.6044 4.26816 33.0344 
v 28.8789 4.26902 37.2345 
v 28.8788 5.46902 37.2344 
v 26.8788 5.46898 40.6985 
v 28.8789 4.26902 37.2345 
v 26.8789 4.26897 40.6985 
v 26.8789 4.26897 40.6985 
v 19.6043 4.26811 36.4985 
v 28.8789 4.26902 37.2345 
v 21.6044 4.26816 33.0344 
v 26.8788 5.46898 40.6985 
v 19.6042 5.46811 36.4984 
v 26.8789 4.26897 40.6985 
v 19.6043 4.26811 36.4985 

vn -0.866142 0 -0.503937 
vn -0.866142 0 -0.503937 
vn -0.866142 0 -0.503937 
vn -0.866142 0 -0.503937 
vn 0 1 0 
vn 0 1 0 
vn 0 1 0 
vn 0 1 0 
vn 0.503937 0 -0.866142 
vn 0.503937 0 -0.866142 
vn 0.503937 0 -0.866142 
vn 0.503937 0 -0.866142 
vn 0.866142 0 0.503937 
vn 0.866142 0 0.503937 
vn 0.866142 0 0.503937 
vn 0.866142 0 0.503937 
vn 0 -1 0 
vn 0 -1 0 
vn 0 -1 0 
vn 0 -1 0 
vn -0.503937 0 0.866142 
vn -0.503937 0 0.866142 
vn -0.503937 0 0.866142 
vn -0.503937 0 0.866142 

vt 6 -0.5 
vt 5.5 -0.5 
vt 6 -0.65 
vt 5.5 -0.65 
vt 6.55 -0.5 
vt 5.5 -0.5 
vt 6.55 -1 
vt 5.5 -1 
vt 6.55 -0.5 
vt 5.5 -0.5 
vt 6.55 -0.65 
vt 5.5 -0.65 
vt 6 -0.5 
vt 5.5 -0.5 
vt 6 -0.65 
vt 5.5 -0.65 
vt 6.55 -0.5 
vt 5.5 -0.5 
vt 6.55 -1 
vt 5.5 -1 
vt 6.55 -0.5 
vt 5.5 -0.5 
vt 6.55 -0.65 
vt 5.5 -0.65 

usemtl Part70Mtl

f 3183/3183/3183 3184/3184/3184 3185/3185/3185 
f 3185/3185/3185 3184/3184/3184 3186/3186/3186 
f 3187/3187/3187 3188/3188/3188 3189/3189/3189 
f 3189/3189/3189 3188/3188/3188 3190/3190/3190 
f 3191/3191/3191 3192/3192/3192 3193/3193/3193 
f 3193/3193/3193 3192/3192/3192 3194/3194/3194 
f 3195/3195/3195 3196/3196/3196 3197/3197/3197 
f 3197/3197/3197 3196/3196/3196 3198/3198/3198 
f 3199/3199/3199 3200/3200/3200 3201/3201/3201 
f 3201/3201/3201 3200/3200/3200 3202/3202/3202 
f 3203/3203/3203 3204/3204/3204 3205/3205/3205 
f 3205/3205/3205 3204/3204/3204 3206/3206/3206 

g Part84

v 19.9237 5.36754 36.0519 
v 21.4237 5.36783 33.4538 
v 19.9241 2.56754 36.0518 
v 21.4241 2.56783 33.4537 
v 29.2179 5.36895 37.9539 
v 21.4237 5.36783 33.4538 
v 27.7178 5.36867 40.5519 
v 19.9237 5.36754 36.0519 
v 21.4237 5.36783 33.4538 
v 29.2179 5.36895 37.9539 
v 21.4241 2.56783 33.4537 
v 29.2183 2.56895 37.9538 
v 29.2179 5.36895 37.9539 
v 27.7178 5.36867 40.5519 
v 29.2183 2.56895 37.9538 
v 27.7183 2.56867 40.5519 
v 27.7183 2.56867 40.5519 
v 19.9241 2.56754 36.0518 
v 29.2183 2.56895 37.9538 
v 21.4241 2.56783 33.4537 
v 27.7178 5.36867 40.5519 
v 19.9237 5.36754 36.0519 
v 27.7183 2.56867 40.5519 
v 19.9241 2.56754 36.0518 

vn -0.866142 0 -0.503937 
vn -0.866142 0 -0.503937 
vn -0.866142 0 -0.503937 
vn -0.866142 0 -0.503937 
vn 0 1 0 
vn 0 1 0 
vn 0 1 0 
vn 0 1 0 
vn 0.503937 0 -0.866142 
vn 0.503937 0 -0.866142 
vn 0.503937 0 -0.866142 
vn 0.503937 0 -0.866142 
vn 0.866142 0 0.503937 
vn 0.866142 0 0.503937 
vn 0.866142 0 0.503937 
vn 0.866142 0 0.503937 
vn 0 -1 0 
vn 0 -1 0 
vn 0 -1 0 
vn 0 -1 0 
vn -0.503937 0 0.866142 
vn -0.503937 0 0.866142 
vn -0.503937 0 0.866142 
vn -0.503937 0 0.866142 

vt 0.625 -6 
vt 0.25 -6 
vt 0.625 -6.35 
vt 0.25 -6.35 
vt 1.375 -6 
vt 0.25 -6 
vt 1.375 -6.375 
vt 0.25 -6.375 
vt 1.375 -6 
vt 0.25 -6 
vt 1.375 -6.35 
vt 0.25 -6.35 
vt 0.625 -6 
vt 0.25 -6 
vt 0.625 -6.35 
vt 0.25 -6.35 
vt 1.375 -6 
vt 0.25 -6 
vt 1.375 -6.375 
vt 0.25 -6.375 
vt 1.375 -6 
vt 0.25 -6 
vt 1.375 -6.35 
vt 0.25 -6.35 

usemtl Part84Mtl

f 3207/3207/3207 3208/3208/3208 3209/3209/3209 
f 3209/3209/3209 3208/3208/3208 3210/3210/3210 
f 3211/3211/3211 3212/3212/3212 3213/3213/3213 
f 3213/3213/3213 3212/3212/3212 3214/3214/3214 
f 3215/3215/3215 3216/3216/3216 3217/3217/3217 
f 3217/3217/3217 3216/3216/3216 3218/3218/3218 
f 3219/3219/3219 3220/3220/3220 3221/3221/3221 
f 3221/3221/3221 3220/3220/3220 3222/3222/3222 
f 3223/3223/3223 3224/3224/3224 3225/3225/3225 
f 3225/3225/3225 3224/3224/3224 3226/3226/3226 
f 3227/3227/3227 3228/3228/3228 3229/3229/3229 
f 3229/3229/3229 3228/3228/3228 3230/3230/3230 

g Part85

v 22.1434 5.36813 34.5001 
v 27.3394 5.36926 37.5004 
v 22.1438 2.96813 34.5004 
v 27.3398 2.96926 37.5007 
v 26.3393 5.36931 39.2324 
v 27.3394 5.36926 37.5004 
v 21.1433 5.36818 36.2321 
v 22.1434 5.36813 34.5001 
v 27.3394 5.36926 37.5004 
v 26.3393 5.36931 39.2324 
v 27.3398 2.96926 37.5007 
v 26.3397 2.96931 39.2327 
v 26.3393 5.36931 39.2324 
v 21.1433 5.36818 36.2321 
v 26.3397 2.96931 39.2327 
v 21.1437 2.96818 36.2324 
v 21.1437 2.96818 36.2324 
v 22.1438 2.96813 34.5004 
v 26.3397 2.96931 39.2327 
v 27.3398 2.96926 37.5007 
v 21.1433 5.36818 36.2321 
v 22.1434 5.36813 34.5001 
v 21.1437 2.96818 36.2324 
v 22.1438 2.96813 34.5004 

vn 0.503937 0 -0.866142 
vn 0.503937 0 -0.866142 
vn 0.503937 0 -0.866142 
vn 0.503937 0 -0.866142 
vn 0 1 0 
vn 0 1 0 
vn 0 1 0 
vn 0 1 0 
vn 0.866142 0 0.503937 
vn 0.866142 0 0.503937 
vn 0.866142 0 0.503937 
vn 0.866142 0 0.503937 
vn -0.503937 0 0.866142 
vn -0.503937 0 0.866142 
vn -0.503937 0 0.866142 
vn -0.503937 0 0.866142 
vn 0 -1 0 
vn 0 -1 0 
vn 0 -1 0 
vn 0 -1 0 
vn -0.866142 0 -0.503937 
vn -0.866142 0 -0.503937 
vn -0.866142 0 -0.503937 
vn -0.866142 0 -0.503937 

vt 0.518005 1.58688 
vt -0.231995 1.58688 
vt 0.518005 1.28689 
vt -0.231995 1.28689 
vt 0.0180046 1.58688 
vt -0.231995 1.58688 
vt 0.0180046 0.836885 
vt -0.231995 0.836885 
vt 0.0180046 1.58688 
vt -0.231995 1.58688 
vt 0.0180046 1.28689 
vt -0.231995 1.28689 
vt 0.518005 1.58688 
vt -0.231995 1.58688 
vt 0.518005 1.28689 
vt -0.231995 1.28689 
vt 0.0180046 1.58688 
vt -0.231995 1.58688 
vt 0.0180046 0.836885 
vt -0.231995 0.836885 
vt 0.0180046 1.58688 
vt -0.231995 1.58688 
vt 0.0180046 1.28689 
vt -0.231995 1.28689 

usemtl Part85Mtl

f 3231/3231/3231 3232/3232/3232 3233/3233/3233 
f 3233/3233/3233 3232/3232/3232 3234/3234/3234 
f 3235/3235/3235 3236/3236/3236 3237/3237/3237 
f 3237/3237/3237 3236/3236/3236 3238/3238/3238 
f 3239/3239/3239 3240/3240/3240 3241/3241/3241 
f 3241/3241/3241 3240/3240/3240 3242/3242/3242 
f 3243/3243/3243 3244/3244/3244 3245/3245/3245 
f 3245/3245/3245 3244/3244/3244 3246/3246/3246 
f 3247/3247/3247 3248/3248/3248 3249/3249/3249 
f 3249/3249/3249 3248/3248/3248 3250/3250/3250 
f 3251/3251/3251 3252/3252/3252 3253/3253/3253 
f 3253/3253/3253 3252/3252/3252 3254/3254/3254 

g Part86

v 19.6044 3.06811 36.4986 
v 21.6044 3.06816 33.0345 
v 19.6045 1.86811 36.4986 
v 21.6045 1.86816 33.0345 
v 28.879 3.06902 37.2346 
v 21.6044 3.06816 33.0345 
v 26.879 3.06897 40.6987 
v 19.6044 3.06811 36.4986 
v 21.6044 3.06816 33.0345 
v 28.879 3.06902 37.2346 
v 21.6045 1.86816 33.0345 
v 28.8791 1.86902 37.2346 
v 28.879 3.06902 37.2346 
v 26.879 3.06897 40.6987 
v 28.8791 1.86902 37.2346 
v 26.8791 1.86897 40.6987 
v 26.8791 1.86897 40.6987 
v 19.6045 1.86811 36.4986 
v 28.8791 1.86902 37.2346 
v 21.6045 1.86816 33.0345 
v 26.879 3.06897 40.6987 
v 19.6044 3.06811 36.4986 
v 26.8791 1.86897 40.6987 
v 19.6045 1.86811 36.4986 

vn -0.866142 0 -0.503937 
vn -0.866142 0 -0.503937 
vn -0.866142 0 -0.503937 
vn -0.866142 0 -0.503937 
vn 0 1 0 
vn 0 1 0 
vn 0 1 0 
vn 0 1 0 
vn 0.503937 0 -0.866142 
vn 0.503937 0 -0.866142 
vn 0.503937 0 -0.866142 
vn 0.503937 0 -0.866142 
vn 0.866142 0 0.503937 
vn 0.866142 0 0.503937 
vn 0.866142 0 0.503937 
vn 0.866142 0 0.503937 
vn 0 -1 0 
vn 0 -1 0 
vn 0 -1 0 
vn 0 -1 0 
vn -0.503937 0 0.866142 
vn -0.503937 0 0.866142 
vn -0.503937 0 0.866142 
vn -0.503937 0 0.866142 

vt 5 -2.5 
vt 4.5 -2.5 
vt 5 -2.65 
vt 4.5 -2.65 
vt 5.55 -2.5 
vt 4.5 -2.5 
vt 5.55 -3 
vt 4.5 -3 
vt 5.55 -2.5 
vt 4.5 -2.5 
vt 5.55 -2.65 
vt 4.5 -2.65 
vt 5 -2.5 
vt 4.5 -2.5 
vt 5 -2.65 
vt 4.5 -2.65 
vt 5.55 -2.5 
vt 4.5 -2.5 
vt 5.55 -3 
vt 4.5 -3 
vt 5.55 -2.5 
vt 4.5 -2.5 
vt 5.55 -2.65 
vt 4.5 -2.65 

usemtl Part70Mtl

f 3255/3255/3255 3256/3256/3256 3257/3257/3257 
f 3257/3257/3257 3256/3256/3256 3258/3258/3258 
f 3259/3259/3259 3260/3260/3260 3261/3261/3261 
f 3261/3261/3261 3260/3260/3260 3262/3262/3262 
f 3263/3263/3263 3264/3264/3264 3265/3265/3265 
f 3265/3265/3265 3264/3264/3264 3266/3266/3266 
f 3267/3267/3267 3268/3268/3268 3269/3269/3269 
f 3269/3269/3269 3268/3268/3268 3270/3270/3270 
f 3271/3271/3271 3272/3272/3272 3273/3273/3273 
f 3273/3273/3273 3272/3272/3272 3274/3274/3274 
f 3275/3275/3275 3276/3276/3276 3277/3277/3277 
f 3277/3277/3277 3276/3276/3276 3278/3278/3278 

g Part87

v 6.71931 5.06823 44.5521 
v 5.2193 5.06804 41.954 
v 6.71949 2.66823 44.5521 
v 5.21948 2.66804 41.9541 
v 19.0757 5.06884 33.9539 
v 5.2193 5.06804 41.954 
v 20.5757 5.06903 36.552 
v 6.71931 5.06823 44.5521 
v 5.2193 5.06804 41.954 
v 19.0757 5.06884 33.9539 
v 5.21948 2.66804 41.9541 
v 19.0759 2.66884 33.954 
v 19.0757 5.06884 33.9539 
v 20.5757 5.06903 36.552 
v 19.0759 2.66884 33.954 
v 20.5759 2.66903 36.5521 
v 20.5759 2.66903 36.5521 
v 6.71949 2.66823 44.5521 
v 19.0759 2.66884 33.954 
v 5.21948 2.66804 41.9541 
v 20.5757 5.06903 36.552 
v 6.71931 5.06823 44.5521 
v 20.5759 2.66903 36.5521 
v 6.71949 2.66823 44.5521 

vn -0.866142 0 0.503937 
vn -0.866142 0 0.503937 
vn -0.866142 0 0.503937 
vn -0.866142 0 0.503937 
vn 0 1 0 
vn 0 1 0 
vn 0 1 0 
vn 0 1 0 
vn -0.503937 0 -0.866142 
vn -0.503937 0 -0.866142 
vn -0.503937 0 -0.866142 
vn -0.503937 0 -0.866142 
vn 0.866142 0 -0.503937 
vn 0.866142 0 -0.503937 
vn 0.866142 0 -0.503937 
vn 0.866142 0 -0.503937 
vn 0 -1 0 
vn 0 -1 0 
vn 0 -1 0 
vn 0 -1 0 
vn 0.503937 0 0.866142 
vn 0.503937 0 0.866142 
vn 0.503937 0 0.866142 
vn 0.503937 0 0.866142 

vt 7.875 -1.75 
vt 7.5 -1.75 
vt 7.875 -2.05 
vt 7.5 -2.05 
vt 9.5 -1.75 
vt 7.5 -1.75 
vt 9.5 -2.125 
vt 7.5 -2.125 
vt 9.5 -1.75 
vt 7.5 -1.75 
vt 9.5 -2.05 
vt 7.5 -2.05 
vt 7.875 -1.75 
vt 7.5 -1.75 
vt 7.875 -2.05 
vt 7.5 -2.05 
vt 9.5 -1.75 
vt 7.5 -1.75 
vt 9.5 -2.125 
vt 7.5 -2.125 
vt 9.5 -1.75 
vt 7.5 -1.75 
vt 9.5 -2.05 
vt 7.5 -2.05 

usemtl Part84Mtl

f 3279/3279/3279 3280/3280/3280 3281/3281/3281 
f 3281/3281/3281 3280/3280/3280 3282/3282/3282 
f 3283/3283/3283 3284/3284/3284 3285/3285/3285 
f 3285/3285/3285 3284/3284/3284 3286/3286/3286 
f 3287/3287/3287 3288/3288/3288 3289/3289/3289 
f 3289/3289/3289 3288/3288/3288 3290/3290/3290 
f 3291/3291/3291 3292/3292/3292 3293/3293/3293 
f 3293/3293/3293 3292/3292/3292 3294/3294/3294 
f 3295/3295/3295 3296/3296/3296 3297/3297/3297 
f 3297/3297/3297 3296/3296/3296 3298/3298/3298 
f 3299/3299/3299 3300/3300/3300 3301/3301/3301 
f 3301/3301/3301 3300/3300/3300 3302/3302/3302 

g Part88

v 19.3271 5.06807 34.3899 
v 20.3267 5.06832 36.1222 
v 19.3272 3.06807 34.3901 
v 20.3268 3.06832 36.1224 
v 5.60224 5.06851 44.6187 
v 20.3267 5.06832 36.1222 
v 4.60266 5.06826 42.8864 
v 19.3271 5.06807 34.3899 
v 20.3267 5.06832 36.1222 
v 5.60224 5.06851 44.6187 
v 20.3268 3.06832 36.1224 
v 5.60235 3.06851 44.6189 
v 5.60224 5.06851 44.6187 
v 4.60266 5.06826 42.8864 
v 5.60235 3.06851 44.6189 
v 4.60276 3.06826 42.8866 
v 4.60276 3.06826 42.8866 
v 19.3272 3.06807 34.3901 
v 5.60235 3.06851 44.6189 
v 20.3268 3.06832 36.1224 
v 4.60266 5.06826 42.8864 
v 19.3271 5.06807 34.3899 
v 4.60276 3.06826 42.8866 
v 19.3272 3.06807 34.3901 

vn 0.866142 0 -0.496063 
vn 0.866142 0 -0.496063 
vn 0.866142 0 -0.496063 
vn 0.866142 0 -0.496063 
vn 0 1 0 
vn 0 1 0 
vn 0 1 0 
vn 0 1 0 
vn 0.496063 0 0.866142 
vn 0.496063 0 0.866142 
vn 0.496063 0 0.866142 
vn 0.496063 0 0.866142 
vn -0.866142 0 0.496063 
vn -0.866142 0 0.496063 
vn -0.866142 0 0.496063 
vn -0.866142 0 0.496063 
vn 0 -1 0 
vn 0 -1 0 
vn 0 -1 0 
vn 0 -1 0 
vn -0.496063 0 -0.866142 
vn -0.496063 0 -0.866142 
vn -0.496063 0 -0.866142 
vn -0.496063 0 -0.866142 

vt 1.03112 0.218876 
vt 0.781124 0.218876 
vt 1.03112 -0.0311239 
vt 0.781124 -0.0311239 
vt 2.90612 0.218876 
vt 0.781124 0.218876 
vt 2.90612 -0.0311239 
vt 0.781124 -0.0311239 
vt 2.90612 0.218876 
vt 0.781124 0.218876 
vt 2.90612 -0.0311239 
vt 0.781124 -0.0311239 
vt 1.03112 0.218876 
vt 0.781124 0.218876 
vt 1.03112 -0.0311239 
vt 0.781124 -0.0311239 
vt 2.90612 0.218876 
vt 0.781124 0.218876 
vt 2.90612 -0.0311239 
vt 0.781124 -0.0311239 
vt 2.90612 0.218876 
vt 0.781124 0.218876 
vt 2.90612 -0.0311239 
vt 0.781124 -0.0311239 

usemtl Part85Mtl

f 3303/3303/3303 3304/3304/3304 3305/3305/3305 
f 3305/3305/3305 3304/3304/3304 3306/3306/3306 
f 3307/3307/3307 3308/3308/3308 3309/3309/3309 
f 3309/3309/3309 3308/3308/3308 3310/3310/3310 
f 3311/3311/3311 3312/3312/3312 3313/3313/3313 
f 3313/3313/3313 3312/3312/3312 3314/3314/3314 
f 3315/3315/3315 3316/3316/3316 3317/3317/3317 
f 3317/3317/3317 3316/3316/3316 3318/3318/3318 
f 3319/3319/3319 3320/3320/3320 3321/3321/3321 
f 3321/3321/3321 3320/3320/3320 3322/3322/3322 
f 3323/3323/3323 3324/3324/3324 3325/3325/3325 
f 3325/3325/3325 3324/3324/3324 3326/3326/3326 

g Part89

v 19.1729 3.06799 33.3235 
v 21.173 3.06837 36.7875 
v 19.173 1.86799 33.3236 
v 21.1731 1.86837 36.7876 
v 6.62411 3.06804 45.188 
v 21.173 3.06837 36.7875 
v 4.62399 3.06767 41.724 
v 19.1729 3.06799 33.3235 
v 21.173 3.06837 36.7875 
v 6.62411 3.06804 45.188 
v 21.1731 1.86837 36.7876 
v 6.62418 1.86804 45.1881 
v 6.62411 3.06804 45.188 
v 4.62399 3.06767 41.724 
v 6.62418 1.86804 45.1881 
v 4.62406 1.86767 41.7241 
v 4.62406 1.86767 41.7241 
v 19.173 1.86799 33.3236 
v 6.62418 1.86804 45.1881 
v 21.1731 1.86837 36.7876 
v 4.62399 3.06767 41.724 
v 19.1729 3.06799 33.3235 
v 4.62406 1.86767 41.7241 
v 19.173 1.86799 33.3236 

vn 0.866142 0 -0.503937 
vn 0.866142 0 -0.503937 
vn 0.866142 0 -0.503937 
vn 0.866142 0 -0.503937 
vn 0 1 0 
vn 0 1 0 
vn 0 1 0 
vn 0 1 0 
vn 0.503937 0 0.866142 
vn 0.503937 0 0.866142 
vn 0.503937 0 0.866142 
vn 0.503937 0 0.866142 
vn -0.866142 0 0.503937 
vn -0.866142 0 0.503937 
vn -0.866142 0 0.503937 
vn -0.866142 0 0.503937 
vn 0 -1 0 
vn 0 -1 0 
vn 0 -1 0 
vn 0 -1 0 
vn -0.503937 0 -0.866142 
vn -0.503937 0 -0.866142 
vn -0.503937 0 -0.866142 
vn -0.503937 0 -0.866142 

vt 8 -5.5 
vt 7.5 -5.5 
vt 8 -5.65 
vt 7.5 -5.65 
vt 9.6 -5.5 
vt 7.5 -5.5 
vt 9.6 -6 
vt 7.5 -6 
vt 9.6 -5.5 
vt 7.5 -5.5 
vt 9.6 -5.65 
vt 7.5 -5.65 
vt 8 -5.5 
vt 7.5 -5.5 
vt 8 -5.65 
vt 7.5 -5.65 
vt 9.6 -5.5 
vt 7.5 -5.5 
vt 9.6 -6 
vt 7.5 -6 
vt 9.6 -5.5 
vt 7.5 -5.5 
vt 9.6 -5.65 
vt 7.5 -5.65 

usemtl Part70Mtl

f 3327/3327/3327 3328/3328/3328 3329/3329/3329 
f 3329/3329/3329 3328/3328/3328 3330/3330/3330 
f 3331/3331/3331 3332/3332/3332 3333/3333/3333 
f 3333/3333/3333 3332/3332/3332 3334/3334/3334 
f 3335/3335/3335 3336/3336/3336 3337/3337/3337 
f 3337/3337/3337 3336/3336/3336 3338/3338/3338 
f 3339/3339/3339 3340/3340/3340 3341/3341/3341 
f 3341/3341/3341 3340/3340/3340 3342/3342/3342 
f 3343/3343/3343 3344/3344/3344 3345/3345/3345 
f 3345/3345/3345 3344/3344/3344 3346/3346/3346 
f 3347/3347/3347 3348/3348/3348 3349/3349/3349 
f 3349/3349/3349 3348/3348/3348 3350/3350/3350 

g Part90

v 16.565 5.48801 35.4064 
v 18.065 5.48838 38.0045 
v 16.5651 4.28801 35.4065 
v 18.0651 4.28838 38.0046 
v 13.7349 5.48813 40.5045 
v 18.065 5.48838 38.0045 
v 12.2349 5.48776 37.9065 
v 16.565 5.48801 35.4064 
v 18.065 5.48838 38.0045 
v 13.7349 5.48813 40.5045 
v 18.0651 4.28838 38.0046 
v 13.735 4.28813 40.5046 
v 13.7349 5.48813 40.5045 
v 12.2349 5.48776 37.9065 
v 13.735 4.28813 40.5046 
v 12.235 4.28776 37.9066 
v 12.235 4.28776 37.9066 
v 16.5651 4.28801 35.4065 
v 13.735 4.28813 40.5046 
v 18.0651 4.28838 38.0046 
v 12.2349 5.48776 37.9065 
v 16.565 5.48801 35.4064 
v 12.235 4.28776 37.9066 
v 16.5651 4.28801 35.4065 

vn 0.866142 0 -0.503937 
vn 0.866142 0 -0.503937 
vn 0.866142 0 -0.503937 
vn 0.866142 0 -0.503937 
vn 0 1 0 
vn 0 1 0 
vn 0 1 0 
vn 0 1 0 
vn 0.503937 0 0.866142 
vn 0.503937 0 0.866142 
vn 0.503937 0 0.866142 
vn 0.503937 0 0.866142 
vn -0.866142 0 0.503937 
vn -0.866142 0 0.503937 
vn -0.866142 0 0.503937 
vn -0.866142 0 0.503937 
vn 0 -1 0 
vn 0 -1 0 
vn 0 -1 0 
vn 0 -1 0 
vn -0.503937 0 -0.866142 
vn -0.503937 0 -0.866142 
vn -0.503937 0 -0.866142 
vn -0.503937 0 -0.866142 

vt 3.625 -4.25 
vt 3.25 -4.25 
vt 3.625 -4.4 
vt 3.25 -4.4 
vt 3.875 -4.25 
vt 3.25 -4.25 
vt 3.875 -4.625 
vt 3.25 -4.625 
vt 3.875 -4.25 
vt 3.25 -4.25 
vt 3.875 -4.4 
vt 3.25 -4.4 
vt 3.625 -4.25 
vt 3.25 -4.25 
vt 3.625 -4.4 
vt 3.25 -4.4 
vt 3.875 -4.25 
vt 3.25 -4.25 
vt 3.875 -4.625 
vt 3.25 -4.625 
vt 3.875 -4.25 
vt 3.25 -4.25 
vt 3.875 -4.4 
vt 3.25 -4.4 

usemtl Part68Mtl

f 3351/3351/3351 3352/3352/3352 3353/3353/3353 
f 3353/3353/3353 3352/3352/3352 3354/3354/3354 
f 3355/3355/3355 3356/3356/3356 3357/3357/3357 
f 3357/3357/3357 3356/3356/3356 3358/3358/3358 
f 3359/3359/3359 3360/3360/3360 3361/3361/3361 
f 3361/3361/3361 3360/3360/3360 3362/3362/3362 
f 3363/3363/3363 3364/3364/3364 3365/3365/3365 
f 3365/3365/3365 3364/3364/3364 3366/3366/3366 
f 3367/3367/3367 3368/3368/3368 3369/3369/3369 
f 3369/3369/3369 3368/3368/3368 3370/3370/3370 
f 3371/3371/3371 3372/3372/3372 3373/3373/3373 
f 3373/3373/3373 3372/3372/3372 3374/3374/3374 

g Part91

v 19.1729 5.46819 33.3235 
v 21.1729 5.46869 36.7876 
v 19.173 4.26819 33.3236 
v 21.1731 4.26869 36.7877 
v 6.62374 5.46785 45.1877 
v 21.1729 5.46869 36.7876 
v 4.62373 5.46735 41.7236 
v 19.1729 5.46819 33.3235 
v 21.1729 5.46869 36.7876 
v 6.62374 5.46785 45.1877 
v 21.1731 4.26869 36.7877 
v 6.62387 4.26785 45.1878 
v 6.62374 5.46785 45.1877 
v 4.62373 5.46735 41.7236 
v 6.62387 4.26785 45.1878 
v 4.62385 4.26735 41.7237 
v 4.62385 4.26735 41.7237 
v 19.173 4.26819 33.3236 
v 6.62387 4.26785 45.1878 
v 21.1731 4.26869 36.7877 
v 4.62373 5.46735 41.7236 
v 19.1729 5.46819 33.3235 
v 4.62385 4.26735 41.7237 
v 19.173 4.26819 33.3236 

vn 0.866142 0 -0.503937 
vn 0.866142 0 -0.503937 
vn 0.866142 0 -0.503937 
vn 0.866142 0 -0.503937 
vn 0 1 0 
vn 0 1 0 
vn 0 1 0 
vn 0 1 0 
vn 0.503937 0 0.866142 
vn 0.503937 0 0.866142 
vn 0.503937 0 0.866142 
vn 0.503937 0 0.866142 
vn -0.866142 0 0.503937 
vn -0.866142 0 0.503937 
vn -0.866142 0 0.503937 
vn -0.866142 0 0.503937 
vn 0 -1 0 
vn 0 -1 0 
vn 0 -1 0 
vn 0 -1 0 
vn -0.503937 0 -0.866142 
vn -0.503937 0 -0.866142 
vn -0.503937 0 -0.866142 
vn -0.503937 0 -0.866142 

vt 5.75 -3 
vt 5.25 -3 
vt 5.75 -3.15 
vt 5.25 -3.15 
vt 7.35 -3 
vt 5.25 -3 
vt 7.35 -3.5 
vt 5.25 -3.5 
vt 7.35 -3 
vt 5.25 -3 
vt 7.35 -3.15 
vt 5.25 -3.15 
vt 5.75 -3 
vt 5.25 -3 
vt 5.75 -3.15 
vt 5.25 -3.15 
vt 7.35 -3 
vt 5.25 -3 
vt 7.35 -3.5 
vt 5.25 -3.5 
vt 7.35 -3 
vt 5.25 -3 
vt 7.35 -3.15 
vt 5.25 -3.15 

usemtl Part70Mtl

f 3375/3375/3375 3376/3376/3376 3377/3377/3377 
f 3377/3377/3377 3376/3376/3376 3378/3378/3378 
f 3379/3379/3379 3380/3380/3380 3381/3381/3381 
f 3381/3381/3381 3380/3380/3380 3382/3382/3382 
f 3383/3383/3383 3384/3384/3384 3385/3385/3385 
f 3385/3385/3385 3384/3384/3384 3386/3386/3386 
f 3387/3387/3387 3388/3388/3388 3389/3389/3389 
f 3389/3389/3389 3388/3388/3388 3390/3390/3390 
f 3391/3391/3391 3392/3392/3392 3393/3393/3393 
f 3393/3393/3393 3392/3392/3392 3394/3394/3394 
f 3395/3395/3395 3396/3396/3396 3397/3397/3397 
f 3397/3397/3397 3396/3396/3396 3398/3398/3398 

g Part92

v 19.5707 5.60852 34.8524 
v 19.7153 5.59755 34.8907 
v 19.7202 5.5999 34.8616 
v 19.7176 5.60357 34.8221 
v 19.7006 5.60844 34.7774 
v 19.6704 5.61333 34.7404 
v 19.6374 5.61702 34.7183 
v 19.6098 5.61938 34.708 
v 19.6098 5.61938 34.708 
v 19.5807 5.62132 34.7033 
v 19.541 5.62313 34.7061 
v 19.4961 5.62395 34.7232 
v 19.4589 5.62318 34.7535 
v 19.4366 5.6214 34.7865 
v 19.4261 5.61948 34.8141 
v 19.4261 5.61948 34.8141 
v 19.4213 5.61714 34.8431 
v 19.4239 5.61347 34.8827 
v 19.4408 5.60859 34.9274 
v 19.4711 5.60371 34.9644 
v 19.504 5.60002 34.9865 
v 19.5316 5.59766 34.9968 
v 19.5316 5.59766 34.9968 
v 19.5608 5.59572 35.0015 
v 19.6004 5.5939 34.9987 
v 19.6453 5.59309 34.9816 
v 19.6826 5.59386 34.9512 
v 19.7049 5.59564 34.9183 
v 19.7153 5.59755 34.8907 
v 19.6561 7.98493 35.21 
v 19.5316 5.59766 34.9968 
v 19.6853 7.98299 35.2147 
v 19.5608 5.59572 35.0015 
v 19.7249 7.98117 35.2119 
v 19.6004 5.5939 34.9987 
v 19.7698 7.98035 35.1948 
v 19.6453 5.59309 34.9816 
v 19.8071 7.98112 35.1645 
v 19.6826 5.59386 34.9512 
v 19.8294 7.9829 35.1315 
v 19.7049 5.59564 34.9183 
v 19.8398 7.98482 35.1039 
v 19.7153 5.59755 34.8907 
v 19.5316 5.59766 34.9968 
v 19.6561 7.98493 35.21 
v 19.504 5.60002 34.9865 
v 19.6285 7.98729 35.1997 
v 19.4711 5.60371 34.9644 
v 19.5956 7.99098 35.1776 
v 19.4408 5.60859 34.9274 
v 19.5653 7.99586 35.1406 
v 19.4239 5.61347 34.8827 
v 19.5484 8.00074 35.0959 
v 19.4213 5.61714 34.8431 
v 19.5458 8.00441 35.0563 
v 19.4261 5.61948 34.8141 
v 19.5506 8.00675 35.0273 
v 19.6952 7.99578 35.0656 
v 19.6561 7.98493 35.21 
v 19.6285 7.98729 35.1997 
v 19.5956 7.99098 35.1776 
v 19.5653 7.99586 35.1406 
v 19.5484 8.00074 35.0959 
v 19.5458 8.00441 35.0563 
v 19.5506 8.00675 35.0273 
v 19.5506 8.00675 35.0273 
v 19.5611 8.00867 34.9997 
v 19.5834 8.01045 34.9667 
v 19.6206 8.01122 34.9364 
v 19.6655 8.0104 34.9193 
v 19.7052 8.00858 34.9165 
v 19.7343 8.00664 34.9212 
v 19.7343 8.00664 34.9212 
v 19.7619 8.00428 34.9315 
v 19.7949 8.00059 34.9536 
v 19.8251 7.99571 34.9906 
v 19.8421 7.99083 35.0353 
v 19.8447 7.98716 35.0749 
v 19.8398 7.98482 35.1039 
v 19.8398 7.98482 35.1039 
v 19.8294 7.9829 35.1315 
v 19.8071 7.98112 35.1645 
v 19.7698 7.98035 35.1948 
v 19.7249 7.98117 35.2119 
v 19.6853 7.98299 35.2147 
v 19.6561 7.98493 35.21 
v 19.7343 8.00664 34.9212 
v 19.6098 5.61938 34.708 
v 19.7052 8.00858 34.9165 
v 19.5807 5.62132 34.7033 
v 19.6655 8.0104 34.9193 
v 19.541 5.62313 34.7061 
v 19.6206 8.01122 34.9364 
v 19.4961 5.62395 34.7232 
v 19.5834 8.01045 34.9667 
v 19.4589 5.62318 34.7535 
v 19.5611 8.00867 34.9997 
v 19.4366 5.6214 34.7865 
v 19.5506 8.00675 35.0273 
v 19.4261 5.61948 34.8141 
v 19.8398 7.98482 35.1039 
v 19.7153 5.59755 34.8907 
v 19.8447 7.98716 35.0749 
v 19.7202 5.5999 34.8616 
v 19.8421 7.99083 35.0353 
v 19.7176 5.60357 34.8221 
v 19.8251 7.99571 34.9906 
v 19.7006 5.60844 34.7774 
v 19.7949 8.00059 34.9536 
v 19.6704 5.61333 34.7404 
v 19.7619 8.00428 34.9315 
v 19.6374 5.61702 34.7183 
v 19.7343 8.00664 34.9212 
v 19.6098 5.61938 34.708 

vn -0.0551181 -0.992126 -0.0866142 
vn -0.0551181 -0.992126 -0.0866142 
vn -0.0551181 -0.992126 -0.0866142 
vn -0.0551181 -0.992126 -0.0866142 
vn -0.0551181 -0.992126 -0.0866142 
vn -0.0551181 -0.992126 -0.0866142 
vn -0.0551181 -0.992126 -0.0866142 
vn -0.0551181 -0.992126 -0.0866142 
vn -0.0551181 -0.992126 -0.0866142 
vn -0.0551181 -0.992126 -0.0866142 
vn -0.0551181 -0.992126 -0.0866142 
vn -0.0551181 -0.992126 -0.0866142 
vn -0.0551181 -0.992126 -0.0866142 
vn -0.0551181 -0.992126 -0.0866142 
vn -0.0551181 -0.992126 -0.0866142 
vn -0.0551181 -0.992126 -0.0866142 
vn -0.0551181 -0.992126 -0.0866142 
vn -0.0551181 -0.992126 -0.0866142 
vn -0.0551181 -0.992126 -0.0866142 
vn -0.0551181 -0.992126 -0.0866142 
vn -0.0551181 -0.992126 -0.0866142 
vn -0.0551181 -0.992126 -0.0866142 
vn -0.0551181 -0.992126 -0.0866142 
vn -0.0551181 -0.992126 -0.0866142 
vn -0.0551181 -0.992126 -0.0866142 
vn -0.0551181 -0.992126 -0.0866142 
vn -0.0551181 -0.992126 -0.0866142 
vn -0.0551181 -0.992126 -0.0866142 
vn -0.0551181 -0.992126 -0.0866142 
vn -0.259843 -0.0708661 0.96063 
vn -0.259843 -0.0708661 0.96063 
vn -0.0629921 -0.0866142 0.992126 
vn -0.0629921 -0.0866142 0.992126 
vn 0.19685 -0.0944882 0.976378 
vn 0.19685 -0.0944882 0.976378 
vn 0.496063 -0.102362 0.858268 
vn 0.496063 -0.102362 0.858268 
vn 0.748031 -0.0944882 0.661417 
vn 0.748031 -0.0944882 0.661417 
vn 0.897638 -0.0866142 0.440945 
vn 0.897638 -0.0866142 0.440945 
vn 0.96063 -0.0708661 0.251969 
vn 0.96063 -0.0708661 0.251969 
vn -0.259843 -0.0708661 0.96063 
vn -0.259843 -0.0708661 0.96063 
vn -0.440945 -0.0551181 0.897638 
vn -0.440945 -0.0551181 0.897638 
vn -0.661417 -0.0314961 0.748031 
vn -0.661417 -0.0314961 0.748031 
vn -0.866142 0 0.503937 
vn -0.866142 0 0.503937 
vn -0.976378 0.0314961 0.204724 
vn -0.976378 0.0314961 0.204724 
vn -1 0.0551181 -0.0629921 
vn -1 0.0551181 -0.0629921 
vn -0.96063 0.0708661 -0.251969 
vn -0.96063 0.0708661 -0.251969 
vn 0.0551181 0.992126 0.0866142 
vn 0.0551181 0.992126 0.0866142 
vn 0.0551181 0.992126 0.0866142 
vn 0.0551181 0.992126 0.0866142 
vn 0.0551181 0.992126 0.0866142 
vn 0.0551181 0.992126 0.0866142 
vn 0.0551181 0.992126 0.0866142 
vn 0.0551181 0.992126 0.0866142 
vn 0.0551181 0.992126 0.0866142 
vn 0.0551181 0.992126 0.0866142 
vn 0.0551181 0.992126 0.0866142 
vn 0.0551181 0.992126 0.0866142 
vn 0.0551181 0.992126 0.0866142 
vn 0.0551181 0.992126 0.0866142 
vn 0.0551181 0.992126 0.0866142 
vn 0.0551181 0.992126 0.0866142 
vn 0.0551181 0.992126 0.0866142 
vn 0.0551181 0.992126 0.0866142 
vn 0.0551181 0.992126 0.0866142 
vn 0.0551181 0.992126 0.0866142 
vn 0.0551181 0.992126 0.0866142 
vn 0.0551181 0.992126 0.0866142 
vn 0.0551181 0.992126 0.0866142 
vn 0.0551181 0.992126 0.0866142 
vn 0.0551181 0.992126 0.0866142 
vn 0.0551181 0.992126 0.0866142 
vn 0.0551181 0.992126 0.0866142 
vn 0.0551181 0.992126 0.0866142 
vn 0.0551181 0.992126 0.0866142 
vn 0.259843 0.0708661 -0.96063 
vn 0.259843 0.0708661 -0.96063 
vn 0.0629921 0.0866142 -0.992126 
vn 0.0629921 0.0866142 -0.992126 
vn -0.19685 0.0944882 -0.976378 
vn -0.19685 0.0944882 -0.976378 
vn -0.496063 0.102362 -0.858268 
vn -0.496063 0.102362 -0.858268 
vn -0.748031 0.0944882 -0.661417 
vn -0.748031 0.0944882 -0.661417 
vn -0.897638 0.0866142 -0.440945 
vn -0.897638 0.0866142 -0.440945 
vn -0.96063 0.0708661 -0.251969 
vn -0.96063 0.0708661 -0.251969 
vn 0.96063 -0.0708661 0.251969 
vn 0.96063 -0.0708661 0.251969 
vn 1 -0.0551181 0.0629921 
vn 1 -0.0551181 0.0629921 
vn 0.976378 -0.0314961 -0.204724 
vn 0.976378 -0.0314961 -0.204724 
vn 0.866142 0 -0.503937 
vn 0.866142 0 -0.503937 
vn 0.661417 0.0314961 -0.748031 
vn 0.661417 0.0314961 -0.748031 
vn 0.440945 0.0551181 -0.897638 
vn 0.440945 0.0551181 -0.897638 
vn 0.259843 0.0708661 -0.96063 
vn 0.259843 0.0708661 -0.96063 

vt 5.76875 -1.51875 
vt 5.78201 -1.53201 
vt 5.77915 -1.53435 
vt 5.77468 -1.53654 
vt 5.76875 -1.5375 
vt 5.76282 -1.53654 
vt 5.75835 -1.53435 
vt 5.75549 -1.53201 
vt 5.75549 -1.53201 
vt 5.75315 -1.52915 
vt 5.75096 -1.52468 
vt 5.75 -1.51875 
vt 5.75096 -1.51282 
vt 5.75315 -1.50835 
vt 5.75549 -1.50549 
vt 5.75549 -1.50549 
vt 5.75835 -1.50315 
vt 5.76282 -1.50096 
vt 5.76875 -1.5 
vt 5.77468 -1.50096 
vt 5.77915 -1.50315 
vt 5.78201 -1.50549 
vt 5.78201 -1.50549 
vt 5.78435 -1.50835 
vt 5.78654 -1.51282 
vt 5.7875 -1.51875 
vt 5.78654 -1.52468 
vt 5.78435 -1.52915 
vt 5.78201 -1.53201 
vt 11.8 -4 
vt 11.5 -4 
vt 11.8 -4.00625 
vt 11.5 -4.00625 
vt 11.8 -4.0125 
vt 11.5 -4.0125 
vt 11.8 -4.01875 
vt 11.5 -4.01875 
vt 11.8 -4.025 
vt 11.5 -4.025 
vt 11.8 -4.03125 
vt 11.5 -4.03125 
vt 11.8 -4.0375 
vt 11.5 -4.0375 
vt 11.8 -4 
vt 11.5 -4 
vt 11.8 -4.00625 
vt 11.5 -4.00625 
vt 11.8 -4.0125 
vt 11.5 -4.0125 
vt 11.8 -4.01875 
vt 11.5 -4.01875 
vt 11.8 -4.025 
vt 11.5 -4.025 
vt 11.8 -4.03125 
vt 11.5 -4.03125 
vt 11.8 -4.0375 
vt 11.5 -4.0375 
vt 5.76875 -1.51875 
vt 5.75549 -1.50549 
vt 5.75835 -1.50315 
vt 5.76282 -1.50096 
vt 5.76875 -1.5 
vt 5.77468 -1.50096 
vt 5.77915 -1.50315 
vt 5.78201 -1.50549 
vt 5.78201 -1.50549 
vt 5.78435 -1.50835 
vt 5.78654 -1.51282 
vt 5.7875 -1.51875 
vt 5.78654 -1.52468 
vt 5.78435 -1.52915 
vt 5.78201 -1.53201 
vt 5.78201 -1.53201 
vt 5.77915 -1.53435 
vt 5.77468 -1.53654 
vt 5.76875 -1.5375 
vt 5.76282 -1.53654 
vt 5.75835 -1.53435 
vt 5.75549 -1.53201 
vt 5.75549 -1.53201 
vt 5.75315 -1.52915 
vt 5.75096 -1.52468 
vt 5.75 -1.51875 
vt 5.75096 -1.51282 
vt 5.75315 -1.50835 
vt 5.75549 -1.50549 
vt 11.8 -4 
vt 11.5 -4 
vt 11.8 -4.00625 
vt 11.5 -4.00625 
vt 11.8 -4.0125 
vt 11.5 -4.0125 
vt 11.8 -4.01875 
vt 11.5 -4.01875 
vt 11.8 -4.025 
vt 11.5 -4.025 
vt 11.8 -4.03125 
vt 11.5 -4.03125 
vt 11.8 -4.0375 
vt 11.5 -4.0375 
vt 11.8 -4 
vt 11.5 -4 
vt 11.8 -4.00625 
vt 11.5 -4.00625 
vt 11.8 -4.0125 
vt 11.5 -4.0125 
vt 11.8 -4.01875 
vt 11.5 -4.01875 
vt 11.8 -4.025 
vt 11.5 -4.025 
vt 11.8 -4.03125 
vt 11.5 -4.03125 
vt 11.8 -4.0375 
vt 11.5 -4.0375 

usemtl Part72Mtl

f 3399/3399/3399 3401/3401/3401 3400/3400/3400 
f 3399/3399/3399 3402/3402/3402 3401/3401/3401 
f 3399/3399/3399 3403/3403/3403 3402/3402/3402 
f 3399/3399/3399 3404/3404/3404 3403/3403/3403 
f 3399/3399/3399 3405/3405/3405 3404/3404/3404 
f 3399/3399/3399 3406/3406/3406 3405/3405/3405 
f 3399/3399/3399 3408/3408/3408 3407/3407/3407 
f 3399/3399/3399 3409/3409/3409 3408/3408/3408 
f 3399/3399/3399 3410/3410/3410 3409/3409/3409 
f 3399/3399/3399 3411/3411/3411 3410/3410/3410 
f 3399/3399/3399 3412/3412/3412 3411/3411/3411 
f 3399/3399/3399 3413/3413/3413 3412/3412/3412 
f 3399/3399/3399 3415/3415/3415 3414/3414/3414 
f 3399/3399/3399 3416/3416/3416 3415/3415/3415 
f 3399/3399/3399 3417/3417/3417 3416/3416/3416 
f 3399/3399/3399 3418/3418/3418 3417/3417/3417 
f 3399/3399/3399 3419/3419/3419 3418/3418/3418 
f 3399/3399/3399 3420/3420/3420 3419/3419/3419 
f 3399/3399/3399 3422/3422/3422 3421/3421/3421 
f 3399/3399/3399 3423/3423/3423 3422/3422/3422 
f 3399/3399/3399 3424/3424/3424 3423/3423/3423 
f 3399/3399/3399 3425/3425/3425 3424/3424/3424 
f 3399/3399/3399 3426/3426/3426 3425/3425/3425 
f 3399/3399/3399 3427/3427/3427 3426/3426/3426 
f 3428/3428/3428 3429/3429/3429 3430/3430/3430 
f 3430/3430/3430 3429/3429/3429 3431/3431/3431 
f 3430/3430/3430 3431/3431/3431 3432/3432/3432 
f 3432/3432/3432 3431/3431/3431 3433/3433/3433 
f 3432/3432/3432 3433/3433/3433 3434/3434/3434 
f 3434/3434/3434 3433/3433/3433 3435/3435/3435 
f 3434/3434/3434 3435/3435/3435 3436/3436/3436 
f 3436/3436/3436 3435/3435/3435 3437/3437/3437 
f 3436/3436/3436 3437/3437/3437 3438/3438/3438 
f 3438/3438/3438 3437/3437/3437 3439/3439/3439 
f 3438/3438/3438 3439/3439/3439 3440/3440/3440 
f 3440/3440/3440 3439/3439/3439 3441/3441/3441 
f 3442/3442/3442 3443/3443/3443 3444/3444/3444 
f 3444/3444/3444 3443/3443/3443 3445/3445/3445 
f 3444/3444/3444 3445/3445/3445 3446/3446/3446 
f 3446/3446/3446 3445/3445/3445 3447/3447/3447 
f 3446/3446/3446 3447/3447/3447 3448/3448/3448 
f 3448/3448/3448 3447/3447/3447 3449/3449/3449 
f 3448/3448/3448 3449/3449/3449 3450/3450/3450 
f 3450/3450/3450 3449/3449/3449 3451/3451/3451 
f 3450/3450/3450 3451/3451/3451 3452/3452/3452 
f 3452/3452/3452 3451/3451/3451 3453/3453/3453 
f 3452/3452/3452 3453/3453/3453 3454/3454/3454 
f 3454/3454/3454 3453/3453/3453 3455/3455/3455 
f 3456/3456/3456 3458/3458/3458 3457/3457/3457 
f 3456/3456/3456 3459/3459/3459 3458/3458/3458 
f 3456/3456/3456 3460/3460/3460 3459/3459/3459 
f 3456/3456/3456 3461/3461/3461 3460/3460/3460 
f 3456/3456/3456 3462/3462/3462 3461/3461/3461 
f 3456/3456/3456 3463/3463/3463 3462/3462/3462 
f 3456/3456/3456 3465/3465/3465 3464/3464/3464 
f 3456/3456/3456 3466/3466/3466 3465/3465/3465 
f 3456/3456/3456 3467/3467/3467 3466/3466/3466 
f 3456/3456/3456 3468/3468/3468 3467/3467/3467 
f 3456/3456/3456 3469/3469/3469 3468/3468/3468 
f 3456/3456/3456 3470/3470/3470 3469/3469/3469 
f 3456/3456/3456 3472/3472/3472 3471/3471/3471 
f 3456/3456/3456 3473/3473/3473 3472/3472/3472 
f 3456/3456/3456 3474/3474/3474 3473/3473/3473 
f 3456/3456/3456 3475/3475/3475 3474/3474/3474 
f 3456/3456/3456 3476/3476/3476 3475/3475/3475 
f 3456/3456/3456 3477/3477/3477 3476/3476/3476 
f 3456/3456/3456 3479/3479/3479 3478/3478/3478 
f 3456/3456/3456 3480/3480/3480 3479/3479/3479 
f 3456/3456/3456 3481/3481/3481 3480/3480/3480 
f 3456/3456/3456 3482/3482/3482 3481/3481/3481 
f 3456/3456/3456 3483/3483/3483 3482/3482/3482 
f 3456/3456/3456 3484/3484/3484 3483/3483/3483 
f 3485/3485/3485 3486/3486/3486 3487/3487/3487 
f 3487/3487/3487 3486/3486/3486 3488/3488/3488 
f 3487/3487/3487 3488/3488/3488 3489/3489/3489 
f 3489/3489/3489 3488/3488/3488 3490/3490/3490 
f 3489/3489/3489 3490/3490/3490 3491/3491/3491 
f 3491/3491/3491 3490/3490/3490 3492/3492/3492 
f 3491/3491/3491 3492/3492/3492 3493/3493/3493 
f 3493/3493/3493 3492/3492/3492 3494/3494/3494 
f 3493/3493/3493 3494/3494/3494 3495/3495/3495 
f 3495/3495/3495 3494/3494/3494 3496/3496/3496 
f 3495/3495/3495 3496/3496/3496 3497/3497/3497 
f 3497/3497/3497 3496/3496/3496 3498/3498/3498 
f 3499/3499/3499 3500/3500/3500 3501/3501/3501 
f 3501/3501/3501 3500/3500/3500 3502/3502/3502 
f 3501/3501/3501 3502/3502/3502 3503/3503/3503 
f 3503/3503/3503 3502/3502/3502 3504/3504/3504 
f 3503/3503/3503 3504/3504/3504 3505/3505/3505 
f 3505/3505/3505 3504/3504/3504 3506/3506/3506 
f 3505/3505/3505 3506/3506/3506 3507/3507/3507 
f 3507/3507/3507 3506/3506/3506 3508/3508/3508 
f 3507/3507/3507 3508/3508/3508 3509/3509/3509 
f 3509/3509/3509 3508/3508/3508 3510/3510/3510 
f 3509/3509/3509 3510/3510/3510 3511/3511/3511 
f 3511/3511/3511 3510/3510/3510 3512/3512/3512 

g Part93

v 19.7946 5.07966 35.2405 
v 19.1198 5.13078 35.0616 
v 19.0971 5.11985 35.1972 
v 19.1094 5.10272 35.3819 
v 19.1884 5.07998 35.5905 
v 19.3296 5.0572 35.7632 
v 19.4833 5.03999 35.8662 
v 19.6121 5.02898 35.9144 
v 19.6121 5.02898 35.9144 
v 19.748 5.01994 35.9364 
v 19.9332 5.01147 35.9232 
v 20.1427 5.00767 35.8435 
v 20.3166 5.01127 35.7018 
v 20.4205 5.01959 35.548 
v 20.4694 5.02853 35.4194 
v 20.4694 5.02853 35.4194 
v 20.4921 5.03946 35.2837 
v 20.4798 5.05659 35.0991 
v 20.4008 5.07934 34.8904 
v 20.2596 5.10212 34.7177 
v 20.1059 5.11932 34.6147 
v 19.9771 5.13033 34.5666 
v 19.9771 5.13033 34.5666 
v 19.8412 5.13937 34.5446 
v 19.656 5.14784 34.5577 
v 19.4465 5.15164 34.6375 
v 19.2726 5.14805 34.7791 
v 19.1687 5.13973 34.9329 
v 19.1198 5.13078 35.0616 
v 20.0061 5.68736 34.6163 
v 19.9771 5.13033 34.5666 
v 19.8702 5.6964 34.5943 
v 19.8412 5.13937 34.5446 
v 19.685 5.70487 34.6075 
v 19.656 5.14784 34.5577 
v 19.4755 5.70867 34.6872 
v 19.4465 5.15164 34.6375 
v 19.3016 5.70508 34.8288 
v 19.2726 5.14805 34.7791 
v 19.1977 5.69676 34.9826 
v 19.1687 5.13973 34.9329 
v 19.1488 5.68781 35.1113 
v 19.1198 5.13078 35.0616 
v 19.9771 5.13033 34.5666 
v 20.0061 5.68736 34.6163 
v 20.1059 5.11932 34.6147 
v 20.1349 5.67635 34.6645 
v 20.2596 5.10212 34.7177 
v 20.2886 5.65915 34.7675 
v 20.4008 5.07934 34.8904 
v 20.4298 5.63637 34.9402 
v 20.4798 5.05659 35.0991 
v 20.5088 5.61362 35.1488 
v 20.4921 5.03946 35.2837 
v 20.5211 5.59649 35.3335 
v 20.4694 5.02853 35.4194 
v 20.4984 5.58556 35.4691 
v 19.8236 5.63669 35.2902 
v 20.0061 5.68736 34.6163 
v 20.1349 5.67635 34.6645 
v 20.2886 5.65915 34.7675 
v 20.4298 5.63637 34.9402 
v 20.5088 5.61362 35.1488 
v 20.5211 5.59649 35.3335 
v 20.4984 5.58556 35.4691 
v 20.4984 5.58556 35.4691 
v 20.4495 5.57662 35.5978 
v 20.3456 5.5683 35.7516 
v 20.1718 5.5647 35.8932 
v 19.9622 5.5685 35.973 
v 19.777 5.57697 35.9861 
v 19.6411 5.58601 35.9641 
v 19.6411 5.58601 35.9641 
v 19.5123 5.59702 35.9159 
v 19.3586 5.61423 35.813 
v 19.2174 5.63701 35.6402 
v 19.1384 5.65975 35.4316 
v 19.1261 5.67688 35.247 
v 19.1488 5.68781 35.1113 
v 19.1488 5.68781 35.1113 
v 19.1977 5.69676 34.9826 
v 19.3016 5.70508 34.8288 
v 19.4755 5.70867 34.6872 
v 19.685 5.70487 34.6075 
v 19.8702 5.6964 34.5943 
v 20.0061 5.68736 34.6163 
v 19.6411 5.58601 35.9641 
v 19.6121 5.02898 35.9144 
v 19.777 5.57697 35.9861 
v 19.748 5.01994 35.9364 
v 19.9622 5.5685 35.973 
v 19.9332 5.01147 35.9232 
v 20.1718 5.5647 35.8932 
v 20.1427 5.00767 35.8435 
v 20.3456 5.5683 35.7516 
v 20.3166 5.01127 35.7018 
v 20.4495 5.57662 35.5978 
v 20.4205 5.01959 35.548 
v 20.4984 5.58556 35.4691 
v 20.4694 5.02853 35.4194 
v 19.1488 5.68781 35.1113 
v 19.1198 5.13078 35.0616 
v 19.1261 5.67688 35.247 
v 19.0971 5.11985 35.1972 
v 19.1384 5.65975 35.4316 
v 19.1094 5.10272 35.3819 
v 19.2174 5.63701 35.6402 
v 19.1884 5.07998 35.5905 
v 19.3586 5.61423 35.813 
v 19.3296 5.0572 35.7632 
v 19.5123 5.59702 35.9159 
v 19.4833 5.03999 35.8662 
v 19.6411 5.58601 35.9641 
v 19.6121 5.02898 35.9144 

vn -0.0551181 -0.992126 -0.0866142 
vn -0.0551181 -0.992126 -0.0866142 
vn -0.0551181 -0.992126 -0.0866142 
vn -0.0551181 -0.992126 -0.0866142 
vn -0.0551181 -0.992126 -0.0866142 
vn -0.0551181 -0.992126 -0.0866142 
vn -0.0551181 -0.992126 -0.0866142 
vn -0.0551181 -0.992126 -0.0866142 
vn -0.0551181 -0.992126 -0.0866142 
vn -0.0551181 -0.992126 -0.0866142 
vn -0.0551181 -0.992126 -0.0866142 
vn -0.0551181 -0.992126 -0.0866142 
vn -0.0551181 -0.992126 -0.0866142 
vn -0.0551181 -0.992126 -0.0866142 
vn -0.0551181 -0.992126 -0.0866142 
vn -0.0551181 -0.992126 -0.0866142 
vn -0.0551181 -0.992126 -0.0866142 
vn -0.0551181 -0.992126 -0.0866142 
vn -0.0551181 -0.992126 -0.0866142 
vn -0.0551181 -0.992126 -0.0866142 
vn -0.0551181 -0.992126 -0.0866142 
vn -0.0551181 -0.992126 -0.0866142 
vn -0.0551181 -0.992126 -0.0866142 
vn -0.0551181 -0.992126 -0.0866142 
vn -0.0551181 -0.992126 -0.0866142 
vn -0.0551181 -0.992126 -0.0866142 
vn -0.0551181 -0.992126 -0.0866142 
vn -0.0551181 -0.992126 -0.0866142 
vn -0.0551181 -0.992126 -0.0866142 
vn 0.259843 0.0708661 -0.96063 
vn 0.259843 0.0708661 -0.96063 
vn 0.0629921 0.0866142 -0.992126 
vn 0.0629921 0.0866142 -0.992126 
vn -0.19685 0.0944882 -0.976378 
vn -0.19685 0.0944882 -0.976378 
vn -0.496063 0.102362 -0.858268 
vn -0.496063 0.102362 -0.858268 
vn -0.748031 0.0944882 -0.661417 
vn -0.748031 0.0944882 -0.661417 
vn -0.897638 0.0866142 -0.440945 
vn -0.897638 0.0866142 -0.440945 
vn -0.96063 0.0708661 -0.251969 
vn -0.96063 0.0708661 -0.251969 
vn 0.259843 0.0708661 -0.96063 
vn 0.259843 0.0708661 -0.96063 
vn 0.440945 0.0551181 -0.897638 
vn 0.440945 0.0551181 -0.897638 
vn 0.661417 0.0314961 -0.748031 
vn 0.661417 0.0314961 -0.748031 
vn 0.866142 0 -0.503937 
vn 0.866142 0 -0.503937 
vn 0.976378 -0.0314961 -0.204724 
vn 0.976378 -0.0314961 -0.204724 
vn 1 -0.0551181 0.0629921 
vn 1 -0.0551181 0.0629921 
vn 0.96063 -0.0708661 0.251969 
vn 0.96063 -0.0708661 0.251969 
vn 0.0551181 0.992126 0.0866142 
vn 0.0551181 0.992126 0.0866142 
vn 0.0551181 0.992126 0.0866142 
vn 0.0551181 0.992126 0.0866142 
vn 0.0551181 0.992126 0.0866142 
vn 0.0551181 0.992126 0.0866142 
vn 0.0551181 0.992126 0.0866142 
vn 0.0551181 0.992126 0.0866142 
vn 0.0551181 0.992126 0.0866142 
vn 0.0551181 0.992126 0.0866142 
vn 0.0551181 0.992126 0.0866142 
vn 0.0551181 0.992126 0.0866142 
vn 0.0551181 0.992126 0.0866142 
vn 0.0551181 0.992126 0.0866142 
vn 0.0551181 0.992126 0.0866142 
vn 0.0551181 0.992126 0.0866142 
vn 0.0551181 0.992126 0.0866142 
vn 0.0551181 0.992126 0.0866142 
vn 0.0551181 0.992126 0.0866142 
vn 0.0551181 0.992126 0.0866142 
vn 0.0551181 0.992126 0.0866142 
vn 0.0551181 0.992126 0.0866142 
vn 0.0551181 0.992126 0.0866142 
vn 0.0551181 0.992126 0.0866142 
vn 0.0551181 0.992126 0.0866142 
vn 0.0551181 0.992126 0.0866142 
vn 0.0551181 0.992126 0.0866142 
vn 0.0551181 0.992126 0.0866142 
vn 0.0551181 0.992126 0.0866142 
vn -0.259843 -0.0708661 0.96063 
vn -0.259843 -0.0708661 0.96063 
vn -0.0629921 -0.0866142 0.992126 
vn -0.0629921 -0.0866142 0.992126 
vn 0.19685 -0.0944882 0.976378 
vn 0.19685 -0.0944882 0.976378 
vn 0.496063 -0.102362 0.858268 
vn 0.496063 -0.102362 0.858268 
vn 0.748031 -0.0944882 0.661417 
vn 0.748031 -0.0944882 0.661417 
vn 0.897638 -0.0866142 0.440945 
vn 0.897638 -0.0866142 0.440945 
vn 0.96063 -0.0708661 0.251969 
vn 0.96063 -0.0708661 0.251969 
vn -0.96063 0.0708661 -0.251969 
vn -0.96063 0.0708661 -0.251969 
vn -1 0.0551181 -0.0629921 
vn -1 0.0551181 -0.0629921 
vn -0.976378 0.0314961 0.204724 
vn -0.976378 0.0314961 0.204724 
vn -0.866142 0 0.503937 
vn -0.866142 0 0.503937 
vn -0.661417 -0.0314961 0.748031 
vn -0.661417 -0.0314961 0.748031 
vn -0.440945 -0.0551181 0.897638 
vn -0.440945 -0.0551181 0.897638 
vn -0.259843 -0.0708661 0.96063 
vn -0.259843 -0.0708661 0.96063 

vt 0.0875 -3.8375 
vt 0.149372 -3.89937 
vt 0.136036 -3.9103 
vt 0.11517 -3.92051 
vt 0.0875 -3.925 
vt 0.0598301 -3.92051 
vt 0.0389637 -3.9103 
vt 0.0256282 -3.89937 
vt 0.0256282 -3.89937 
vt 0.0146956 -3.88604 
vt 0.00449021 -3.86517 
vt 0 -3.8375 
vt 0.00449021 -3.80983 
vt 0.0146956 -3.78896 
vt 0.0256282 -3.77563 
vt 0.0256282 -3.77563 
vt 0.0389637 -3.7647 
vt 0.0598301 -3.75449 
vt 0.0875 -3.75 
vt 0.11517 -3.75449 
vt 0.136036 -3.7647 
vt 0.149372 -3.77563 
vt 0.149372 -3.77563 
vt 0.160304 -3.78896 
vt 0.17051 -3.80983 
vt 0.175 -3.8375 
vt 0.17051 -3.86517 
vt 0.160304 -3.88604 
vt 0.149372 -3.89937 
vt 0.07 -8.5 
vt 0 -8.5 
vt 0.07 -8.52917 
vt 0 -8.52917 
vt 0.07 -8.55833 
vt 0 -8.55833 
vt 0.07 -8.5875 
vt 0 -8.5875 
vt 0.07 -8.61667 
vt 0 -8.61667 
vt 0.07 -8.64583 
vt 0 -8.64583 
vt 0.07 -8.675 
vt 0 -8.675 
vt 0.07 -8.5 
vt 0 -8.5 
vt 0.07 -8.52917 
vt 0 -8.52917 
vt 0.07 -8.55833 
vt 0 -8.55833 
vt 0.07 -8.5875 
vt 0 -8.5875 
vt 0.07 -8.61667 
vt 0 -8.61667 
vt 0.07 -8.64583 
vt 0 -8.64583 
vt 0.07 -8.675 
vt 0 -8.675 
vt 0.0875 -3.8375 
vt 0.0256282 -3.77563 
vt 0.0389637 -3.7647 
vt 0.0598301 -3.75449 
vt 0.0875 -3.75 
vt 0.11517 -3.75449 
vt 0.136036 -3.7647 
vt 0.149372 -3.77563 
vt 0.149372 -3.77563 
vt 0.160304 -3.78896 
vt 0.17051 -3.80983 
vt 0.175 -3.8375 
vt 0.17051 -3.86517 
vt 0.160304 -3.88604 
vt 0.149372 -3.89937 
vt 0.149372 -3.89937 
vt 0.136036 -3.9103 
vt 0.11517 -3.92051 
vt 0.0875 -3.925 
vt 0.0598301 -3.92051 
vt 0.0389637 -3.9103 
vt 0.0256282 -3.89937 
vt 0.0256282 -3.89937 
vt 0.0146956 -3.88604 
vt 0.00449021 -3.86517 
vt 0 -3.8375 
vt 0.00449021 -3.80983 
vt 0.0146956 -3.78896 
vt 0.0256282 -3.77563 
vt 0.07 -8.5 
vt 0 -8.5 
vt 0.07 -8.52917 
vt 0 -8.52917 
vt 0.07 -8.55833 
vt 0 -8.55833 
vt 0.07 -8.5875 
vt 0 -8.5875 
vt 0.07 -8.61667 
vt 0 -8.61667 
vt 0.07 -8.64583 
vt 0 -8.64583 
vt 0.07 -8.675 
vt 0 -8.675 
vt 0.07 -8.5 
vt 0 -8.5 
vt 0.07 -8.52917 
vt 0 -8.52917 
vt 0.07 -8.55833 
vt 0 -8.55833 
vt 0.07 -8.5875 
vt 0 -8.5875 
vt 0.07 -8.61667 
vt 0 -8.61667 
vt 0.07 -8.64583 
vt 0 -8.64583 
vt 0.07 -8.675 
vt 0 -8.675 

usemtl Part72Mtl

f 3513/3513/3513 3515/3515/3515 3514/3514/3514 
f 3513/3513/3513 3516/3516/3516 3515/3515/3515 
f 3513/3513/3513 3517/3517/3517 3516/3516/3516 
f 3513/3513/3513 3518/3518/3518 3517/3517/3517 
f 3513/3513/3513 3519/3519/3519 3518/3518/3518 
f 3513/3513/3513 3520/3520/3520 3519/3519/3519 
f 3513/3513/3513 3522/3522/3522 3521/3521/3521 
f 3513/3513/3513 3523/3523/3523 3522/3522/3522 
f 3513/3513/3513 3524/3524/3524 3523/3523/3523 
f 3513/3513/3513 3525/3525/3525 3524/3524/3524 
f 3513/3513/3513 3526/3526/3526 3525/3525/3525 
f 3513/3513/3513 3527/3527/3527 3526/3526/3526 
f 3513/3513/3513 3529/3529/3529 3528/3528/3528 
f 3513/3513/3513 3530/3530/3530 3529/3529/3529 
f 3513/3513/3513 3531/3531/3531 3530/3530/3530 
f 3513/3513/3513 3532/3532/3532 3531/3531/3531 
f 3513/3513/3513 3533/3533/3533 3532/3532/3532 
f 3513/3513/3513 3534/3534/3534 3533/3533/3533 
f 3513/3513/3513 3536/3536/3536 3535/3535/3535 
f 3513/3513/3513 3537/3537/3537 3536/3536/3536 
f 3513/3513/3513 3538/3538/3538 3537/3537/3537 
f 3513/3513/3513 3539/3539/3539 3538/3538/3538 
f 3513/3513/3513 3540/3540/3540 3539/3539/3539 
f 3513/3513/3513 3541/3541/3541 3540/3540/3540 
f 3542/3542/3542 3543/3543/3543 3544/3544/3544 
f 3544/3544/3544 3543/3543/3543 3545/3545/3545 
f 3544/3544/3544 3545/3545/3545 3546/3546/3546 
f 3546/3546/3546 3545/3545/3545 3547/3547/3547 
f 3546/3546/3546 3547/3547/3547 3548/3548/3548 
f 3548/3548/3548 3547/3547/3547 3549/3549/3549 
f 3548/3548/3548 3549/3549/3549 3550/3550/3550 
f 3550/3550/3550 3549/3549/3549 3551/3551/3551 
f 3550/3550/3550 3551/3551/3551 3552/3552/3552 
f 3552/3552/3552 3551/3551/3551 3553/3553/3553 
f 3552/3552/3552 3553/3553/3553 3554/3554/3554 
f 3554/3554/3554 3553/3553/3553 3555/3555/3555 
f 3556/3556/3556 3557/3557/3557 3558/3558/3558 
f 3558/3558/3558 3557/3557/3557 3559/3559/3559 
f 3558/3558/3558 3559/3559/3559 3560/3560/3560 
f 3560/3560/3560 3559/3559/3559 3561/3561/3561 
f 3560/3560/3560 3561/3561/3561 3562/3562/3562 
f 3562/3562/3562 3561/3561/3561 3563/3563/3563 
f 3562/3562/3562 3563/3563/3563 3564/3564/3564 
f 3564/3564/3564 3563/3563/3563 3565/3565/3565 
f 3564/3564/3564 3565/3565/3565 3566/3566/3566 
f 3566/3566/3566 3565/3565/3565 3567/3567/3567 
f 3566/3566/3566 3567/3567/3567 3568/3568/3568 
f 3568/3568/3568 3567/3567/3567 3569/3569/3569 
f 3570/3570/3570 3572/3572/3572 3571/3571/3571 
f 3570/3570/3570 3573/3573/3573 3572/3572/3572 
f 3570/3570/3570 3574/3574/3574 3573/3573/3573 
f 3570/3570/3570 3575/3575/3575 3574/3574/3574 
f 3570/3570/3570 3576/3576/3576 3575/3575/3575 
f 3570/3570/3570 3577/3577/3577 3576/3576/3576 
f 3570/3570/3570 3579/3579/3579 3578/3578/3578 
f 3570/3570/3570 3580/3580/3580 3579/3579/3579 
f 3570/3570/3570 3581/3581/3581 3580/3580/3580 
f 3570/3570/3570 3582/3582/3582 3581/3581/3581 
f 3570/3570/3570 3583/3583/3583 3582/3582/3582 
f 3570/3570/3570 3584/3584/3584 3583/3583/3583 
f 3570/3570/3570 3586/3586/3586 3585/3585/3585 
f 3570/3570/3570 3587/3587/3587 3586/3586/3586 
f 3570/3570/3570 3588/3588/3588 3587/3587/3587 
f 3570/3570/3570 3589/3589/3589 3588/3588/3588 
f 3570/3570/3570 3590/3590/3590 3589/3589/3589 
f 3570/3570/3570 3591/3591/3591 3590/3590/3590 
f 3570/3570/3570 3593/3593/3593 3592/3592/3592 
f 3570/3570/3570 3594/3594/3594 3593/3593/3593 
f 3570/3570/3570 3595/3595/3595 3594/3594/3594 
f 3570/3570/3570 3596/3596/3596 3595/3595/3595 
f 3570/3570/3570 3597/3597/3597 3596/3596/3596 
f 3570/3570/3570 3598/3598/3598 3597/3597/3597 
f 3599/3599/3599 3600/3600/3600 3601/3601/3601 
f 3601/3601/3601 3600/3600/3600 3602/3602/3602 
f 3601/3601/3601 3602/3602/3602 3603/3603/3603 
f 3603/3603/3603 3602/3602/3602 3604/3604/3604 
f 3603/3603/3603 3604/3604/3604 3605/3605/3605 
f 3605/3605/3605 3604/3604/3604 3606/3606/3606 
f 3605/3605/3605 3606/3606/3606 3607/3607/3607 
f 3607/3607/3607 3606/3606/3606 3608/3608/3608 
f 3607/3607/3607 3608/3608/3608 3609/3609/3609 
f 3609/3609/3609 3608/3608/3608 3610/3610/3610 
f 3609/3609/3609 3610/3610/3610 3611/3611/3611 
f 3611/3611/3611 3610/3610/3610 3612/3612/3612 
f 3613/3613/3613 3614/3614/3614 3615/3615/3615 
f 3615/3615/3615 3614/3614/3614 3616/3616/3616 
f 3615/3615/3615 3616/3616/3616 3617/3617/3617 
f 3617/3617/3617 3616/3616/3616 3618/3618/3618 
f 3617/3617/3617 3618/3618/3618 3619/3619/3619 
f 3619/3619/3619 3618/3618/3618 3620/3620/3620 
f 3619/3619/3619 3620/3620/3620 3621/3621/3621 
f 3621/3621/3621 3620/3620/3620 3622/3622/3622 
f 3621/3621/3621 3622/3622/3622 3623/3623/3623 
f 3623/3623/3623 3622/3622/3622 3624/3624/3624 
f 3623/3623/3623 3624/3624/3624 3625/3625/3625 
f 3625/3625/3625 3624/3624/3624 3626/3626/3626 

g Part94

v 22.3266 5.46829 35.1833 
v 22.0851 5.46827 35.248 
v 22.1025 5.46827 35.2941 
v 22.1395 5.46827 35.3492 
v 22.2016 5.46828 35.3998 
v 22.2764 5.46828 35.4282 
v 22.3427 5.46829 35.4328 
v 22.3913 5.46829 35.4248 
v 22.3913 5.46829 35.4248 
v 22.4374 5.4683 35.4074 
v 22.4924 5.4683 35.3703 
v 22.5431 5.46831 35.3083 
v 22.5715 5.46831 35.2334 
v 22.576 5.46832 35.1672 
v 22.568 5.46832 35.1186 
v 22.568 5.46832 35.1186 
v 22.5507 5.46831 35.0725 
v 22.5136 5.46831 35.0174 
v 22.4516 5.46831 34.9668 
v 22.3767 5.4683 34.9384 
v 22.3105 5.46829 34.9338 
v 22.2619 5.46829 34.9418 
v 22.2619 5.46829 34.9418 
v 22.2158 5.46829 34.9592 
v 22.1607 5.46828 34.9962 
v 22.1101 5.46827 35.0583 
v 22.0816 5.46827 35.1332 
v 22.0771 5.46827 35.1994 
v 22.0851 5.46827 35.248 
v 22.2615 9.46829 34.9419 
v 22.2619 5.46829 34.9418 
v 22.2154 9.46828 34.9593 
v 22.2158 5.46829 34.9592 
v 22.1603 9.46828 34.9963 
v 22.1607 5.46828 34.9962 
v 22.1097 9.46827 35.0584 
v 22.1101 5.46827 35.0583 
v 22.0813 9.46827 35.1333 
v 22.0816 5.46827 35.1332 
v 22.0767 9.46827 35.1995 
v 22.0771 5.46827 35.1994 
v 22.0847 9.46827 35.2481 
v 22.0851 5.46827 35.248 
v 22.2619 5.46829 34.9418 
v 22.2615 9.46829 34.9419 
v 22.3105 5.46829 34.9338 
v 22.3101 9.46829 34.9339 
v 22.3767 5.4683 34.9384 
v 22.3763 9.4683 34.9384 
v 22.4516 5.46831 34.9668 
v 22.4512 9.46831 34.9669 
v 22.5136 5.46831 35.0174 
v 22.5132 9.46831 35.0175 
v 22.5507 5.46831 35.0725 
v 22.5503 9.46832 35.0726 
v 22.568 5.46832 35.1186 
v 22.5677 9.46832 35.1187 
v 22.3262 9.46829 35.1834 
v 22.2615 9.46829 34.9419 
v 22.3101 9.46829 34.9339 
v 22.3763 9.4683 34.9384 
v 22.4512 9.46831 34.9669 
v 22.5132 9.46831 35.0175 
v 22.5503 9.46832 35.0726 
v 22.5677 9.46832 35.1187 
v 22.5677 9.46832 35.1187 
v 22.5757 9.46832 35.1673 
v 22.5711 9.46831 35.2335 
v 22.5427 9.46831 35.3084 
v 22.4921 9.4683 35.3704 
v 22.437 9.4683 35.4075 
v 22.3909 9.46829 35.4249 
v 22.3909 9.46829 35.4249 
v 22.3423 9.46829 35.4329 
v 22.2761 9.46828 35.4283 
v 22.2012 9.46828 35.3999 
v 22.1391 9.46827 35.3492 
v 22.1021 9.46827 35.2942 
v 22.0847 9.46827 35.2481 
v 22.0847 9.46827 35.2481 
v 22.0767 9.46827 35.1995 
v 22.0813 9.46827 35.1333 
v 22.1097 9.46827 35.0584 
v 22.1603 9.46828 34.9963 
v 22.2154 9.46828 34.9593 
v 22.2615 9.46829 34.9419 
v 22.3909 9.46829 35.4249 
v 22.3913 5.46829 35.4248 
v 22.437 9.4683 35.4075 
v 22.4374 5.4683 35.4074 
v 22.4921 9.4683 35.3704 
v 22.4924 5.4683 35.3703 
v 22.5427 9.46831 35.3084 
v 22.5431 5.46831 35.3083 
v 22.5711 9.46831 35.2335 
v 22.5715 5.46831 35.2334 
v 22.5757 9.46832 35.1673 
v 22.576 5.46832 35.1672 
v 22.5677 9.46832 35.1187 
v 22.568 5.46832 35.1186 
v 22.0847 9.46827 35.2481 
v 22.0851 5.46827 35.248 
v 22.1021 9.46827 35.2942 
v 22.1025 5.46827 35.2941 
v 22.1391 9.46827 35.3492 
v 22.1395 5.46827 35.3492 
v 22.2012 9.46828 35.3999 
v 22.2016 5.46828 35.3998 
v 22.2761 9.46828 35.4283 
v 22.2764 5.46828 35.4282 
v 22.3423 9.46829 35.4329 
v 22.3427 5.46829 35.4328 
v 22.3909 9.46829 35.4249 
v 22.3913 5.46829 35.4248 

vn 0 -1 0 
vn 0 -1 0 
vn 0 -1 0 
vn 0 -1 0 
vn 0 -1 0 
vn 0 -1 0 
vn 0 -1 0 
vn 0 -1 0 
vn 0 -1 0 
vn 0 -1 0 
vn 0 -1 0 
vn 0 -1 0 
vn 0 -1 0 
vn 0 -1 0 
vn 0 -1 0 
vn 0 -1 0 
vn 0 -1 0 
vn 0 -1 0 
vn 0 -1 0 
vn 0 -1 0 
vn 0 -1 0 
vn 0 -1 0 
vn 0 -1 0 
vn 0 -1 0 
vn 0 -1 0 
vn 0 -1 0 
vn 0 -1 0 
vn 0 -1 0 
vn 0 -1 0 
vn -0.259843 0 -0.968504 
vn -0.259843 0 -0.968504 
vn -0.440945 0 -0.897638 
vn -0.440945 0 -0.897638 
vn -0.661417 0 -0.748031 
vn -0.661417 0 -0.748031 
vn -0.866142 0 -0.503937 
vn -0.866142 0 -0.503937 
vn -0.976378 0 -0.19685 
vn -0.976378 0 -0.19685 
vn -1 0 0.0629921 
vn -1 0 0.0629921 
vn -0.968504 0 0.259843 
vn -0.968504 0 0.259843 
vn -0.259843 0 -0.968504 
vn -0.259843 0 -0.968504 
vn -0.0629921 0 -1 
vn -0.0629921 0 -1 
vn 0.19685 0 -0.976378 
vn 0.19685 0 -0.976378 
vn 0.503937 0 -0.866142 
vn 0.503937 0 -0.866142 
vn 0.748031 0 -0.661417 
vn 0.748031 0 -0.661417 
vn 0.897638 0 -0.440945 
vn 0.897638 0 -0.440945 
vn 0.968504 0 -0.259843 
vn 0.968504 0 -0.259843 
vn 0 1 0 
vn 0 1 0 
vn 0 1 0 
vn 0 1 0 
vn 0 1 0 
vn 0 1 0 
vn 0 1 0 
vn 0 1 0 
vn 0 1 0 
vn 0 1 0 
vn 0 1 0 
vn 0 1 0 
vn 0 1 0 
vn 0 1 0 
vn 0 1 0 
vn 0 1 0 
vn 0 1 0 
vn 0 1 0 
vn 0 1 0 
vn 0 1 0 
vn 0 1 0 
vn 0 1 0 
vn 0 1 0 
vn 0 1 0 
vn 0 1 0 
vn 0 1 0 
vn 0 1 0 
vn 0 1 0 
vn 0 1 0 
vn 0.259843 0 0.968504 
vn 0.259843 0 0.968504 
vn 0.440945 0 0.897638 
vn 0.440945 0 0.897638 
vn 0.661417 0 0.748031 
vn 0.661417 0 0.748031 
vn 0.866142 0 0.503937 
vn 0.866142 0 0.503937 
vn 0.976378 0 0.19685 
vn 0.976378 0 0.19685 
vn 1 0 -0.0629921 
vn 1 0 -0.0629921 
vn 0.968504 0 -0.259843 
vn 0.968504 0 -0.259843 
vn -0.968504 0 0.259843 
vn -0.968504 0 0.259843 
vn -0.897638 0 0.440945 
vn -0.897638 0 0.440945 
vn -0.748031 0 0.661417 
vn -0.748031 0 0.661417 
vn -0.503937 0 0.866142 
vn -0.503937 0 0.866142 
vn -0.19685 0 0.976378 
vn -0.19685 0 0.976378 
vn 0.0629921 0 1 
vn 0.0629921 0 1 
vn 0.259843 0 0.968504 
vn 0.259843 0 0.968504 

vt 5.78125 0.21875 
vt 5.80335 0.196653 
vt 5.79858 0.192748 
vt 5.79113 0.189104 
vt 5.78125 0.1875 
vt 5.77137 0.189104 
vt 5.76392 0.192748 
vt 5.75915 0.196653 
vt 5.75915 0.196653 
vt 5.75525 0.201416 
vt 5.7516 0.208868 
vt 5.75 0.21875 
vt 5.7516 0.228632 
vt 5.75525 0.236084 
vt 5.75915 0.240847 
vt 5.75915 0.240847 
vt 5.76392 0.244752 
vt 5.77137 0.248396 
vt 5.78125 0.25 
vt 5.79113 0.248396 
vt 5.79858 0.244752 
vt 5.80335 0.240847 
vt 5.80335 0.240847 
vt 5.80725 0.236084 
vt 5.8109 0.228632 
vt 5.8125 0.21875 
vt 5.8109 0.208868 
vt 5.80725 0.201416 
vt 5.80335 0.196653 
vt 12 -0.5 
vt 11.5 -0.5 
vt 12 -0.510417 
vt 11.5 -0.510417 
vt 12 -0.520833 
vt 11.5 -0.520833 
vt 12 -0.53125 
vt 11.5 -0.53125 
vt 12 -0.541667 
vt 11.5 -0.541667 
vt 12 -0.552083 
vt 11.5 -0.552083 
vt 12 -0.5625 
vt 11.5 -0.5625 
vt 12 -0.5 
vt 11.5 -0.5 
vt 12 -0.510417 
vt 11.5 -0.510417 
vt 12 -0.520833 
vt 11.5 -0.520833 
vt 12 -0.53125 
vt 11.5 -0.53125 
vt 12 -0.541667 
vt 11.5 -0.541667 
vt 12 -0.552083 
vt 11.5 -0.552083 
vt 12 -0.5625 
vt 11.5 -0.5625 
vt 5.78125 0.21875 
vt 5.75915 0.240847 
vt 5.76392 0.244752 
vt 5.77137 0.248396 
vt 5.78125 0.25 
vt 5.79113 0.248396 
vt 5.79858 0.244752 
vt 5.80335 0.240847 
vt 5.80335 0.240847 
vt 5.80725 0.236084 
vt 5.8109 0.228632 
vt 5.8125 0.21875 
vt 5.8109 0.208868 
vt 5.80725 0.201416 
vt 5.80335 0.196653 
vt 5.80335 0.196653 
vt 5.79858 0.192748 
vt 5.79113 0.189104 
vt 5.78125 0.1875 
vt 5.77137 0.189104 
vt 5.76392 0.192748 
vt 5.75915 0.196653 
vt 5.75915 0.196653 
vt 5.75525 0.201416 
vt 5.7516 0.208868 
vt 5.75 0.21875 
vt 5.7516 0.228632 
vt 5.75525 0.236084 
vt 5.75915 0.240847 
vt 12 -0.5 
vt 11.5 -0.5 
vt 12 -0.510417 
vt 11.5 -0.510417 
vt 12 -0.520833 
vt 11.5 -0.520833 
vt 12 -0.53125 
vt 11.5 -0.53125 
vt 12 -0.541667 
vt 11.5 -0.541667 
vt 12 -0.552083 
vt 11.5 -0.552083 
vt 12 -0.5625 
vt 11.5 -0.5625 
vt 12 -0.5 
vt 11.5 -0.5 
vt 12 -0.510417 
vt 11.5 -0.510417 
vt 12 -0.520833 
vt 11.5 -0.520833 
vt 12 -0.53125 
vt 11.5 -0.53125 
vt 12 -0.541667 
vt 11.5 -0.541667 
vt 12 -0.552083 
vt 11.5 -0.552083 
vt 12 -0.5625 
vt 11.5 -0.5625 

usemtl Part68Mtl

f 3627/3627/3627 3629/3629/3629 3628/3628/3628 
f 3627/3627/3627 3630/3630/3630 3629/3629/3629 
f 3627/3627/3627 3631/3631/3631 3630/3630/3630 
f 3627/3627/3627 3632/3632/3632 3631/3631/3631 
f 3627/3627/3627 3633/3633/3633 3632/3632/3632 
f 3627/3627/3627 3634/3634/3634 3633/3633/3633 
f 3627/3627/3627 3636/3636/3636 3635/3635/3635 
f 3627/3627/3627 3637/3637/3637 3636/3636/3636 
f 3627/3627/3627 3638/3638/3638 3637/3637/3637 
f 3627/3627/3627 3639/3639/3639 3638/3638/3638 
f 3627/3627/3627 3640/3640/3640 3639/3639/3639 
f 3627/3627/3627 3641/3641/3641 3640/3640/3640 
f 3627/3627/3627 3643/3643/3643 3642/3642/3642 
f 3627/3627/3627 3644/3644/3644 3643/3643/3643 
f 3627/3627/3627 3645/3645/3645 3644/3644/3644 
f 3627/3627/3627 3646/3646/3646 3645/3645/3645 
f 3627/3627/3627 3647/3647/3647 3646/3646/3646 
f 3627/3627/3627 3648/3648/3648 3647/3647/3647 
f 3627/3627/3627 3650/3650/3650 3649/3649/3649 
f 3627/3627/3627 3651/3651/3651 3650/3650/3650 
f 3627/3627/3627 3652/3652/3652 3651/3651/3651 
f 3627/3627/3627 3653/3653/3653 3652/3652/3652 
f 3627/3627/3627 3654/3654/3654 3653/3653/3653 
f 3627/3627/3627 3655/3655/3655 3654/3654/3654 
f 3656/3656/3656 3657/3657/3657 3658/3658/3658 
f 3658/3658/3658 3657/3657/3657 3659/3659/3659 
f 3658/3658/3658 3659/3659/3659 3660/3660/3660 
f 3660/3660/3660 3659/3659/3659 3661/3661/3661 
f 3660/3660/3660 3661/3661/3661 3662/3662/3662 
f 3662/3662/3662 3661/3661/3661 3663/3663/3663 
f 3662/3662/3662 3663/3663/3663 3664/3664/3664 
f 3664/3664/3664 3663/3663/3663 3665/3665/3665 
f 3664/3664/3664 3665/3665/3665 3666/3666/3666 
f 3666/3666/3666 3665/3665/3665 3667/3667/3667 
f 3666/3666/3666 3667/3667/3667 3668/3668/3668 
f 3668/3668/3668 3667/3667/3667 3669/3669/3669 
f 3670/3670/3670 3671/3671/3671 3672/3672/3672 
f 3672/3672/3672 3671/3671/3671 3673/3673/3673 
f 3672/3672/3672 3673/3673/3673 3674/3674/3674 
f 3674/3674/3674 3673/3673/3673 3675/3675/3675 
f 3674/3674/3674 3675/3675/3675 3676/3676/3676 
f 3676/3676/3676 3675/3675/3675 3677/3677/3677 
f 3676/3676/3676 3677/3677/3677 3678/3678/3678 
f 3678/3678/3678 3677/3677/3677 3679/3679/3679 
f 3678/3678/3678 3679/3679/3679 3680/3680/3680 
f 3680/3680/3680 3679/3679/3679 3681/3681/3681 
f 3680/3680/3680 3681/3681/3681 3682/3682/3682 
f 3682/3682/3682 3681/3681/3681 3683/3683/3683 
f 3684/3684/3684 3686/3686/3686 3685/3685/3685 
f 3684/3684/3684 3687/3687/3687 3686/3686/3686 
f 3684/3684/3684 3688/3688/3688 3687/3687/3687 
f 3684/3684/3684 3689/3689/3689 3688/3688/3688 
f 3684/3684/3684 3690/3690/3690 3689/3689/3689 
f 3684/3684/3684 3691/3691/3691 3690/3690/3690 
f 3684/3684/3684 3693/3693/3693 3692/3692/3692 
f 3684/3684/3684 3694/3694/3694 3693/3693/3693 
f 3684/3684/3684 3695/3695/3695 3694/3694/3694 
f 3684/3684/3684 3696/3696/3696 3695/3695/3695 
f 3684/3684/3684 3697/3697/3697 3696/3696/3696 
f 3684/3684/3684 3698/3698/3698 3697/3697/3697 
f 3684/3684/3684 3700/3700/3700 3699/3699/3699 
f 3684/3684/3684 3701/3701/3701 3700/3700/3700 
f 3684/3684/3684 3702/3702/3702 3701/3701/3701 
f 3684/3684/3684 3703/3703/3703 3702/3702/3702 
f 3684/3684/3684 3704/3704/3704 3703/3703/3703 
f 3684/3684/3684 3705/3705/3705 3704/3704/3704 
f 3684/3684/3684 3707/3707/3707 3706/3706/3706 
f 3684/3684/3684 3708/3708/3708 3707/3707/3707 
f 3684/3684/3684 3709/3709/3709 3708/3708/3708 
f 3684/3684/3684 3710/3710/3710 3709/3709/3709 
f 3684/3684/3684 3711/3711/3711 3710/3710/3710 
f 3684/3684/3684 3712/3712/3712 3711/3711/3711 
f 3713/3713/3713 3714/3714/3714 3715/3715/3715 
f 3715/3715/3715 3714/3714/3714 3716/3716/3716 
f 3715/3715/3715 3716/3716/3716 3717/3717/3717 
f 3717/3717/3717 3716/3716/3716 3718/3718/3718 
f 3717/3717/3717 3718/3718/3718 3719/3719/3719 
f 3719/3719/3719 3718/3718/3718 3720/3720/3720 
f 3719/3719/3719 3720/3720/3720 3721/3721/3721 
f 3721/3721/3721 3720/3720/3720 3722/3722/3722 
f 3721/3721/3721 3722/3722/3722 3723/3723/3723 
f 3723/3723/3723 3722/3722/3722 3724/3724/3724 
f 3723/3723/3723 3724/3724/3724 3725/3725/3725 
f 3725/3725/3725 3724/3724/3724 3726/3726/3726 
f 3727/3727/3727 3728/3728/3728 3729/3729/3729 
f 3729/3729/3729 3728/3728/3728 3730/3730/3730 
f 3729/3729/3729 3730/3730/3730 3731/3731/3731 
f 3731/3731/3731 3730/3730/3730 3732/3732/3732 
f 3731/3731/3731 3732/3732/3732 3733/3733/3733 
f 3733/3733/3733 3732/3732/3732 3734/3734/3734 
f 3733/3733/3733 3734/3734/3734 3735/3735/3735 
f 3735/3735/3735 3734/3734/3734 3736/3736/3736 
f 3735/3735/3735 3736/3736/3736 3737/3737/3737 
f 3737/3737/3737 3736/3736/3736 3738/3738/3738 
f 3737/3737/3737 3738/3738/3738 3739/3739/3739 
f 3739/3739/3739 3738/3738/3738 3740/3740/3740 

g Part95

v 20.6754 1.85819 34.7656 
v 21.193 1.85808 32.8337 
v 20.8041 1.85804 32.7697 
v 20.2744 1.85798 32.8062 
v 19.6754 1.85794 33.0335 
v 19.179 1.85792 33.4387 
v 18.8826 1.85793 33.8791 
v 18.7436 1.85794 34.248 
v 18.7436 1.85794 34.248 
v 18.6796 1.85797 34.6369 
v 18.716 1.85802 35.1666 
v 18.9434 1.85809 35.7656 
v 19.3485 1.85817 36.262 
v 19.789 1.85825 36.5584 
v 20.1578 1.8583 36.6974 
v 20.1578 1.8583 36.6974 
v 20.5467 1.85834 36.7614 
v 21.0764 1.8584 36.725 
v 21.6754 1.85844 36.4976 
v 22.1718 1.85846 36.0925 
v 22.4682 1.85845 35.652 
v 22.6073 1.85844 35.2832 
v 22.6073 1.85844 35.2832 
v 22.6713 1.85841 34.8943 
v 22.6348 1.85836 34.3646 
v 22.4075 1.85829 33.7656 
v 22.0023 1.85821 33.2692 
v 21.5619 1.85813 32.9728 
v 21.193 1.85808 32.8337 
v 22.6069 5.45844 35.2829 
v 22.6073 1.85844 35.2832 
v 22.6709 5.45841 34.894 
v 22.6713 1.85841 34.8943 
v 22.6344 5.45836 34.3643 
v 22.6348 1.85836 34.3646 
v 22.4071 5.45829 33.7653 
v 22.4075 1.85829 33.7656 
v 22.002 5.45821 33.2689 
v 22.0023 1.85821 33.2692 
v 21.5615 5.45813 32.9725 
v 21.5619 1.85813 32.9728 
v 21.1927 5.45808 32.8334 
v 21.193 1.85808 32.8337 
v 22.6073 1.85844 35.2832 
v 22.6069 5.45844 35.2829 
v 22.4682 1.85845 35.652 
v 22.4679 5.45845 35.6517 
v 22.1718 1.85846 36.0925 
v 22.1714 5.45846 36.0922 
v 21.6754 1.85844 36.4976 
v 21.675 5.45844 36.4973 
v 21.0764 1.8584 36.725 
v 21.076 5.4584 36.7247 
v 20.5467 1.85834 36.7614 
v 20.5463 5.45834 36.7611 
v 20.1578 1.8583 36.6974 
v 20.1574 5.4583 36.6971 
v 20.675 5.45819 34.7653 
v 22.6069 5.45844 35.2829 
v 22.4679 5.45845 35.6517 
v 22.1714 5.45846 36.0922 
v 21.675 5.45844 36.4973 
v 21.076 5.4584 36.7247 
v 20.5463 5.45834 36.7611 
v 20.1574 5.4583 36.6971 
v 20.1574 5.4583 36.6971 
v 19.7886 5.45825 36.5581 
v 19.3481 5.45817 36.2617 
v 18.943 5.45809 35.7653 
v 18.7156 5.45802 35.1663 
v 18.6792 5.45797 34.6366 
v 18.7432 5.45794 34.2477 
v 18.7432 5.45794 34.2477 
v 18.8822 5.45793 33.8788 
v 19.1786 5.45792 33.4384 
v 19.675 5.45794 33.0332 
v 20.2741 5.45798 32.8059 
v 20.8037 5.45804 32.7694 
v 21.1927 5.45808 32.8334 
v 21.1927 5.45808 32.8334 
v 21.5615 5.45813 32.9725 
v 22.002 5.45821 33.2689 
v 22.4071 5.45829 33.7653 
v 22.6344 5.45836 34.3643 
v 22.6709 5.45841 34.894 
v 22.6069 5.45844 35.2829 
v 18.7432 5.45794 34.2477 
v 18.7436 1.85794 34.248 
v 18.6792 5.45797 34.6366 
v 18.6796 1.85797 34.6369 
v 18.7156 5.45802 35.1663 
v 18.716 1.85802 35.1666 
v 18.943 5.45809 35.7653 
v 18.9434 1.85809 35.7656 
v 19.3481 5.45817 36.2617 
v 19.3485 1.85817 36.262 
v 19.7886 5.45825 36.5581 
v 19.789 1.85825 36.5584 
v 20.1574 5.4583 36.6971 
v 20.1578 1.8583 36.6974 
v 21.1927 5.45808 32.8334 
v 21.193 1.85808 32.8337 
v 20.8037 5.45804 32.7694 
v 20.8041 1.85804 32.7697 
v 20.2741 5.45798 32.8059 
v 20.2744 1.85798 32.8062 
v 19.675 5.45794 33.0332 
v 19.6754 1.85794 33.0335 
v 19.1786 5.45792 33.4384 
v 19.179 1.85792 33.4387 
v 18.8822 5.45793 33.8788 
v 18.8826 1.85793 33.8791 
v 18.7432 5.45794 34.2477 
v 18.7436 1.85794 34.248 

vn 0 -1 0 
vn 0 -1 0 
vn 0 -1 0 
vn 0 -1 0 
vn 0 -1 0 
vn 0 -1 0 
vn 0 -1 0 
vn 0 -1 0 
vn 0 -1 0 
vn 0 -1 0 
vn 0 -1 0 
vn 0 -1 0 
vn 0 -1 0 
vn 0 -1 0 
vn 0 -1 0 
vn 0 -1 0 
vn 0 -1 0 
vn 0 -1 0 
vn 0 -1 0 
vn 0 -1 0 
vn 0 -1 0 
vn 0 -1 0 
vn 0 -1 0 
vn 0 -1 0 
vn 0 -1 0 
vn 0 -1 0 
vn 0 -1 0 
vn 0 -1 0 
vn 0 -1 0 
vn 0.968504 0 0.259843 
vn 0.968504 0 0.259843 
vn 1 0 0.0629921 
vn 1 0 0.0629921 
vn 0.976378 0 -0.19685 
vn 0.976378 0 -0.19685 
vn 0.866142 0 -0.503937 
vn 0.866142 0 -0.503937 
vn 0.661417 0 -0.748031 
vn 0.661417 0 -0.748031 
vn 0.440945 0 -0.897638 
vn 0.440945 0 -0.897638 
vn 0.259843 0 -0.968504 
vn 0.259843 0 -0.968504 
vn 0.968504 0 0.259843 
vn 0.968504 0 0.259843 
vn 0.897638 0 0.440945 
vn 0.897638 0 0.440945 
vn 0.748031 0 0.661417 
vn 0.748031 0 0.661417 
vn 0.503937 0 0.866142 
vn 0.503937 0 0.866142 
vn 0.19685 0 0.976378 
vn 0.19685 0 0.976378 
vn -0.0629921 0 1 
vn -0.0629921 0 1 
vn -0.259843 0 0.968504 
vn -0.259843 0 0.968504 
vn 0 1 0 
vn 0 1 0 
vn 0 1 0 
vn 0 1 0 
vn 0 1 0 
vn 0 1 0 
vn 0 1 0 
vn 0 1 0 
vn 0 1 0 
vn 0 1 0 
vn 0 1 0 
vn 0 1 0 
vn 0 1 0 
vn 0 1 0 
vn 0 1 0 
vn 0 1 0 
vn 0 1 0 
vn 0 1 0 
vn 0 1 0 
vn 0 1 0 
vn 0 1 0 
vn 0 1 0 
vn 0 1 0 
vn 0 1 0 
vn 0 1 0 
vn 0 1 0 
vn 0 1 0 
vn 0 1 0 
vn 0 1 0 
vn -0.968504 0 -0.259843 
vn -0.968504 0 -0.259843 
vn -1 0 -0.0629921 
vn -1 0 -0.0629921 
vn -0.976378 0 0.19685 
vn -0.976378 0 0.19685 
vn -0.866142 0 0.503937 
vn -0.866142 0 0.503937 
vn -0.661417 0 0.748031 
vn -0.661417 0 0.748031 
vn -0.440945 0 0.897638 
vn -0.440945 0 0.897638 
vn -0.259843 0 0.968504 
vn -0.259843 0 0.968504 
vn 0.259843 0 -0.968504 
vn 0.259843 0 -0.968504 
vn 0.0629921 0 -1 
vn 0.0629921 0 -1 
vn -0.19685 0 -0.976378 
vn -0.19685 0 -0.976378 
vn -0.503937 0 -0.866142 
vn -0.503937 0 -0.866142 
vn -0.748031 0 -0.661417 
vn -0.748031 0 -0.661417 
vn -0.897638 0 -0.440945 
vn -0.897638 0 -0.440945 
vn -0.968504 0 -0.259843 
vn -0.968504 0 -0.259843 

vt 1.25 -1.5 
vt 1.42678 -1.67678 
vt 1.38867 -1.70801 
vt 1.32906 -1.73717 
vt 1.25 -1.75 
vt 1.17094 -1.73717 
vt 1.11132 -1.70801 
vt 1.07322 -1.67678 
vt 1.07322 -1.67678 
vt 1.04199 -1.63867 
vt 1.01283 -1.57906 
vt 1 -1.5 
vt 1.01283 -1.42094 
vt 1.04199 -1.36133 
vt 1.07322 -1.32322 
vt 1.07322 -1.32322 
vt 1.11132 -1.29199 
vt 1.17094 -1.26283 
vt 1.25 -1.25 
vt 1.32906 -1.26283 
vt 1.38868 -1.29199 
vt 1.42678 -1.32322 
vt 1.42678 -1.32322 
vt 1.45801 -1.36133 
vt 1.48717 -1.42094 
vt 1.5 -1.5 
vt 1.48717 -1.57906 
vt 1.45801 -1.63867 
vt 1.42678 -1.67678 
vt 2.45 -3.5 
vt 2 -3.5 
vt 2.45 -3.58333 
vt 2 -3.58333 
vt 2.45 -3.66667 
vt 2 -3.66667 
vt 2.45 -3.75 
vt 2 -3.75 
vt 2.45 -3.83333 
vt 2 -3.83333 
vt 2.45 -3.91667 
vt 2 -3.91667 
vt 2.45 -4 
vt 2 -4 
vt 2.45 -3.5 
vt 2 -3.5 
vt 2.45 -3.58333 
vt 2 -3.58333 
vt 2.45 -3.66667 
vt 2 -3.66667 
vt 2.45 -3.75 
vt 2 -3.75 
vt 2.45 -3.83333 
vt 2 -3.83333 
vt 2.45 -3.91667 
vt 2 -3.91667 
vt 2.45 -4 
vt 2 -4 
vt 1.25 -1.5 
vt 1.07322 -1.32322 
vt 1.11132 -1.29199 
vt 1.17094 -1.26283 
vt 1.25 -1.25 
vt 1.32906 -1.26283 
vt 1.38868 -1.29199 
vt 1.42678 -1.32322 
vt 1.42678 -1.32322 
vt 1.45801 -1.36133 
vt 1.48717 -1.42094 
vt 1.5 -1.5 
vt 1.48717 -1.57906 
vt 1.45801 -1.63867 
vt 1.42678 -1.67678 
vt 1.42678 -1.67678 
vt 1.38867 -1.70801 
vt 1.32906 -1.73717 
vt 1.25 -1.75 
vt 1.17094 -1.73717 
vt 1.11132 -1.70801 
vt 1.07322 -1.67678 
vt 1.07322 -1.67678 
vt 1.04199 -1.63867 
vt 1.01283 -1.57906 
vt 1 -1.5 
vt 1.01283 -1.42094 
vt 1.04199 -1.36133 
vt 1.07322 -1.32322 
vt 2.45 -3.5 
vt 2 -3.5 
vt 2.45 -3.58333 
vt 2 -3.58333 
vt 2.45 -3.66667 
vt 2 -3.66667 
vt 2.45 -3.75 
vt 2 -3.75 
vt 2.45 -3.83333 
vt 2 -3.83333 
vt 2.45 -3.91667 
vt 2 -3.91667 
vt 2.45 -4 
vt 2 -4 
vt 2.45 -3.5 
vt 2 -3.5 
vt 2.45 -3.58333 
vt 2 -3.58333 
vt 2.45 -3.66667 
vt 2 -3.66667 
vt 2.45 -3.75 
vt 2 -3.75 
vt 2.45 -3.83333 
vt 2 -3.83333 
vt 2.45 -3.91667 
vt 2 -3.91667 
vt 2.45 -4 
vt 2 -4 

usemtl Part70Mtl

f 3741/3741/3741 3743/3743/3743 3742/3742/3742 
f 3741/3741/3741 3744/3744/3744 3743/3743/3743 
f 3741/3741/3741 3745/3745/3745 3744/3744/3744 
f 3741/3741/3741 3746/3746/3746 3745/3745/3745 
f 3741/3741/3741 3747/3747/3747 3746/3746/3746 
f 3741/3741/3741 3748/3748/3748 3747/3747/3747 
f 3741/3741/3741 3750/3750/3750 3749/3749/3749 
f 3741/3741/3741 3751/3751/3751 3750/3750/3750 
f 3741/3741/3741 3752/3752/3752 3751/3751/3751 
f 3741/3741/3741 3753/3753/3753 3752/3752/3752 
f 3741/3741/3741 3754/3754/3754 3753/3753/3753 
f 3741/3741/3741 3755/3755/3755 3754/3754/3754 
f 3741/3741/3741 3757/3757/3757 3756/3756/3756 
f 3741/3741/3741 3758/3758/3758 3757/3757/3757 
f 3741/3741/3741 3759/3759/3759 3758/3758/3758 
f 3741/3741/3741 3760/3760/3760 3759/3759/3759 
f 3741/3741/3741 3761/3761/3761 3760/3760/3760 
f 3741/3741/3741 3762/3762/3762 3761/3761/3761 
f 3741/3741/3741 3764/3764/3764 3763/3763/3763 
f 3741/3741/3741 3765/3765/3765 3764/3764/3764 
f 3741/3741/3741 3766/3766/3766 3765/3765/3765 
f 3741/3741/3741 3767/3767/3767 3766/3766/3766 
f 3741/3741/3741 3768/3768/3768 3767/3767/3767 
f 3741/3741/3741 3769/3769/3769 3768/3768/3768 
f 3770/3770/3770 3771/3771/3771 3772/3772/3772 
f 3772/3772/3772 3771/3771/3771 3773/3773/3773 
f 3772/3772/3772 3773/3773/3773 3774/3774/3774 
f 3774/3774/3774 3773/3773/3773 3775/3775/3775 
f 3774/3774/3774 3775/3775/3775 3776/3776/3776 
f 3776/3776/3776 3775/3775/3775 3777/3777/3777 
f 3776/3776/3776 3777/3777/3777 3778/3778/3778 
f 3778/3778/3778 3777/3777/3777 3779/3779/3779 
f 3778/3778/3778 3779/3779/3779 3780/3780/3780 
f 3780/3780/3780 3779/3779/3779 3781/3781/3781 
f 3780/3780/3780 3781/3781/3781 3782/3782/3782 
f 3782/3782/3782 3781/3781/3781 3783/3783/3783 
f 3784/3784/3784 3785/3785/3785 3786/3786/3786 
f 3786/3786/3786 3785/3785/3785 3787/3787/3787 
f 3786/3786/3786 3787/3787/3787 3788/3788/3788 
f 3788/3788/3788 3787/3787/3787 3789/3789/3789 
f 3788/3788/3788 3789/3789/3789 3790/3790/3790 
f 3790/3790/3790 3789/3789/3789 3791/3791/3791 
f 3790/3790/3790 3791/3791/3791 3792/3792/3792 
f 3792/3792/3792 3791/3791/3791 3793/3793/3793 
f 3792/3792/3792 3793/3793/3793 3794/3794/3794 
f 3794/3794/3794 3793/3793/3793 3795/3795/3795 
f 3794/3794/3794 3795/3795/3795 3796/3796/3796 
f 3796/3796/3796 3795/3795/3795 3797/3797/3797 
f 3798/3798/3798 3800/3800/3800 3799/3799/3799 
f 3798/3798/3798 3801/3801/3801 3800/3800/3800 
f 3798/3798/3798 3802/3802/3802 3801/3801/3801 
f 3798/3798/3798 3803/3803/3803 3802/3802/3802 
f 3798/3798/3798 3804/3804/3804 3803/3803/3803 
f 3798/3798/3798 3805/3805/3805 3804/3804/3804 
f 3798/3798/3798 3807/3807/3807 3806/3806/3806 
f 3798/3798/3798 3808/3808/3808 3807/3807/3807 
f 3798/3798/3798 3809/3809/3809 3808/3808/3808 
f 3798/3798/3798 3810/3810/3810 3809/3809/3809 
f 3798/3798/3798 3811/3811/3811 3810/3810/3810 
f 3798/3798/3798 3812/3812/3812 3811/3811/3811 
f 3798/3798/3798 3814/3814/3814 3813/3813/3813 
f 3798/3798/3798 3815/3815/3815 3814/3814/3814 
f 3798/3798/3798 3816/3816/3816 3815/3815/3815 
f 3798/3798/3798 3817/3817/3817 3816/3816/3816 
f 3798/3798/3798 3818/3818/3818 3817/3817/3817 
f 3798/3798/3798 3819/3819/3819 3818/3818/3818 
f 3798/3798/3798 3821/3821/3821 3820/3820/3820 
f 3798/3798/3798 3822/3822/3822 3821/3821/3821 
f 3798/3798/3798 3823/3823/3823 3822/3822/3822 
f 3798/3798/3798 3824/3824/3824 3823/3823/3823 
f 3798/3798/3798 3825/3825/3825 3824/3824/3824 
f 3798/3798/3798 3826/3826/3826 3825/3825/3825 
f 3827/3827/3827 3828/3828/3828 3829/3829/3829 
f 3829/3829/3829 3828/3828/3828 3830/3830/3830 
f 3829/3829/3829 3830/3830/3830 3831/3831/3831 
f 3831/3831/3831 3830/3830/3830 3832/3832/3832 
f 3831/3831/3831 3832/3832/3832 3833/3833/3833 
f 3833/3833/3833 3832/3832/3832 3834/3834/3834 
f 3833/3833/3833 3834/3834/3834 3835/3835/3835 
f 3835/3835/3835 3834/3834/3834 3836/3836/3836 
f 3835/3835/3835 3836/3836/3836 3837/3837/3837 
f 3837/3837/3837 3836/3836/3836 3838/3838/3838 
f 3837/3837/3837 3838/3838/3838 3839/3839/3839 
f 3839/3839/3839 3838/3838/3838 3840/3840/3840 
f 3841/3841/3841 3842/3842/3842 3843/3843/3843 
f 3843/3843/3843 3842/3842/3842 3844/3844/3844 
f 3843/3843/3843 3844/3844/3844 3845/3845/3845 
f 3845/3845/3845 3844/3844/3844 3846/3846/3846 
f 3845/3845/3845 3846/3846/3846 3847/3847/3847 
f 3847/3847/3847 3846/3846/3846 3848/3848/3848 
f 3847/3847/3847 3848/3848/3848 3849/3849/3849 
f 3849/3849/3849 3848/3848/3848 3850/3850/3850 
f 3849/3849/3849 3850/3850/3850 3851/3851/3851 
f 3851/3851/3851 3850/3850/3850 3852/3852/3852 
f 3851/3851/3851 3852/3852/3852 3853/3853/3853 
f 3853/3853/3853 3852/3852/3852 3854/3854/3854 

g Part96

v 19.7137 7.90285 35.0353 
v 19.8439 7.90168 35.1099 
v 19.8499 7.92583 35.094 
v 19.8496 7.95681 35.0689 
v 19.8365 7.989 35.0357 
v 19.8109 8.01234 35.0025 
v 19.7819 8.02323 34.9774 
v 19.7573 8.02585 34.9613 
v 19.7573 8.02585 34.9613 
v 19.7309 8.02369 34.9481 
v 19.6945 8.01339 34.9358 
v 19.6525 7.99065 34.9303 
v 19.6168 7.9589 34.9355 
v 19.5947 7.92811 34.9477 
v 19.5836 7.90401 34.9607 
v 19.5836 7.90401 34.9607 
v 19.5776 7.87987 34.9767 
v 19.5779 7.84888 35.0017 
v 19.5909 7.8167 35.0349 
v 19.6166 7.79335 35.0682 
v 19.6455 7.78246 35.0933 
v 19.6702 7.77985 35.1093 
v 19.6702 7.77985 35.1093 
v 19.6966 7.78201 35.1225 
v 19.733 7.79231 35.1349 
v 19.775 7.81505 35.1404 
v 19.8107 7.8468 35.1351 
v 19.8328 7.87758 35.123 
v 19.8439 7.90168 35.1099 
v 18.7008 9.15334 36.8221 
v 19.6702 7.77985 35.1093 
v 18.7271 9.1555 36.8353 
v 19.6966 7.78201 35.1225 
v 18.7636 9.1658 36.8477 
v 19.733 7.79231 35.1349 
v 18.8055 9.18854 36.8532 
v 19.775 7.81505 35.1404 
v 18.8412 9.22029 36.8479 
v 19.8107 7.8468 35.1351 
v 18.8634 9.25108 36.8358 
v 19.8328 7.87758 35.123 
v 18.8744 9.27518 36.8227 
v 19.8439 7.90168 35.1099 
v 19.6702 7.77985 35.1093 
v 18.7008 9.15334 36.8221 
v 19.6455 7.78246 35.0933 
v 18.6761 9.15596 36.8061 
v 19.6166 7.79335 35.0682 
v 18.6472 9.16685 36.781 
v 19.5909 7.8167 35.0349 
v 18.6215 9.19019 36.7477 
v 19.5779 7.84888 35.0017 
v 18.6084 9.22238 36.7145 
v 19.5776 7.87987 34.9767 
v 18.6081 9.25336 36.6895 
v 19.5836 7.90401 34.9607 
v 18.6141 9.27751 36.6735 
v 18.7443 9.27634 36.7481 
v 18.7008 9.15334 36.8221 
v 18.6761 9.15596 36.8061 
v 18.6472 9.16685 36.781 
v 18.6215 9.19019 36.7477 
v 18.6084 9.22238 36.7145 
v 18.6081 9.25336 36.6895 
v 18.6141 9.27751 36.6735 
v 18.6141 9.27751 36.6735 
v 18.6252 9.30161 36.6605 
v 18.6474 9.33239 36.6483 
v 18.683 9.36414 36.6431 
v 18.725 9.38688 36.6486 
v 18.7614 9.39718 36.6609 
v 18.7878 9.39934 36.6741 
v 18.7878 9.39934 36.6741 
v 18.8125 9.39673 36.6902 
v 18.8414 9.38584 36.7153 
v 18.8671 9.36249 36.7485 
v 18.8801 9.33031 36.7817 
v 18.8804 9.29932 36.8068 
v 18.8744 9.27518 36.8227 
v 18.8744 9.27518 36.8227 
v 18.8634 9.25108 36.8358 
v 18.8412 9.22029 36.8479 
v 18.8055 9.18854 36.8532 
v 18.7636 9.1658 36.8477 
v 18.7271 9.1555 36.8353 
v 18.7008 9.15334 36.8221 
v 18.7878 9.39934 36.6741 
v 19.7573 8.02585 34.9613 
v 18.7614 9.39718 36.6609 
v 19.7309 8.02369 34.9481 
v 18.725 9.38688 36.6486 
v 19.6945 8.01339 34.9358 
v 18.683 9.36414 36.6431 
v 19.6525 7.99065 34.9303 
v 18.6474 9.33239 36.6483 
v 19.6168 7.9589 34.9355 
v 18.6252 9.30161 36.6605 
v 19.5947 7.92811 34.9477 
v 18.6141 9.27751 36.6735 
v 19.5836 7.90401 34.9607 
v 18.8744 9.27518 36.8227 
v 19.8439 7.90168 35.1099 
v 18.8804 9.29932 36.8068 
v 19.8499 7.92583 35.094 
v 18.8801 9.33031 36.7817 
v 19.8496 7.95681 35.0689 
v 18.8671 9.36249 36.7485 
v 19.8365 7.989 35.0357 
v 18.8414 9.38584 36.7153 
v 19.8109 8.01234 35.0025 
v 18.8125 9.39673 36.6902 
v 19.7819 8.02323 34.9774 
v 18.7878 9.39934 36.6741 
v 19.7573 8.02585 34.9613 

vn 0.401575 -0.574803 -0.716535 
vn 0.401575 -0.574803 -0.716535 
vn 0.401575 -0.574803 -0.716535 
vn 0.401575 -0.574803 -0.716535 
vn 0.401575 -0.574803 -0.716535 
vn 0.401575 -0.574803 -0.716535 
vn 0.401575 -0.574803 -0.716535 
vn 0.401575 -0.574803 -0.716535 
vn 0.401575 -0.574803 -0.716535 
vn 0.401575 -0.574803 -0.716535 
vn 0.401575 -0.574803 -0.716535 
vn 0.401575 -0.574803 -0.716535 
vn 0.401575 -0.574803 -0.716535 
vn 0.401575 -0.574803 -0.716535 
vn 0.401575 -0.574803 -0.716535 
vn 0.401575 -0.574803 -0.716535 
vn 0.401575 -0.574803 -0.716535 
vn 0.401575 -0.574803 -0.716535 
vn 0.401575 -0.574803 -0.716535 
vn 0.401575 -0.574803 -0.716535 
vn 0.401575 -0.574803 -0.716535 
vn 0.401575 -0.574803 -0.716535 
vn 0.401575 -0.574803 -0.716535 
vn 0.401575 -0.574803 -0.716535 
vn 0.401575 -0.574803 -0.716535 
vn 0.401575 -0.574803 -0.716535 
vn 0.401575 -0.574803 -0.716535 
vn 0.401575 -0.574803 -0.716535 
vn 0.401575 -0.574803 -0.716535 
vn -0.291339 -0.818898 0.496063 
vn -0.291339 -0.818898 0.496063 
vn -0.11811 -0.80315 0.582677 
vn -0.11811 -0.80315 0.582677 
vn 0.125984 -0.740157 0.661417 
vn 0.125984 -0.740157 0.661417 
vn 0.409449 -0.582677 0.700787 
vn 0.409449 -0.582677 0.700787 
vn 0.645669 -0.370079 0.669291 
vn 0.645669 -0.370079 0.669291 
vn 0.795276 -0.165354 0.582677 
vn 0.795276 -0.165354 0.582677 
vn 0.866142 -0.00787402 0.496063 
vn 0.866142 -0.00787402 0.496063 
vn -0.291339 -0.818898 0.496063 
vn -0.291339 -0.818898 0.496063 
vn -0.456693 -0.80315 0.385827 
vn -0.456693 -0.80315 0.385827 
vn -0.645669 -0.732283 0.220472 
vn -0.645669 -0.732283 0.220472 
vn -0.818898 -0.574803 0 
vn -0.818898 -0.574803 0 
vn -0.905512 -0.362205 -0.220472 
vn -0.905512 -0.362205 -0.220472 
vn -0.905512 -0.149606 -0.393701 
vn -0.905512 -0.149606 -0.393701 
vn -0.866142 0.00787402 -0.496063 
vn -0.866142 0.00787402 -0.496063 
vn -0.401575 0.574803 0.716535 
vn -0.401575 0.574803 0.716535 
vn -0.401575 0.574803 0.716535 
vn -0.401575 0.574803 0.716535 
vn -0.401575 0.574803 0.716535 
vn -0.401575 0.574803 0.716535 
vn -0.401575 0.574803 0.716535 
vn -0.401575 0.574803 0.716535 
vn -0.401575 0.574803 0.716535 
vn -0.401575 0.574803 0.716535 
vn -0.401575 0.574803 0.716535 
vn -0.401575 0.574803 0.716535 
vn -0.401575 0.574803 0.716535 
vn -0.401575 0.574803 0.716535 
vn -0.401575 0.574803 0.716535 
vn -0.401575 0.574803 0.716535 
vn -0.401575 0.574803 0.716535 
vn -0.401575 0.574803 0.716535 
vn -0.401575 0.574803 0.716535 
vn -0.401575 0.574803 0.716535 
vn -0.401575 0.574803 0.716535 
vn -0.401575 0.574803 0.716535 
vn -0.401575 0.574803 0.716535 
vn -0.401575 0.574803 0.716535 
vn -0.401575 0.574803 0.716535 
vn -0.401575 0.574803 0.716535 
vn -0.401575 0.574803 0.716535 
vn -0.401575 0.574803 0.716535 
vn -0.401575 0.574803 0.716535 
vn 0.291339 0.818898 -0.496063 
vn 0.291339 0.818898 -0.496063 
vn 0.11811 0.80315 -0.582677 
vn 0.11811 0.80315 -0.582677 
vn -0.125984 0.740157 -0.661417 
vn -0.125984 0.740157 -0.661417 
vn -0.409449 0.582677 -0.700787 
vn -0.409449 0.582677 -0.700787 
vn -0.645669 0.370079 -0.669291 
vn -0.645669 0.370079 -0.669291 
vn -0.795276 0.165354 -0.582677 
vn -0.795276 0.165354 -0.582677 
vn -0.866142 0.00787402 -0.496063 
vn -0.866142 0.00787402 -0.496063 
vn 0.866142 -0.00787402 0.496063 
vn 0.866142 -0.00787402 0.496063 
vn 0.905512 0.149606 0.393701 
vn 0.905512 0.149606 0.393701 
vn 0.905512 0.362205 0.220472 
vn 0.905512 0.362205 0.220472 
vn 0.818898 0.574803 0 
vn 0.818898 0.574803 0 
vn 0.645669 0.732283 -0.220472 
vn 0.645669 0.732283 -0.220472 
vn 0.456693 0.80315 -0.385827 
vn 0.456693 0.80315 -0.385827 
vn 0.291339 0.818898 -0.496063 
vn 0.291339 0.818898 -0.496063 

vt 1.76875 0.73125 
vt 1.78201 0.717992 
vt 1.77915 0.715649 
vt 1.77468 0.713462 
vt 1.76875 0.7125 
vt 1.76282 0.713462 
vt 1.75835 0.715649 
vt 1.75549 0.717992 
vt 1.75549 0.717992 
vt 1.75315 0.720849 
vt 1.75096 0.725321 
vt 1.75 0.73125 
vt 1.75096 0.737179 
vt 1.75315 0.741651 
vt 1.75549 0.744508 
vt 1.75549 0.744508 
vt 1.75835 0.746851 
vt 1.76282 0.749038 
vt 1.76875 0.75 
vt 1.77468 0.749038 
vt 1.77915 0.746851 
vt 1.78201 0.744508 
vt 1.78201 0.744508 
vt 1.78435 0.741651 
vt 1.78654 0.737179 
vt 1.7875 0.73125 
vt 1.78654 0.725321 
vt 1.78435 0.720849 
vt 1.78201 0.717992 
vt 3.8 0.5 
vt 3.5 0.5 
vt 3.8 0.49375 
vt 3.5 0.49375 
vt 3.8 0.4875 
vt 3.5 0.4875 
vt 3.8 0.48125 
vt 3.5 0.48125 
vt 3.8 0.475 
vt 3.5 0.475 
vt 3.8 0.46875 
vt 3.5 0.46875 
vt 3.8 0.4625 
vt 3.5 0.4625 
vt 3.8 0.5 
vt 3.5 0.5 
vt 3.8 0.49375 
vt 3.5 0.49375 
vt 3.8 0.4875 
vt 3.5 0.4875 
vt 3.8 0.48125 
vt 3.5 0.48125 
vt 3.8 0.475 
vt 3.5 0.475 
vt 3.8 0.46875 
vt 3.5 0.46875 
vt 3.8 0.4625 
vt 3.5 0.4625 
vt 1.76875 0.73125 
vt 1.75549 0.744508 
vt 1.75835 0.746851 
vt 1.76282 0.749038 
vt 1.76875 0.75 
vt 1.77468 0.749038 
vt 1.77915 0.746851 
vt 1.78201 0.744508 
vt 1.78201 0.744508 
vt 1.78435 0.741651 
vt 1.78654 0.737179 
vt 1.7875 0.73125 
vt 1.78654 0.725321 
vt 1.78435 0.720849 
vt 1.78201 0.717992 
vt 1.78201 0.717992 
vt 1.77915 0.715649 
vt 1.77468 0.713462 
vt 1.76875 0.7125 
vt 1.76282 0.713462 
vt 1.75835 0.715649 
vt 1.75549 0.717992 
vt 1.75549 0.717992 
vt 1.75315 0.720849 
vt 1.75096 0.725321 
vt 1.75 0.73125 
vt 1.75096 0.737179 
vt 1.75315 0.741651 
vt 1.75549 0.744508 
vt 3.8 0.5 
vt 3.5 0.5 
vt 3.8 0.49375 
vt 3.5 0.49375 
vt 3.8 0.4875 
vt 3.5 0.4875 
vt 3.8 0.48125 
vt 3.5 0.48125 
vt 3.8 0.475 
vt 3.5 0.475 
vt 3.8 0.46875 
vt 3.5 0.46875 
vt 3.8 0.4625 
vt 3.5 0.4625 
vt 3.8 0.5 
vt 3.5 0.5 
vt 3.8 0.49375 
vt 3.5 0.49375 
vt 3.8 0.4875 
vt 3.5 0.4875 
vt 3.8 0.48125 
vt 3.5 0.48125 
vt 3.8 0.475 
vt 3.5 0.475 
vt 3.8 0.46875 
vt 3.5 0.46875 
vt 3.8 0.4625 
vt 3.5 0.4625 

usemtl Part72Mtl

f 3855/3855/3855 3857/3857/3857 3856/3856/3856 
f 3855/3855/3855 3858/3858/3858 3857/3857/3857 
f 3855/3855/3855 3859/3859/3859 3858/3858/3858 
f 3855/3855/3855 3860/3860/3860 3859/3859/3859 
f 3855/3855/3855 3861/3861/3861 3860/3860/3860 
f 3855/3855/3855 3862/3862/3862 3861/3861/3861 
f 3855/3855/3855 3864/3864/3864 3863/3863/3863 
f 3855/3855/3855 3865/3865/3865 3864/3864/3864 
f 3855/3855/3855 3866/3866/3866 3865/3865/3865 
f 3855/3855/3855 3867/3867/3867 3866/3866/3866 
f 3855/3855/3855 3868/3868/3868 3867/3867/3867 
f 3855/3855/3855 3869/3869/3869 3868/3868/3868 
f 3855/3855/3855 3871/3871/3871 3870/3870/3870 
f 3855/3855/3855 3872/3872/3872 3871/3871/3871 
f 3855/3855/3855 3873/3873/3873 3872/3872/3872 
f 3855/3855/3855 3874/3874/3874 3873/3873/3873 
f 3855/3855/3855 3875/3875/3875 3874/3874/3874 
f 3855/3855/3855 3876/3876/3876 3875/3875/3875 
f 3855/3855/3855 3878/3878/3878 3877/3877/3877 
f 3855/3855/3855 3879/3879/3879 3878/3878/3878 
f 3855/3855/3855 3880/3880/3880 3879/3879/3879 
f 3855/3855/3855 3881/3881/3881 3880/3880/3880 
f 3855/3855/3855 3882/3882/3882 3881/3881/3881 
f 3855/3855/3855 3883/3883/3883 3882/3882/3882 
f 3884/3884/3884 3885/3885/3885 3886/3886/3886 
f 3886/3886/3886 3885/3885/3885 3887/3887/3887 
f 3886/3886/3886 3887/3887/3887 3888/3888/3888 
f 3888/3888/3888 3887/3887/3887 3889/3889/3889 
f 3888/3888/3888 3889/3889/3889 3890/3890/3890 
f 3890/3890/3890 3889/3889/3889 3891/3891/3891 
f 3890/3890/3890 3891/3891/3891 3892/3892/3892 
f 3892/3892/3892 3891/3891/3891 3893/3893/3893 
f 3892/3892/3892 3893/3893/3893 3894/3894/3894 
f 3894/3894/3894 3893/3893/3893 3895/3895/3895 
f 3894/3894/3894 3895/3895/3895 3896/3896/3896 
f 3896/3896/3896 3895/3895/3895 3897/3897/3897 
f 3898/3898/3898 3899/3899/3899 3900/3900/3900 
f 3900/3900/3900 3899/3899/3899 3901/3901/3901 
f 3900/3900/3900 3901/3901/3901 3902/3902/3902 
f 3902/3902/3902 3901/3901/3901 3903/3903/3903 
f 3902/3902/3902 3903/3903/3903 3904/3904/3904 
f 3904/3904/3904 3903/3903/3903 3905/3905/3905 
f 3904/3904/3904 3905/3905/3905 3906/3906/3906 
f 3906/3906/3906 3905/3905/3905 3907/3907/3907 
f 3906/3906/3906 3907/3907/3907 3908/3908/3908 
f 3908/3908/3908 3907/3907/3907 3909/3909/3909 
f 3908/3908/3908 3909/3909/3909 3910/3910/3910 
f 3910/3910/3910 3909/3909/3909 3911/3911/3911 
f 3912/3912/3912 3914/3914/3914 3913/3913/3913 
f 3912/3912/3912 3915/3915/3915 3914/3914/3914 
f 3912/3912/3912 3916/3916/3916 3915/3915/3915 
f 3912/3912/3912 3917/3917/3917 3916/3916/3916 
f 3912/3912/3912 3918/3918/3918 3917/3917/3917 
f 3912/3912/3912 3919/3919/3919 3918/3918/3918 
f 3912/3912/3912 3921/3921/3921 3920/3920/3920 
f 3912/3912/3912 3922/3922/3922 3921/3921/3921 
f 3912/3912/3912 3923/3923/3923 3922/3922/3922 
f 3912/3912/3912 3924/3924/3924 3923/3923/3923 
f 3912/3912/3912 3925/3925/3925 3924/3924/3924 
f 3912/3912/3912 3926/3926/3926 3925/3925/3925 
f 3912/3912/3912 3928/3928/3928 3927/3927/3927 
f 3912/3912/3912 3929/3929/3929 3928/3928/3928 
f 3912/3912/3912 3930/3930/3930 3929/3929/3929 
f 3912/3912/3912 3931/3931/3931 3930/3930/3930 
f 3912/3912/3912 3932/3932/3932 3931/3931/3931 
f 3912/3912/3912 3933/3933/3933 3932/3932/3932 
f 3912/3912/3912 3935/3935/3935 3934/3934/3934 
f 3912/3912/3912 3936/3936/3936 3935/3935/3935 
f 3912/3912/3912 3937/3937/3937 3936/3936/3936 
f 3912/3912/3912 3938/3938/3938 3937/3937/3937 
f 3912/3912/3912 3939/3939/3939 3938/3938/3938 
f 3912/3912/3912 3940/3940/3940 3939/3939/3939 
f 3941/3941/3941 3942/3942/3942 3943/3943/3943 
f 3943/3943/3943 3942/3942/3942 3944/3944/3944 
f 3943/3943/3943 3944/3944/3944 3945/3945/3945 
f 3945/3945/3945 3944/3944/3944 3946/3946/3946 
f 3945/3945/3945 3946/3946/3946 3947/3947/3947 
f 3947/3947/3947 3946/3946/3946 3948/3948/3948 
f 3947/3947/3947 3948/3948/3948 3949/3949/3949 
f 3949/3949/3949 3948/3948/3948 3950/3950/3950 
f 3949/3949/3949 3950/3950/3950 3951/3951/3951 
f 3951/3951/3951 3950/3950/3950 3952/3952/3952 
f 3951/3951/3951 3952/3952/3952 3953/3953/3953 
f 3953/3953/3953 3952/3952/3952 3954/3954/3954 
f 3955/3955/3955 3956/3956/3956 3957/3957/3957 
f 3957/3957/3957 3956/3956/3956 3958/3958/3958 
f 3957/3957/3957 3958/3958/3958 3959/3959/3959 
f 3959/3959/3959 3958/3958/3958 3960/3960/3960 
f 3959/3959/3959 3960/3960/3960 3961/3961/3961 
f 3961/3961/3961 3960/3960/3960 3962/3962/3962 
f 3961/3961/3961 3962/3962/3962 3963/3963/3963 
f 3963/3963/3963 3962/3962/3962 3964/3964/3964 
f 3963/3963/3963 3964/3964/3964 3965/3965/3965 
f 3965/3965/3965 3964/3964/3964 3966/3966/3966 
f 3965/3965/3965 3966/3966/3966 3967/3967/3967 
f 3967/3967/3967 3966/3966/3966 3968/3968/3968 

g Part97

v 18.6964 8.7702 36.8769 
v 18.6857 8.96691 37.8621 
v 18.4279 8.92987 37.8317 
v 18.9443 8.99055 37.8252 
v 19.186 8.99916 37.7238 
v 19.3943 8.99218 37.5646 
v 19.5551 8.97007 37.3586 
v 19.6573 8.93434 37.1197 
v 19.6941 8.88742 36.8643 
v 19.6629 8.83251 36.6097 
v 19.5658 8.77336 36.3734 
v 19.4094 8.71399 36.1714 
v 19.2045 8.65846 36.0174 
v 18.9649 8.61054 35.922 
v 18.707 8.5735 35.8917 
v 18.4484 8.54986 35.9286 
v 18.2067 8.54124 36.03 
v 17.9984 8.54823 36.1892 
v 17.8377 8.57034 36.3952 
v 17.7354 8.60607 36.6341 
v 17.6987 8.65299 36.8895 
v 17.7299 8.7079 37.1441 
v 17.827 8.76705 37.3804 
v 17.9834 8.82641 37.5824 
v 18.1883 8.88195 37.7364 
v 18.4279 8.92987 37.8317 
v 18.6079 9.51515 36.8037 
v 18.5887 9.51238 36.8014 
v 18.6857 8.96691 37.8621 
v 18.6272 9.51691 36.8009 
v 18.9443 8.99055 37.8252 
v 18.6453 9.51756 36.7934 
v 19.186 8.99916 37.7238 
v 18.6608 9.51703 36.7815 
v 19.3943 8.99218 37.5646 
v 18.6728 9.51538 36.7661 
v 19.5551 8.97007 37.3586 
v 18.6805 9.51272 36.7483 
v 19.6573 8.93434 37.1197 
v 18.6832 9.50921 36.7292 
v 19.6941 8.88742 36.8643 
v 18.6809 9.50511 36.7102 
v 19.6629 8.83251 36.6097 
v 18.6736 9.5007 36.6926 
v 19.5658 8.77336 36.3734 
v 18.662 9.49627 36.6775 
v 19.4094 8.71399 36.1714 
v 18.6467 9.49212 36.666 
v 19.2045 8.65846 36.0174 
v 18.6288 9.48854 36.6589 
v 18.9649 8.61054 35.922 
v 18.6095 9.48578 36.6566 
v 18.707 8.5735 35.8917 
v 18.5902 9.48401 36.6593 
v 18.4484 8.54986 35.9286 
v 18.5722 9.48337 36.6669 
v 18.2067 8.54124 36.03 
v 18.5566 9.48389 36.6788 
v 17.9984 8.54823 36.1892 
v 18.5446 9.48554 36.6942 
v 17.8377 8.57034 36.3952 
v 18.537 9.48821 36.712 
v 17.7354 8.60607 36.6341 
v 18.5342 9.49171 36.7311 
v 17.6987 8.65299 36.8895 
v 18.5366 9.49581 36.7501 
v 17.7299 8.7079 37.1441 
v 18.5438 9.50023 36.7677 
v 17.827 8.76705 37.3804 
v 18.5555 9.50466 36.7828 
v 17.9834 8.82641 37.5824 
v 18.5708 9.50881 36.7943 
v 18.1883 8.88195 37.7364 
v 18.6087 9.50046 36.7301 
v 18.5887 9.51238 36.8014 
v 18.6079 9.51515 36.8037 
v 18.6272 9.51691 36.8009 
v 18.6453 9.51756 36.7934 
v 18.6608 9.51703 36.7815 
v 18.6728 9.51538 36.7661 
v 18.6805 9.51272 36.7483 
v 18.6832 9.50921 36.7292 
v 18.6809 9.50511 36.7102 
v 18.6736 9.5007 36.6926 
v 18.662 9.49627 36.6775 
v 18.6467 9.49212 36.666 
v 18.6288 9.48854 36.6589 
v 18.6095 9.48578 36.6566 
v 18.5902 9.48401 36.6593 
v 18.5722 9.48337 36.6669 
v 18.5566 9.48389 36.6788 
v 18.5446 9.48554 36.6942 
v 18.537 9.48821 36.712 
v 18.5342 9.49171 36.7311 
v 18.5366 9.49581 36.7501 
v 18.5438 9.50023 36.7677 
v 18.5555 9.50466 36.7828 
v 18.5708 9.50881 36.7943 

vn 0.11811 -0.976378 0.19685 
vn 0.11811 -0.976378 0.19685 
vn 0.11811 -0.976378 0.19685 
vn 0.11811 -0.976378 0.19685 
vn 0.11811 -0.976378 0.19685 
vn 0.11811 -0.976378 0.19685 
vn 0.11811 -0.976378 0.19685 
vn 0.11811 -0.976378 0.19685 
vn 0.11811 -0.976378 0.19685 
vn 0.11811 -0.976378 0.19685 
vn 0.11811 -0.976378 0.19685 
vn 0.11811 -0.976378 0.19685 
vn 0.11811 -0.976378 0.19685 
vn 0.11811 -0.976378 0.19685 
vn 0.11811 -0.976378 0.19685 
vn 0.11811 -0.976378 0.19685 
vn 0.11811 -0.976378 0.19685 
vn 0.11811 -0.976378 0.19685 
vn 0.11811 -0.976378 0.19685 
vn 0.11811 -0.976378 0.19685 
vn 0.11811 -0.976378 0.19685 
vn 0.11811 -0.976378 0.19685 
vn 0.11811 -0.976378 0.19685 
vn 0.11811 -0.976378 0.19685 
vn 0.11811 -0.976378 0.19685 
vn 0.11811 -0.976378 0.19685 
vn -0.125984 0.874016 0.464567 
vn -0.283465 0.850394 0.440945 
vn 0.11811 -0.976378 0.19685 
vn 0.0393701 0.889764 0.448819 
vn 0.11811 -0.976378 0.19685 
vn 0.188976 0.897638 0.393701 
vn 0.11811 -0.976378 0.19685 
vn 0.322835 0.897638 0.299213 
vn 0.11811 -0.976378 0.19685 
vn 0.433071 0.88189 0.173228 
vn 0.11811 -0.976378 0.19685 
vn 0.503937 0.866142 0.023622 
vn 0.11811 -0.976378 0.19685 
vn 0.535433 0.834646 -0.133858 
vn 0.11811 -0.976378 0.19685 
vn 0.519685 0.80315 -0.291339 
vn 0.11811 -0.976378 0.19685 
vn 0.464567 0.76378 -0.440945 
vn 0.11811 -0.976378 0.19685 
vn 0.370079 0.732283 -0.574803 
vn 0.11811 -0.976378 0.19685 
vn 0.251969 0.692913 -0.677165 
vn 0.11811 -0.976378 0.19685 
vn 0.102362 0.661417 -0.740157 
vn 0.11811 -0.976378 0.19685 
vn -0.0551181 0.637795 -0.771654 
vn 0.11811 -0.976378 0.19685 
vn -0.220472 0.622047 -0.748031 
vn 0.11811 -0.976378 0.19685 
vn -0.370079 0.614173 -0.692913 
vn 0.11811 -0.976378 0.19685 
vn -0.503937 0.614173 -0.598425 
vn 0.11811 -0.976378 0.19685 
vn -0.614173 0.629921 -0.480315 
vn 0.11811 -0.976378 0.19685 
vn -0.685039 0.653543 -0.330709 
vn 0.11811 -0.976378 0.19685 
vn -0.716535 0.677165 -0.173228 
vn 0.11811 -0.976378 0.19685 
vn -0.700787 0.708661 -0.00787402 
vn 0.11811 -0.976378 0.19685 
vn -0.645669 0.748031 0.141732 
vn 0.11811 -0.976378 0.19685 
vn -0.559055 0.787402 0.267717 
vn 0.11811 -0.976378 0.19685 
vn -0.433071 0.818898 0.370079 
vn 0.11811 -0.976378 0.19685 
vn -0.11811 0.976378 -0.19685 
vn -0.283465 0.850394 0.440945 
vn -0.125984 0.874016 0.464567 
vn 0.0393701 0.889764 0.448819 
vn 0.188976 0.897638 0.393701 
vn 0.322835 0.897638 0.299213 
vn 0.433071 0.88189 0.173228 
vn 0.503937 0.866142 0.023622 
vn 0.535433 0.834646 -0.133858 
vn 0.519685 0.80315 -0.291339 
vn 0.464567 0.76378 -0.440945 
vn 0.370079 0.732283 -0.574803 
vn 0.251969 0.692913 -0.677165 
vn 0.102362 0.661417 -0.740157 
vn -0.0551181 0.637795 -0.771654 
vn -0.220472 0.622047 -0.748031 
vn -0.370079 0.614173 -0.692913 
vn -0.503937 0.614173 -0.598425 
vn -0.614173 0.629921 -0.480315 
vn -0.685039 0.653543 -0.330709 
vn -0.716535 0.677165 -0.173228 
vn -0.700787 0.708661 -0.00787402 
vn -0.645669 0.748031 0.141732 
vn -0.559055 0.787402 0.267717 
vn -0.433071 0.818898 0.370079 

vt 0.0640455 0.935955 
vt 0.125909 0.952531 
vt 0.128091 0.935955 
vt 0.119511 0.967977 
vt 0.109333 0.981242 
vt 0.0960682 0.99142 
vt 0.0806217 0.997818 
vt 0.0640455 1 
vt 0.0474693 0.997818 
vt 0.0320227 0.99142 
vt 0.0187585 0.981241 
vt 0.00858049 0.967977 
vt 0.00218231 0.952531 
vt 0 0.935955 
vt 0.00218231 0.919378 
vt 0.00858044 0.903932 
vt 0.0187585 0.890668 
vt 0.0320227 0.88049 
vt 0.0474693 0.874091 
vt 0.0640455 0.871909 
vt 0.0806217 0.874091 
vt 0.0960682 0.880489 
vt 0.109332 0.890667 
vt 0.119511 0.903932 
vt 0.125909 0.919378 
vt 0.162689 0.754765 
vt 0.393986 0.438217 
vt 0.399823 0.444023 
vt 0.0845061 0.676996 
vt 0.389851 0.431099 
vt 0.0291159 0.581642 
vt 0.3877 0.423153 
vt 0.000292397 0.475201 
vt 0.387678 0.41492 
vt 0 0.364927 
vt 0.389787 0.406963 
vt 0.0282586 0.258335 
vt 0.393885 0.399823 
vt 0.0831424 0.162688 
vt 0.39969 0.393986 
vt 0.160911 0.0845061 
vt 0.406809 0.389851 
vt 0.256265 0.0291158 
vt 0.414755 0.3877 
vt 0.362706 0.000292301 
vt 0.422987 0.387678 
vt 0.47298 0 
vt 0.430944 0.389787 
vt 0.579572 0.0282585 
vt 0.438084 0.393885 
vt 0.675219 0.0831422 
vt 0.443921 0.39969 
vt 0.753401 0.160911 
vt 0.448056 0.406809 
vt 0.808791 0.256265 
vt 0.450208 0.414755 
vt 0.837615 0.362706 
vt 0.450229 0.422987 
vt 0.837907 0.47298 
vt 0.44812 0.430944 
vt 0.809649 0.579572 
vt 0.444023 0.438084 
vt 0.754765 0.675219 
vt 0.438217 0.443921 
vt 0.676996 0.753401 
vt 0.431099 0.448056 
vt 0.581642 0.808791 
vt 0.423153 0.450208 
vt 0.475202 0.837615 
vt 0.414921 0.450229 
vt 0.364927 0.837907 
vt 0.406963 0.44812 
vt 0.258335 0.809649 
vt 0.903823 0.031914 
vt 0.871909 0.031914 
vt 0.872997 0.023654 
vt 0.876185 0.0159569 
vt 0.881257 0.00934732 
vt 0.887866 0.00427568 
vt 0.895563 0.00108743 
vt 0.903823 0 
vt 0.912083 0.00108743 
vt 0.91978 0.00427568 
vt 0.92639 0.00934732 
vt 0.931462 0.0159569 
vt 0.93465 0.023654 
vt 0.935737 0.031914 
vt 0.93465 0.040174 
vt 0.931462 0.047871 
vt 0.92639 0.0544806 
vt 0.91978 0.0595523 
vt 0.912083 0.0627405 
vt 0.903823 0.063828 
vt 0.895563 0.0627405 
vt 0.887866 0.0595523 
vt 0.881257 0.0544807 
vt 0.876185 0.047871 
vt 0.872997 0.040174 

usemtl Wedge1Mtl

f 3969/3969/3969 3970/3970/3970 3971/3971/3971 
f 3969/3969/3969 3972/3972/3972 3970/3970/3970 
f 3969/3969/3969 3973/3973/3973 3972/3972/3972 
f 3969/3969/3969 3974/3974/3974 3973/3973/3973 
f 3969/3969/3969 3975/3975/3975 3974/3974/3974 
f 3969/3969/3969 3976/3976/3976 3975/3975/3975 
f 3969/3969/3969 3977/3977/3977 3976/3976/3976 
f 3969/3969/3969 3978/3978/3978 3977/3977/3977 
f 3969/3969/3969 3979/3979/3979 3978/3978/3978 
f 3969/3969/3969 3980/3980/3980 3979/3979/3979 
f 3969/3969/3969 3981/3981/3981 3980/3980/3980 
f 3969/3969/3969 3982/3982/3982 3981/3981/3981 
f 3969/3969/3969 3983/3983/3983 3982/3982/3982 
f 3969/3969/3969 3984/3984/3984 3983/3983/3983 
f 3969/3969/3969 3985/3985/3985 3984/3984/3984 
f 3969/3969/3969 3986/3986/3986 3985/3985/3985 
f 3969/3969/3969 3987/3987/3987 3986/3986/3986 
f 3969/3969/3969 3988/3988/3988 3987/3987/3987 
f 3969/3969/3969 3989/3989/3989 3988/3988/3988 
f 3969/3969/3969 3990/3990/3990 3989/3989/3989 
f 3969/3969/3969 3991/3991/3991 3990/3990/3990 
f 3969/3969/3969 3992/3992/3992 3991/3991/3991 
f 3969/3969/3969 3993/3993/3993 3992/3992/3992 
f 3969/3969/3969 3971/3971/3971 3993/3993/3993 
f 3994/3994/3994 3995/3995/3995 3996/3996/3996 
f 3994/3994/3994 3997/3997/3997 3995/3995/3995 
f 3997/3997/3997 3998/3998/3998 3995/3995/3995 
f 3997/3997/3997 3999/3999/3999 3998/3998/3998 
f 3999/3999/3999 4000/4000/4000 3998/3998/3998 
f 3999/3999/3999 4001/4001/4001 4000/4000/4000 
f 4001/4001/4001 4002/4002/4002 4000/4000/4000 
f 4001/4001/4001 4003/4003/4003 4002/4002/4002 
f 4003/4003/4003 4004/4004/4004 4002/4002/4002 
f 4003/4003/4003 4005/4005/4005 4004/4004/4004 
f 4005/4005/4005 4006/4006/4006 4004/4004/4004 
f 4005/4005/4005 4007/4007/4007 4006/4006/4006 
f 4007/4007/4007 4008/4008/4008 4006/4006/4006 
f 4007/4007/4007 4009/4009/4009 4008/4008/4008 
f 4009/4009/4009 4010/4010/4010 4008/4008/4008 
f 4009/4009/4009 4011/4011/4011 4010/4010/4010 
f 4011/4011/4011 4012/4012/4012 4010/4010/4010 
f 4011/4011/4011 4013/4013/4013 4012/4012/4012 
f 4013/4013/4013 4014/4014/4014 4012/4012/4012 
f 4013/4013/4013 4015/4015/4015 4014/4014/4014 
f 4015/4015/4015 4016/4016/4016 4014/4014/4014 
f 4015/4015/4015 4017/4017/4017 4016/4016/4016 
f 4017/4017/4017 4018/4018/4018 4016/4016/4016 
f 4017/4017/4017 4019/4019/4019 4018/4018/4018 
f 4019/4019/4019 4020/4020/4020 4018/4018/4018 
f 4019/4019/4019 4021/4021/4021 4020/4020/4020 
f 4021/4021/4021 4022/4022/4022 4020/4020/4020 
f 4021/4021/4021 4023/4023/4023 4022/4022/4022 
f 4023/4023/4023 4024/4024/4024 4022/4022/4022 
f 4023/4023/4023 4025/4025/4025 4024/4024/4024 
f 4025/4025/4025 4026/4026/4026 4024/4024/4024 
f 4025/4025/4025 4027/4027/4027 4026/4026/4026 
f 4027/4027/4027 4028/4028/4028 4026/4026/4026 
f 4027/4027/4027 4029/4029/4029 4028/4028/4028 
f 4029/4029/4029 4030/4030/4030 4028/4028/4028 
f 4029/4029/4029 4031/4031/4031 4030/4030/4030 
f 4031/4031/4031 4032/4032/4032 4030/4030/4030 
f 4031/4031/4031 4033/4033/4033 4032/4032/4032 
f 4033/4033/4033 4034/4034/4034 4032/4032/4032 
f 4033/4033/4033 4035/4035/4035 4034/4034/4034 
f 4035/4035/4035 4036/4036/4036 4034/4034/4034 
f 4035/4035/4035 4037/4037/4037 4036/4036/4036 
f 4037/4037/4037 4038/4038/4038 4036/4036/4036 
f 4037/4037/4037 4039/4039/4039 4038/4038/4038 
f 4039/4039/4039 4040/4040/4040 4038/4038/4038 
f 4039/4039/4039 4041/4041/4041 4040/4040/4040 
f 4041/4041/4041 3996/3996/3996 4040/4040/4040 
f 4041/4041/4041 3994/3994/3994 3996/3996/3996 
f 4042/4042/4042 4043/4043/4043 4044/4044/4044 
f 4042/4042/4042 4044/4044/4044 4045/4045/4045 
f 4042/4042/4042 4045/4045/4045 4046/4046/4046 
f 4042/4042/4042 4046/4046/4046 4047/4047/4047 
f 4042/4042/4042 4047/4047/4047 4048/4048/4048 
f 4042/4042/4042 4048/4048/4048 4049/4049/4049 
f 4042/4042/4042 4049/4049/4049 4050/4050/4050 
f 4042/4042/4042 4050/4050/4050 4051/4051/4051 
f 4042/4042/4042 4051/4051/4051 4052/4052/4052 
f 4042/4042/4042 4052/4052/4052 4053/4053/4053 
f 4042/4042/4042 4053/4053/4053 4054/4054/4054 
f 4042/4042/4042 4054/4054/4054 4055/4055/4055 
f 4042/4042/4042 4055/4055/4055 4056/4056/4056 
f 4042/4042/4042 4056/4056/4056 4057/4057/4057 
f 4042/4042/4042 4057/4057/4057 4058/4058/4058 
f 4042/4042/4042 4058/4058/4058 4059/4059/4059 
f 4042/4042/4042 4059/4059/4059 4060/4060/4060 
f 4042/4042/4042 4060/4060/4060 4061/4061/4061 
f 4042/4042/4042 4061/4061/4061 4062/4062/4062 
f 4042/4042/4042 4062/4062/4062 4063/4063/4063 
f 4042/4042/4042 4063/4063/4063 4064/4064/4064 
f 4042/4042/4042 4064/4064/4064 4065/4065/4065 
f 4042/4042/4042 4065/4065/4065 4066/4066/4066 
f 4042/4042/4042 4066/4066/4066 4043/4043/4043 

g Part98

v 4.81334 5.46801 46.6061 
v 4.99012 5.46803 46.4293 
v 4.95201 5.46802 46.3981 
v 4.89239 5.46801 46.3689 
v 4.81334 5.468 46.3561 
v 4.73428 5.46798 46.3689 
v 4.67466 5.46798 46.3981 
v 4.63656 5.46797 46.4293 
v 4.63656 5.46797 46.4293 
v 4.60533 5.46797 46.4674 
v 4.57617 5.46797 46.527 
v 4.56334 5.46797 46.6061 
v 4.57617 5.46798 46.6851 
v 4.60533 5.46799 46.7448 
v 4.63657 5.468 46.7829 
v 4.63657 5.468 46.7829 
v 4.67467 5.46801 46.8141 
v 4.73429 5.46802 46.8432 
v 4.81335 5.46803 46.8561 
v 4.89241 5.46805 46.8432 
v 4.95202 5.46805 46.8141 
v 4.99012 5.46806 46.7828 
v 4.99012 5.46806 46.7828 
v 5.02136 5.46806 46.7447 
v 5.05052 5.46806 46.6851 
v 5.06334 5.46805 46.6061 
v 5.05051 5.46805 46.527 
v 5.02135 5.46804 46.4674 
v 4.99012 5.46803 46.4293 
v 4.98948 9.46806 46.7825 
v 4.99012 5.46806 46.7828 
v 5.02072 9.46806 46.7444 
v 5.02136 5.46806 46.7447 
v 5.04987 9.46806 46.6848 
v 5.05052 5.46806 46.6851 
v 5.0627 9.46805 46.6058 
v 5.06334 5.46805 46.6061 
v 5.04987 9.46805 46.5267 
v 5.05051 5.46805 46.527 
v 5.02071 9.46804 46.4671 
v 5.02135 5.46804 46.4674 
v 4.98947 9.46803 46.429 
v 4.99012 5.46803 46.4293 
v 4.99012 5.46806 46.7828 
v 4.98948 9.46806 46.7825 
v 4.95202 5.46805 46.8141 
v 4.95138 9.46805 46.8138 
v 4.89241 5.46805 46.8432 
v 4.89177 9.46805 46.8429 
v 4.81335 5.46803 46.8561 
v 4.81271 9.46803 46.8558 
v 4.73429 5.46802 46.8432 
v 4.73365 9.46802 46.8429 
v 4.67467 5.46801 46.8141 
v 4.67403 9.46801 46.8138 
v 4.63657 5.468 46.7829 
v 4.63593 9.468 46.7825 
v 4.8127 9.46801 46.6058 
v 4.98948 9.46806 46.7825 
v 4.95138 9.46805 46.8138 
v 4.89177 9.46805 46.8429 
v 4.81271 9.46803 46.8558 
v 4.73365 9.46802 46.8429 
v 4.67403 9.46801 46.8138 
v 4.63593 9.468 46.7825 
v 4.63593 9.468 46.7825 
v 4.60469 9.46799 46.7444 
v 4.57553 9.46798 46.6848 
v 4.5627 9.46797 46.6058 
v 4.57553 9.46797 46.5267 
v 4.60469 9.46797 46.4671 
v 4.63592 9.46797 46.429 
v 4.63592 9.46797 46.429 
v 4.67402 9.46798 46.3978 
v 4.73364 9.46798 46.3686 
v 4.8127 9.46799 46.3558 
v 4.89175 9.46801 46.3686 
v 4.95137 9.46802 46.3977 
v 4.98947 9.46803 46.429 
v 4.98947 9.46803 46.429 
v 5.02071 9.46804 46.4671 
v 5.04987 9.46805 46.5267 
v 5.0627 9.46805 46.6058 
v 5.04987 9.46806 46.6848 
v 5.02072 9.46806 46.7444 
v 4.98948 9.46806 46.7825 
v 4.63592 9.46797 46.429 
v 4.63656 5.46797 46.4293 
v 4.60469 9.46797 46.4671 
v 4.60533 5.46797 46.4674 
v 4.57553 9.46797 46.5267 
v 4.57617 5.46797 46.527 
v 4.5627 9.46797 46.6058 
v 4.56334 5.46797 46.6061 
v 4.57553 9.46798 46.6848 
v 4.57617 5.46798 46.6851 
v 4.60469 9.46799 46.7444 
v 4.60533 5.46799 46.7448 
v 4.63593 9.468 46.7825 
v 4.63657 5.468 46.7829 
v 4.98947 9.46803 46.429 
v 4.99012 5.46803 46.4293 
v 4.95137 9.46802 46.3977 
v 4.95201 5.46802 46.3981 
v 4.89175 9.46801 46.3686 
v 4.89239 5.46801 46.3689 
v 4.8127 9.46799 46.3558 
v 4.81334 5.468 46.3561 
v 4.73364 9.46798 46.3686 
v 4.73428 5.46798 46.3689 
v 4.67402 9.46798 46.3978 
v 4.67466 5.46798 46.3981 
v 4.63592 9.46797 46.429 
v 4.63656 5.46797 46.4293 

vn 0 -1 0 
vn 0 -1 0 
vn 0 -1 0 
vn 0 -1 0 
vn 0 -1 0 
vn 0 -1 0 
vn 0 -1 0 
vn 0 -1 0 
vn 0 -1 0 
vn 0 -1 0 
vn 0 -1 0 
vn 0 -1 0 
vn 0 -1 0 
vn 0 -1 0 
vn 0 -1 0 
vn 0 -1 0 
vn 0 -1 0 
vn 0 -1 0 
vn 0 -1 0 
vn 0 -1 0 
vn 0 -1 0 
vn 0 -1 0 
vn 0 -1 0 
vn 0 -1 0 
vn 0 -1 0 
vn 0 -1 0 
vn 0 -1 0 
vn 0 -1 0 
vn 0 -1 0 
vn 0.708661 0 0.708661 
vn 0.708661 0 0.708661 
vn 0.834646 0 0.551181 
vn 0.834646 0 0.551181 
vn 0.944882 0 0.314961 
vn 0.944882 0 0.314961 
vn 1 0 0 
vn 1 0 0 
vn 0.944882 0 -0.314961 
vn 0.944882 0 -0.314961 
vn 0.834646 0 -0.551181 
vn 0.834646 0 -0.551181 
vn 0.708661 0 -0.708661 
vn 0.708661 0 -0.708661 
vn 0.708661 0 0.708661 
vn 0.708661 0 0.708661 
vn 0.551181 0 0.834646 
vn 0.551181 0 0.834646 
vn 0.314961 0 0.944882 
vn 0.314961 0 0.944882 
vn 0 0 1 
vn 0 0 1 
vn -0.314961 0 0.944882 
vn -0.314961 0 0.944882 
vn -0.551181 0 0.834646 
vn -0.551181 0 0.834646 
vn -0.708661 0 0.708661 
vn -0.708661 0 0.708661 
vn 0 1 0 
vn 0 1 0 
vn 0 1 0 
vn 0 1 0 
vn 0 1 0 
vn 0 1 0 
vn 0 1 0 
vn 0 1 0 
vn 0 1 0 
vn 0 1 0 
vn 0 1 0 
vn 0 1 0 
vn 0 1 0 
vn 0 1 0 
vn 0 1 0 
vn 0 1 0 
vn 0 1 0 
vn 0 1 0 
vn 0 1 0 
vn 0 1 0 
vn 0 1 0 
vn 0 1 0 
vn 0 1 0 
vn 0 1 0 
vn 0 1 0 
vn 0 1 0 
vn 0 1 0 
vn 0 1 0 
vn 0 1 0 
vn -0.708661 0 -0.708661 
vn -0.708661 0 -0.708661 
vn -0.834646 0 -0.551181 
vn -0.834646 0 -0.551181 
vn -0.944882 0 -0.314961 
vn -0.944882 0 -0.314961 
vn -1 0 0 
vn -1 0 0 
vn -0.944882 0 0.314961 
vn -0.944882 0 0.314961 
vn -0.834646 0 0.551181 
vn -0.834646 0 0.551181 
vn -0.708661 0 0.708661 
vn -0.708661 0 0.708661 
vn 0.708661 0 -0.708661 
vn 0.708661 0 -0.708661 
vn 0.551181 0 -0.834646 
vn 0.551181 0 -0.834646 
vn 0.314961 0 -0.944882 
vn 0.314961 0 -0.944882 
vn 0 0 -1 
vn 0 0 -1 
vn -0.314961 0 -0.944882 
vn -0.314961 0 -0.944882 
vn -0.551181 0 -0.834646 
vn -0.551181 0 -0.834646 
vn -0.708661 0 -0.708661 
vn -0.708661 0 -0.708661 

vt 3.78125 -2.53125 
vt 3.80335 -2.55335 
vt 3.79858 -2.55725 
vt 3.79113 -2.5609 
vt 3.78125 -2.5625 
vt 3.77137 -2.5609 
vt 3.76392 -2.55725 
vt 3.75915 -2.55335 
vt 3.75915 -2.55335 
vt 3.75525 -2.54858 
vt 3.7516 -2.54113 
vt 3.75 -2.53125 
vt 3.7516 -2.52137 
vt 3.75525 -2.51392 
vt 3.75915 -2.50915 
vt 3.75915 -2.50915 
vt 3.76392 -2.50525 
vt 3.77137 -2.5016 
vt 3.78125 -2.5 
vt 3.79113 -2.5016 
vt 3.79858 -2.50525 
vt 3.80335 -2.50915 
vt 3.80335 -2.50915 
vt 3.80725 -2.51392 
vt 3.8109 -2.52137 
vt 3.8125 -2.53125 
vt 3.8109 -2.54113 
vt 3.80725 -2.54858 
vt 3.80335 -2.55335 
vt 8 -6 
vt 7.5 -6 
vt 8 -6.01042 
vt 7.5 -6.01042 
vt 8 -6.02083 
vt 7.5 -6.02083 
vt 8 -6.03125 
vt 7.5 -6.03125 
vt 8 -6.04167 
vt 7.5 -6.04167 
vt 8 -6.05208 
vt 7.5 -6.05208 
vt 8 -6.0625 
vt 7.5 -6.0625 
vt 8 -6 
vt 7.5 -6 
vt 8 -6.01042 
vt 7.5 -6.01042 
vt 8 -6.02083 
vt 7.5 -6.02083 
vt 8 -6.03125 
vt 7.5 -6.03125 
vt 8 -6.04167 
vt 7.5 -6.04167 
vt 8 -6.05208 
vt 7.5 -6.05208 
vt 8 -6.0625 
vt 7.5 -6.0625 
vt 3.78125 -2.53125 
vt 3.75915 -2.50915 
vt 3.76392 -2.50525 
vt 3.77137 -2.5016 
vt 3.78125 -2.5 
vt 3.79113 -2.5016 
vt 3.79858 -2.50525 
vt 3.80335 -2.50915 
vt 3.80335 -2.50915 
vt 3.80725 -2.51392 
vt 3.8109 -2.52137 
vt 3.8125 -2.53125 
vt 3.8109 -2.54113 
vt 3.80725 -2.54858 
vt 3.80335 -2.55335 
vt 3.80335 -2.55335 
vt 3.79858 -2.55725 
vt 3.79113 -2.5609 
vt 3.78125 -2.5625 
vt 3.77137 -2.5609 
vt 3.76392 -2.55725 
vt 3.75915 -2.55335 
vt 3.75915 -2.55335 
vt 3.75525 -2.54858 
vt 3.7516 -2.54113 
vt 3.75 -2.53125 
vt 3.7516 -2.52137 
vt 3.75525 -2.51392 
vt 3.75915 -2.50915 
vt 8 -6 
vt 7.5 -6 
vt 8 -6.01042 
vt 7.5 -6.01042 
vt 8 -6.02083 
vt 7.5 -6.02083 
vt 8 -6.03125 
vt 7.5 -6.03125 
vt 8 -6.04167 
vt 7.5 -6.04167 
vt 8 -6.05208 
vt 7.5 -6.05208 
vt 8 -6.0625 
vt 7.5 -6.0625 
vt 8 -6 
vt 7.5 -6 
vt 8 -6.01042 
vt 7.5 -6.01042 
vt 8 -6.02083 
vt 7.5 -6.02083 
vt 8 -6.03125 
vt 7.5 -6.03125 
vt 8 -6.04167 
vt 7.5 -6.04167 
vt 8 -6.05208 
vt 7.5 -6.05208 
vt 8 -6.0625 
vt 7.5 -6.0625 

usemtl Part68Mtl

f 4067/4067/4067 4069/4069/4069 4068/4068/4068 
f 4067/4067/4067 4070/4070/4070 4069/4069/4069 
f 4067/4067/4067 4071/4071/4071 4070/4070/4070 
f 4067/4067/4067 4072/4072/4072 4071/4071/4071 
f 4067/4067/4067 4073/4073/4073 4072/4072/4072 
f 4067/4067/4067 4074/4074/4074 4073/4073/4073 
f 4067/4067/4067 4076/4076/4076 4075/4075/4075 
f 4067/4067/4067 4077/4077/4077 4076/4076/4076 
f 4067/4067/4067 4078/4078/4078 4077/4077/4077 
f 4067/4067/4067 4079/4079/4079 4078/4078/4078 
f 4067/4067/4067 4080/4080/4080 4079/4079/4079 
f 4067/4067/4067 4081/4081/4081 4080/4080/4080 
f 4067/4067/4067 4083/4083/4083 4082/4082/4082 
f 4067/4067/4067 4084/4084/4084 4083/4083/4083 
f 4067/4067/4067 4085/4085/4085 4084/4084/4084 
f 4067/4067/4067 4086/4086/4086 4085/4085/4085 
f 4067/4067/4067 4087/4087/4087 4086/4086/4086 
f 4067/4067/4067 4088/4088/4088 4087/4087/4087 
f 4067/4067/4067 4090/4090/4090 4089/4089/4089 
f 4067/4067/4067 4091/4091/4091 4090/4090/4090 
f 4067/4067/4067 4092/4092/4092 4091/4091/4091 
f 4067/4067/4067 4093/4093/4093 4092/4092/4092 
f 4067/4067/4067 4094/4094/4094 4093/4093/4093 
f 4067/4067/4067 4095/4095/4095 4094/4094/4094 
f 4096/4096/4096 4097/4097/4097 4098/4098/4098 
f 4098/4098/4098 4097/4097/4097 4099/4099/4099 
f 4098/4098/4098 4099/4099/4099 4100/4100/4100 
f 4100/4100/4100 4099/4099/4099 4101/4101/4101 
f 4100/4100/4100 4101/4101/4101 4102/4102/4102 
f 4102/4102/4102 4101/4101/4101 4103/4103/4103 
f 4102/4102/4102 4103/4103/4103 4104/4104/4104 
f 4104/4104/4104 4103/4103/4103 4105/4105/4105 
f 4104/4104/4104 4105/4105/4105 4106/4106/4106 
f 4106/4106/4106 4105/4105/4105 4107/4107/4107 
f 4106/4106/4106 4107/4107/4107 4108/4108/4108 
f 4108/4108/4108 4107/4107/4107 4109/4109/4109 
f 4110/4110/4110 4111/4111/4111 4112/4112/4112 
f 4112/4112/4112 4111/4111/4111 4113/4113/4113 
f 4112/4112/4112 4113/4113/4113 4114/4114/4114 
f 4114/4114/4114 4113/4113/4113 4115/4115/4115 
f 4114/4114/4114 4115/4115/4115 4116/4116/4116 
f 4116/4116/4116 4115/4115/4115 4117/4117/4117 
f 4116/4116/4116 4117/4117/4117 4118/4118/4118 
f 4118/4118/4118 4117/4117/4117 4119/4119/4119 
f 4118/4118/4118 4119/4119/4119 4120/4120/4120 
f 4120/4120/4120 4119/4119/4119 4121/4121/4121 
f 4120/4120/4120 4121/4121/4121 4122/4122/4122 
f 4122/4122/4122 4121/4121/4121 4123/4123/4123 
f 4124/4124/4124 4126/4126/4126 4125/4125/4125 
f 4124/4124/4124 4127/4127/4127 4126/4126/4126 
f 4124/4124/4124 4128/4128/4128 4127/4127/4127 
f 4124/4124/4124 4129/4129/4129 4128/4128/4128 
f 4124/4124/4124 4130/4130/4130 4129/4129/4129 
f 4124/4124/4124 4131/4131/4131 4130/4130/4130 
f 4124/4124/4124 4133/4133/4133 4132/4132/4132 
f 4124/4124/4124 4134/4134/4134 4133/4133/4133 
f 4124/4124/4124 4135/4135/4135 4134/4134/4134 
f 4124/4124/4124 4136/4136/4136 4135/4135/4135 
f 4124/4124/4124 4137/4137/4137 4136/4136/4136 
f 4124/4124/4124 4138/4138/4138 4137/4137/4137 
f 4124/4124/4124 4140/4140/4140 4139/4139/4139 
f 4124/4124/4124 4141/4141/4141 4140/4140/4140 
f 4124/4124/4124 4142/4142/4142 4141/4141/4141 
f 4124/4124/4124 4143/4143/4143 4142/4142/4142 
f 4124/4124/4124 4144/4144/4144 4143/4143/4143 
f 4124/4124/4124 4145/4145/4145 4144/4144/4144 
f 4124/4124/4124 4147/4147/4147 4146/4146/4146 
f 4124/4124/4124 4148/4148/4148 4147/4147/4147 
f 4124/4124/4124 4149/4149/4149 4148/4148/4148 
f 4124/4124/4124 4150/4150/4150 4149/4149/4149 
f 4124/4124/4124 4151/4151/4151 4150/4150/4150 
f 4124/4124/4124 4152/4152/4152 4151/4151/4151 
f 4153/4153/4153 4154/4154/4154 4155/4155/4155 
f 4155/4155/4155 4154/4154/4154 4156/4156/4156 
f 4155/4155/4155 4156/4156/4156 4157/4157/4157 
f 4157/4157/4157 4156/4156/4156 4158/4158/4158 
f 4157/4157/4157 4158/4158/4158 4159/4159/4159 
f 4159/4159/4159 4158/4158/4158 4160/4160/4160 
f 4159/4159/4159 4160/4160/4160 4161/4161/4161 
f 4161/4161/4161 4160/4160/4160 4162/4162/4162 
f 4161/4161/4161 4162/4162/4162 4163/4163/4163 
f 4163/4163/4163 4162/4162/4162 4164/4164/4164 
f 4163/4163/4163 4164/4164/4164 4165/4165/4165 
f 4165/4165/4165 4164/4164/4164 4166/4166/4166 
f 4167/4167/4167 4168/4168/4168 4169/4169/4169 
f 4169/4169/4169 4168/4168/4168 4170/4170/4170 
f 4169/4169/4169 4170/4170/4170 4171/4171/4171 
f 4171/4171/4171 4170/4170/4170 4172/4172/4172 
f 4171/4171/4171 4172/4172/4172 4173/4173/4173 
f 4173/4173/4173 4172/4172/4172 4174/4174/4174 
f 4173/4173/4173 4174/4174/4174 4175/4175/4175 
f 4175/4175/4175 4174/4174/4174 4176/4176/4176 
f 4175/4175/4175 4176/4176/4176 4177/4177/4177 
f 4177/4177/4177 4176/4176/4176 4178/4178/4178 
f 4177/4177/4177 4178/4178/4178 4179/4179/4179 
f 4179/4179/4179 4178/4178/4178 4180/4180/4180 

g Part99

v 6.81329 5.06823 55.6062 
v 3.81329 5.06823 55.6062 
v 6.81329 3.06823 55.6062 
v 3.81329 3.06823 55.6062 
v 3.81329 5.06823 43.6062 
v 3.81329 5.06823 55.6062 
v 6.81329 5.06823 43.6062 
v 6.81329 5.06823 55.6062 
v 3.81329 5.06823 55.6062 
v 3.81329 5.06823 43.6062 
v 3.81329 3.06823 55.6062 
v 3.81329 3.06823 43.6062 
v 3.81329 5.06823 43.6062 
v 6.81329 5.06823 43.6062 
v 3.81329 3.06823 43.6062 
v 6.81329 3.06823 43.6062 
v 6.81329 3.06823 43.6062 
v 6.81329 3.06823 55.6062 
v 3.81329 3.06823 43.6062 
v 3.81329 3.06823 55.6062 
v 6.81329 5.06823 43.6062 
v 6.81329 5.06823 55.6062 
v 6.81329 3.06823 43.6062 
v 6.81329 3.06823 55.6062 

vn 0 0 1 
vn 0 0 1 
vn 0 0 1 
vn 0 0 1 
vn 0 1 0 
vn 0 1 0 
vn 0 1 0 
vn 0 1 0 
vn -1 0 0 
vn -1 0 0 
vn -1 0 0 
vn -1 0 0 
vn 0 0 -1 
vn 0 0 -1 
vn 0 0 -1 
vn 0 0 -1 
vn 0 -1 0 
vn 0 -1 0 
vn 0 -1 0 
vn 0 -1 0 
vn 1 0 0 
vn 1 0 0 
vn 1 0 0 
vn 1 0 0 

vt 5.875 -1.25 
vt 5.5 -1.25 
vt 5.875 -1.5 
vt 5.5 -1.5 
vt 7 -1.25 
vt 5.5 -1.25 
vt 7 -1.625 
vt 5.5 -1.625 
vt 7 -1.25 
vt 5.5 -1.25 
vt 7 -1.5 
vt 5.5 -1.5 
vt 5.875 -1.25 
vt 5.5 -1.25 
vt 5.875 -1.5 
vt 5.5 -1.5 
vt 7 -1.25 
vt 5.5 -1.25 
vt 7 -1.625 
vt 5.5 -1.625 
vt 7 -1.25 
vt 5.5 -1.25 
vt 7 -1.5 
vt 5.5 -1.5 

usemtl Part84Mtl

f 4181/4181/4181 4182/4182/4182 4183/4183/4183 
f 4183/4183/4183 4182/4182/4182 4184/4184/4184 
f 4185/4185/4185 4186/4186/4186 4187/4187/4187 
f 4187/4187/4187 4186/4186/4186 4188/4188/4188 
f 4189/4189/4189 4190/4190/4190 4191/4191/4191 
f 4191/4191/4191 4190/4190/4190 4192/4192/4192 
f 4193/4193/4193 4194/4194/4194 4195/4195/4195 
f 4195/4195/4195 4194/4194/4194 4196/4196/4196 
f 4197/4197/4197 4198/4198/4198 4199/4199/4199 
f 4199/4199/4199 4198/4198/4198 4200/4200/4200 
f 4201/4201/4201 4202/4202/4202 4203/4203/4203 
f 4203/4203/4203 4202/4202/4202 4204/4204/4204 

g Part100

v 6.31336 5.06848 54.1061 
v 4.31336 5.06837 54.1061 
v 6.31347 3.06848 54.1062 
v 4.31347 3.06837 54.1062 
v 4.31336 5.0681 45.1061 
v 4.31336 5.06837 54.1061 
v 6.31336 5.0682 45.1061 
v 6.31336 5.06848 54.1061 
v 4.31336 5.06837 54.1061 
v 4.31336 5.0681 45.1061 
v 4.31347 3.06837 54.1062 
v 4.31347 3.0681 45.1062 
v 4.31336 5.0681 45.1061 
v 6.31336 5.0682 45.1061 
v 4.31347 3.0681 45.1062 
v 6.31347 3.0682 45.1062 
v 6.31347 3.0682 45.1062 
v 6.31347 3.06848 54.1062 
v 4.31347 3.0681 45.1062 
v 4.31347 3.06837 54.1062 
v 6.31336 5.0682 45.1061 
v 6.31336 5.06848 54.1061 
v 6.31347 3.0682 45.1062 
v 6.31347 3.06848 54.1062 

vn 0 0 1 
vn 0 0 1 
vn 0 0 1 
vn 0 0 1 
vn 0 1 0 
vn 0 1 0 
vn 0 1 0 
vn 0 1 0 
vn -1 0 0 
vn -1 0 0 
vn -1 0 0 
vn -1 0 0 
vn 0 0 -1 
vn 0 0 -1 
vn 0 0 -1 
vn 0 0 -1 
vn 0 -1 0 
vn 0 -1 0 
vn 0 -1 0 
vn 0 -1 0 
vn 1 0 0 
vn 1 0 0 
vn 1 0 0 
vn 1 0 0 

vt -0.235318 1.20914 
vt -0.485318 1.20914 
vt -0.235318 0.959141 
vt -0.485318 0.959141 
vt 0.639682 1.20914 
vt -0.485318 1.20914 
vt 0.639682 0.959141 
vt -0.485318 0.959141 
vt 0.639682 1.20914 
vt -0.485318 1.20914 
vt 0.639682 0.959141 
vt -0.485318 0.959141 
vt -0.235318 1.20914 
vt -0.485318 1.20914 
vt -0.235318 0.959141 
vt -0.485318 0.959141 
vt 0.639682 1.20914 
vt -0.485318 1.20914 
vt 0.639682 0.959141 
vt -0.485318 0.959141 
vt 0.639682 1.20914 
vt -0.485318 1.20914 
vt 0.639682 0.959141 
vt -0.485318 0.959141 

usemtl Part85Mtl

f 4205/4205/4205 4206/4206/4206 4207/4207/4207 
f 4207/4207/4207 4206/4206/4206 4208/4208/4208 
f 4209/4209/4209 4210/4210/4210 4211/4211/4211 
f 4211/4211/4211 4210/4210/4210 4212/4212/4212 
f 4213/4213/4213 4214/4214/4214 4215/4215/4215 
f 4215/4215/4215 4214/4214/4214 4216/4216/4216 
f 4217/4217/4217 4218/4218/4218 4219/4219/4219 
f 4219/4219/4219 4218/4218/4218 4220/4220/4220 
f 4221/4221/4221 4222/4222/4222 4223/4223/4223 
f 4223/4223/4223 4222/4222/4222 4224/4224/4224 
f 4225/4225/4225 4226/4226/4226 4227/4227/4227 
f 4227/4227/4227 4226/4226/4226 4228/4228/4228 

g Part101

v 3.31312 5.46768 43.3061 
v 7.31312 5.46811 43.306 
v 3.31325 4.26768 43.3062 
v 7.31325 4.26811 43.3061 
v 7.31347 5.46888 55.906 
v 7.31312 5.46811 43.306 
v 3.31347 5.46845 55.9061 
v 3.31312 5.46768 43.3061 
v 7.31312 5.46811 43.306 
v 7.31347 5.46888 55.906 
v 7.31325 4.26811 43.3061 
v 7.31359 4.26888 55.9061 
v 7.31347 5.46888 55.906 
v 3.31347 5.46845 55.9061 
v 7.31359 4.26888 55.9061 
v 3.31359 4.26845 55.9062 
v 3.31359 4.26845 55.9062 
v 3.31325 4.26768 43.3062 
v 7.31359 4.26888 55.9061 
v 7.31325 4.26811 43.3061 
v 3.31347 5.46845 55.9061 
v 3.31312 5.46768 43.3061 
v 3.31359 4.26845 55.9062 
v 3.31325 4.26768 43.3062 

vn 0 0 -1 
vn 0 0 -1 
vn 0 0 -1 
vn 0 0 -1 
vn 0 1 0 
vn 0 1 0 
vn 0 1 0 
vn 0 1 0 
vn 1 0 0 
vn 1 0 0 
vn 1 0 0 
vn 1 0 0 
vn 0 0 1 
vn 0 0 1 
vn 0 0 1 
vn 0 0 1 
vn 0 -1 0 
vn 0 -1 0 
vn 0 -1 0 
vn 0 -1 0 
vn -1 0 0 
vn -1 0 0 
vn -1 0 0 
vn -1 0 0 

vt 2 -2 
vt 1.5 -2 
vt 2 -2.15 
vt 1.5 -2.15 
vt 3.075 -2 
vt 1.5 -2 
vt 3.075 -2.5 
vt 1.5 -2.5 
vt 3.075 -2 
vt 1.5 -2 
vt 3.075 -2.15 
vt 1.5 -2.15 
vt 2 -2 
vt 1.5 -2 
vt 2 -2.15 
vt 1.5 -2.15 
vt 3.075 -2 
vt 1.5 -2 
vt 3.075 -2.5 
vt 1.5 -2.5 
vt 3.075 -2 
vt 1.5 -2 
vt 3.075 -2.15 
vt 1.5 -2.15 

usemtl Part70Mtl

f 4229/4229/4229 4230/4230/4230 4231/4231/4231 
f 4231/4231/4231 4230/4230/4230 4232/4232/4232 
f 4233/4233/4233 4234/4234/4234 4235/4235/4235 
f 4235/4235/4235 4234/4234/4234 4236/4236/4236 
f 4237/4237/4237 4238/4238/4238 4239/4239/4239 
f 4239/4239/4239 4238/4238/4238 4240/4240/4240 
f 4241/4241/4241 4242/4242/4242 4243/4243/4243 
f 4243/4243/4243 4242/4242/4242 4244/4244/4244 
f 4245/4245/4245 4246/4246/4246 4247/4247/4247 
f 4247/4247/4247 4246/4246/4246 4248/4248/4248 
f 4249/4249/4249 4250/4250/4250 4251/4251/4251 
f 4251/4251/4251 4250/4250/4250 4252/4252/4252 

g Part102

v 3.31328 3.06768 43.3063 
v 7.31328 3.06811 43.3062 
v 3.31341 1.86768 43.3064 
v 7.31341 1.86811 43.3062 
v 7.31362 3.06887 55.9062 
v 7.31328 3.06811 43.3062 
v 3.31362 3.06845 55.9063 
v 3.31328 3.06768 43.3063 
v 7.31328 3.06811 43.3062 
v 7.31362 3.06887 55.9062 
v 7.31341 1.86811 43.3062 
v 7.31375 1.86887 55.9062 
v 7.31362 3.06887 55.9062 
v 3.31362 3.06845 55.9063 
v 7.31375 1.86887 55.9062 
v 3.31375 1.86845 55.9064 
v 3.31375 1.86845 55.9064 
v 3.31341 1.86768 43.3064 
v 7.31375 1.86887 55.9062 
v 7.31341 1.86811 43.3062 
v 3.31362 3.06845 55.9063 
v 3.31328 3.06768 43.3063 
v 3.31375 1.86845 55.9064 
v 3.31341 1.86768 43.3064 

vn 0 0 -1 
vn 0 0 -1 
vn 0 0 -1 
vn 0 0 -1 
vn 0 1 0 
vn 0 1 0 
vn 0 1 0 
vn 0 1 0 
vn 1 0 0 
vn 1 0 0 
vn 1 0 0 
vn 1 0 0 
vn 0 0 1 
vn 0 0 1 
vn 0 0 1 
vn 0 0 1 
vn 0 -1 0 
vn 0 -1 0 
vn 0 -1 0 
vn 0 -1 0 
vn -1 0 0 
vn -1 0 0 
vn -1 0 0 
vn -1 0 0 

vt 7.75 -4.75 
vt 7.25 -4.75 
vt 7.75 -4.9 
vt 7.25 -4.9 
vt 8.825 -4.75 
vt 7.25 -4.75 
vt 8.825 -5.25 
vt 7.25 -5.25 
vt 8.825 -4.75 
vt 7.25 -4.75 
vt 8.825 -4.9 
vt 7.25 -4.9 
vt 7.75 -4.75 
vt 7.25 -4.75 
vt 7.75 -4.9 
vt 7.25 -4.9 
vt 8.825 -4.75 
vt 7.25 -4.75 
vt 8.825 -5.25 
vt 7.25 -5.25 
vt 8.825 -4.75 
vt 7.25 -4.75 
vt 8.825 -4.9 
vt 7.25 -4.9 

usemtl Part70Mtl

f 4253/4253/4253 4254/4254/4254 4255/4255/4255 
f 4255/4255/4255 4254/4254/4254 4256/4256/4256 
f 4257/4257/4257 4258/4258/4258 4259/4259/4259 
f 4259/4259/4259 4258/4258/4258 4260/4260/4260 
f 4261/4261/4261 4262/4262/4262 4263/4263/4263 
f 4263/4263/4263 4262/4262/4262 4264/4264/4264 
f 4265/4265/4265 4266/4266/4266 4267/4267/4267 
f 4267/4267/4267 4266/4266/4266 4268/4268/4268 
f 4269/4269/4269 4270/4270/4270 4271/4271/4271 
f 4271/4271/4271 4270/4270/4270 4272/4272/4272 
f 4273/4273/4273 4274/4274/4274 4275/4275/4275 
f 4275/4275/4275 4274/4274/4274 4276/4276/4276 

g Part103

v 4.90697 5.4482 53.6364 
v 4.90674 5.44819 46.6364 
v 4.94697 5.44821 53.6364 
v 4.94674 5.44819 46.6364 
v 4.90625 9.44819 46.6364 
v 4.90674 5.44819 46.6364 
v 4.90647 9.4482 53.6364 
v 4.90697 5.4482 53.6364 
v 4.90674 5.44819 46.6364 
v 4.90625 9.44819 46.6364 
v 4.94674 5.44819 46.6364 
v 4.94625 9.44819 46.6364 
v 4.90625 9.44819 46.6364 
v 4.90647 9.4482 53.6364 
v 4.94625 9.44819 46.6364 
v 4.94647 9.44821 53.6364 
v 4.94647 9.44821 53.6364 
v 4.94697 5.44821 53.6364 
v 4.94625 9.44819 46.6364 
v 4.94674 5.44819 46.6364 
v 4.90647 9.4482 53.6364 
v 4.90697 5.4482 53.6364 
v 4.94647 9.44821 53.6364 
v 4.94697 5.44821 53.6364 

vn 0 -1 0 
vn 0 -1 0 
vn 0 -1 0 
vn 0 -1 0 
vn -1 0 0 
vn -1 0 0 
vn -1 0 0 
vn -1 0 0 
vn 0 0 -1 
vn 0 0 -1 
vn 0 0 -1 
vn 0 0 -1 
vn 0 1 0 
vn 0 1 0 
vn 0 1 0 
vn 0 1 0 
vn 1 0 0 
vn 1 0 0 
vn 1 0 0 
vn 1 0 0 
vn 0 0 1 
vn 0 0 1 
vn 0 0 1 
vn 0 0 1 

vt 7.875 -3.25 
vt 7 -3.25 
vt 7.875 -3.255 
vt 7 -3.255 
vt 7.5 -3.25 
vt 7 -3.25 
vt 7.5 -4.125 
vt 7 -4.125 
vt 7.5 -3.25 
vt 7 -3.25 
vt 7.5 -3.255 
vt 7 -3.255 
vt 7.875 -3.25 
vt 7 -3.25 
vt 7.875 -3.255 
vt 7 -3.255 
vt 7.5 -3.25 
vt 7 -3.25 
vt 7.5 -4.125 
vt 7 -4.125 
vt 7.5 -3.25 
vt 7 -3.25 
vt 7.5 -3.255 
vt 7 -3.255 

usemtl Part72Mtl

f 4277/4277/4277 4278/4278/4278 4279/4279/4279 
f 4279/4279/4279 4278/4278/4278 4280/4280/4280 
f 4281/4281/4281 4282/4282/4282 4283/4283/4283 
f 4283/4283/4283 4282/4282/4282 4284/4284/4284 
f 4285/4285/4285 4286/4286/4286 4287/4287/4287 
f 4287/4287/4287 4286/4286/4286 4288/4288/4288 
f 4289/4289/4289 4290/4290/4290 4291/4291/4291 
f 4291/4291/4291 4290/4290/4290 4292/4292/4292 
f 4293/4293/4293 4294/4294/4294 4295/4295/4295 
f 4295/4295/4295 4294/4294/4294 4296/4296/4296 
f 4297/4297/4297 4298/4298/4298 4299/4299/4299 
f 4299/4299/4299 4298/4298/4298 4300/4300/4300 

g Paperwork1

v 6.20622 7.10303 55.588 
v 6.55617 7.10311 56.1431 
v 6.12876 7.10306 56.4125 
v 5.70136 7.14238 56.682 
v 6.12876 7.14243 56.4125 
v 6.20621 7.1424 55.588 
v 6.55617 7.10311 56.1431 
v 6.55616 7.12936 56.1431 
v 6.12876 7.10306 56.4125 
v 6.55617 7.10311 56.1431 
v 5.50633 7.11598 54.4779 
v 6.55616 7.12936 56.1431 
v 5.27396 7.1292 56.9514 
v 6.12876 7.14243 56.4125 
v 6.20621 7.1424 55.588 
v 6.55616 7.14248 56.1431 
v 4.5152 7.5949 55.8752 
v 4.16526 7.59482 55.3201 
v 4.59266 7.59487 55.0507 
v 5.02005 7.63429 54.7812 
v 4.16525 7.63419 55.3201 
v 4.9426 7.63433 55.6058 
v 5.02006 7.59492 54.7812 
v 4.59266 7.60799 55.0507 
v 4.16525 7.63419 55.3201 
v 4.5152 7.63427 55.8752 
v 4.16525 7.63419 55.3201 
v 4.16526 7.62106 55.3201 
v 4.16526 7.59482 55.3201 
v 4.5152 7.5949 55.8752 
v 4.5152 7.60803 55.8752 
v 4.59266 7.59487 55.0507 
v 4.16526 7.59482 55.3201 
v 4.16526 7.60794 55.3201 
v 5.35871 6.01044 56.9022 
v 6.50007 6.01057 55.9049 
v 5.20476 6.01029 54.4226 
v 6.11963 5.97116 56.2373 
v 5.35872 5.97107 56.9022 
v 5.20477 5.97092 54.4226 
v 4.8042 7.09296 55.5092 
v 5.28287 7.09303 55.3475 
v 5.07286 7.09296 54.7258 
v 4.74557 7.05366 56.9142 
v 4.32554 7.05352 55.6709 
v 5.07286 7.05359 54.7258 
v 5.55489 7.25062 56.641 
v 4.89872 7.25046 55.5045 
v 5.44575 7.25049 54.431 
v 5.44574 7.28986 54.431 
v 5.11733 7.28993 56.8937 
v 6.43 7.2901 56.1358 
v 5.44837 5.67569 54.5641 
v 6.39523 5.67593 56.2899 
v 4.75073 5.67568 56.4437 
v 5.06634 5.71513 57.019 
v 6.39522 5.7153 56.2899 
v 5.44836 5.71506 54.5641 
v 4.90279 5.61667 56.8454 
v 6.32864 5.61687 56.3312 
v 5.66081 5.61666 54.4794 
v 5.66081 5.57729 54.4794 
v 6.10604 5.57743 55.7139 
v 4.68019 5.57723 56.2282 
v 5.13494 7.3982 56.8959 
v 4.89648 7.39809 55.51 
v 6.10046 7.39829 55.5558 
v 5.66655 7.4376 55.8147 
v 4.79875 7.43749 56.3324 
v 5.56883 7.43763 56.637 
v 6.07682 6.65025 55.4395 
v 4.46518 6.64997 55.0574 
v 5.31353 6.6502 56.9042 
v 5.24975 6.61069 54.4206 
v 6.49037 6.61097 55.9489 
v 5.31354 6.61083 56.9042 
v 5.4075 7.75679 55.2682 
v 5.6298 7.75685 55.8856 
v 5.37772 7.75685 56.6738 
v 5.62565 7.79597 55.8871 
v 5.15955 7.79591 56.0549 
v 5.38185 7.79598 56.6723 
v 4.15509 7.33889 55.0123 
v 4.88342 7.33903 55.4065 
v 5.53998 7.33908 54.3962 
v 6.34009 7.29993 56.1948 
v 5.34506 7.29972 55.2011 
v 5.80669 7.29978 54.9957 
v 5.63286 6.45327 54.4211 
v 4.24796 6.45308 55.0372 
v 5.24299 6.45329 56.0309 
v 4.9763 6.41385 55.4314 
v 5.63287 6.4139 54.4211 
v 5.04807 6.41394 56.8358 
v 5.63395 7.64429 55.8796 
v 5.40149 7.64422 55.266 
v 5.87397 7.64429 55.087 
v 5.86639 7.68373 56.4932 
v 6.33888 7.6838 56.3143 
v 6.10642 7.68373 55.7006 
v 5.67953 7.24075 55.7766 
v 5.27275 7.2407 56.0763 
v 5.25517 7.24074 56.9043 
v 5.67953 7.20138 55.7766 
v 6.47551 7.20152 56.0052 
v 5.25517 7.20137 56.9043 
v 5.8623 6.6994 55.0751 
v 4.21118 6.69914 55.0321 
v 4.94584 6.69935 56.8583 
v 4.94584 6.65998 56.8583 
v 4.21119 6.65977 55.0321 
v 6.35208 6.66018 56.2927 
v 5.31361 6.11871 56.9042 
v 4.85755 6.11852 54.739 
v 5.24982 6.11856 54.4206 
v 5.24982 6.15793 54.4206 
v 4.90007 6.15798 56.3948 
v 5.31361 6.15808 56.9042 
v 5.11761 5.52813 56.8938 
v 4.13335 5.52788 55.189 
v 6.43028 5.52829 56.1359 
v 5.1176 5.5675 56.8938 
v 6.43027 5.56766 56.1359 
v 5.44601 5.56742 54.4311 
v 5.10116 6.35489 56.8371 
v 5.39432 6.3548 54.37 
v 4.09262 6.35464 55.1466 
v 5.39432 6.31543 54.37 
v 5.10117 6.31552 56.8371 
v 4.4288 6.31535 55.7101 
v 5.44596 5.9119 54.4311 
v 4.78946 5.9119 56.3255 
v 5.11754 5.91198 56.8937 
v 5.11755 5.87261 56.8937 
v 4.13329 5.87236 55.189 
v 5.44596 5.87253 54.4311 
v 5.45082 6.94549 56.6643 
v 5.91245 6.94555 56.459 
v 5.84069 6.94546 55.0546 
v 5.574 6.90602 54.455 
v 6.37409 6.90624 56.2536 
v 5.37906 6.90603 55.2599 
v 5.00148 7.10284 55.5718 
v 4.22413 7.1027 55.2862 
v 5.07893 7.10281 54.7473 
v 5.50633 7.14223 54.4779 
v 4.65153 7.14212 55.0168 
v 5.27396 7.14232 56.9514 
v 4.79791 5.82335 56.8815 
v 4.28901 5.8232 55.6719 
v 6.19505 5.82354 56.2938 
v 5.43169 5.86269 54.4793 
v 4.79791 5.86272 56.8815 
v 5.72933 5.86284 56.4897 
v 5.44581 6.85678 54.431 
v 6.43007 6.85703 56.1358 
v 4.89878 6.85675 55.5045 
v 4.89877 6.89612 55.5045 
v 5.77389 6.89624 54.9993 
v 5.4458 6.89615 54.431 
v 5.4231 5.62646 54.4283 
v 6.43886 5.62671 56.1145 
v 4.46332 5.62638 55.7725 
v 5.4231 5.66583 54.4283 
v 4.12473 5.66567 55.2104 
v 6.43885 5.66608 56.1145 
v 5.2554 5.76437 56.9044 
v 6.47574 5.76451 56.0053 
v 4.08781 5.7641 55.3195 
v 6.08655 5.72505 55.477 
v 6.47574 5.72514 56.0053 
v 5.25541 5.725 56.9044 
v 4.90272 6.06942 56.8454 
v 4.23488 6.06922 54.9936 
v 5.66073 6.06942 54.4794 
v 5.66073 6.10879 54.4794 
v 4.23487 6.10859 54.9936 
v 4.90271 6.10879 56.8454 
v 5.00838 6.02011 54.6837 
v 6.4302 6.02042 56.1358 
v 5.11753 6.02025 56.8937 
v 5.11752 6.05962 56.8937 
v 6.43019 6.05979 56.1358 
v 4.13326 6.05937 55.189 
v 5.11747 6.36474 56.8937 
v 5.44589 6.36466 54.4311 
v 6.43015 6.3649 56.1358 
v 6.10205 6.40419 55.5676 
v 5.11747 6.40411 56.8937 
v 5.99258 6.40422 56.3885 
v 4.58664 7.15195 54.9209 
v 6.41943 7.15231 56.1607 
v 5.09055 7.15213 56.8898 
v 5.21788 7.19148 56.0715 
v 5.66084 7.19154 55.8285 
v 5.34522 7.19146 55.2532 
v 5.47345 6.2073 56.6359 
v 5.9422 6.20736 56.4473 
v 5.20755 6.20715 54.621 
v 4.27006 6.16765 54.9981 
v 6.41095 6.16806 56.2587 
v 5.00472 6.16786 56.8244 
v 5.11731 7.38836 56.8937 
v 6.42998 7.38853 56.1358 
v 5.22678 7.38833 56.0728 
v 6.42999 7.34916 56.1358 
v 5.66435 7.34902 55.8201 
v 6.1019 7.34907 55.5675 
v 5.44597 5.81348 54.4311 
v 4.1333 5.81331 55.189 
v 5.11756 5.81356 56.8937 
v 5.11757 5.77419 56.8937 
v 4.13331 5.77394 55.189 
v 5.44598 5.77411 54.4311 
v 5.0521 7.48678 56.9776 
v 5.53939 7.4868 55.8757 
v 5.18061 7.48671 55.3263 
v 4.75758 7.44729 55.6026 
v 6.32121 7.44757 56.1488 
v 5.0521 7.44741 56.9776 
v 4.46129 6.40394 55.7572 
v 5.00832 6.40397 54.6837 
v 5.00833 6.3646 54.6837 
v 5.54659 6.74861 55.8535 
v 5.95336 6.74866 55.5538 
v 5.56417 6.74857 55.0255 
v 4.34384 6.70905 55.9245 
v 3.95465 6.70896 55.3963 
v 4.7682 6.70906 54.7969 
v 5.4459 6.3056 54.4311 
v 4.13322 6.30544 55.1889 
v 6.43016 6.30585 56.1358 
v 5.11749 6.26631 56.8937 
v 4.13323 6.26607 55.1889 
v 6.10208 6.2664 55.5676 
v 5.09706 6.25647 56.9803 
v 5.2003 6.25636 54.498 
v 3.96194 6.25621 55.3721 
v 5.09706 6.2171 56.9803 
v 4.71869 6.21701 56.4443 
v 5.95705 6.21716 55.5702 
v 5.44582 6.75836 54.431 
v 6.43008 6.75861 56.1358 
v 5.66444 6.75847 55.8202 
v 5.22688 6.79778 56.0728 
v 5.66443 6.79784 55.8202 
v 5.33635 6.79776 55.2519 
v 6.43024 5.77435 56.1359 
v 5.77406 5.81356 54.9993 
v 4.45725 7.58504 55.6108 
v 4.93254 7.5851 55.4394 
v 4.70993 7.58503 54.8222 
v 5.40783 7.5458 55.268 
v 4.23465 7.5456 54.9936 
v 5.6605 7.5458 54.4793 
v 4.10078 6.99441 55.2766 
v 5.30531 6.9946 55.249 
v 5.35277 6.99456 54.4222 
v 5.72265 6.95528 54.9642 
v 6.46239 6.95546 56.0481 
v 5.67519 6.95532 55.7909 
v 4.87866 6.60092 56.8374 
v 5.14731 6.60092 56.0541 
v 5.20595 6.60085 54.649 
v 4.87867 6.56155 56.8374 
v 4.66865 6.56148 56.2158 
v 5.83601 6.56168 56.514 
v 5.41209 6.80761 55.1693 
v 5.66655 6.80768 55.7741 
v 4.98957 6.80762 56.7708 
v 5.20083 6.84698 55.97 
v 5.45528 6.84706 56.5748 
v 5.15763 6.8469 54.5644 
v 4.90226 7.1914 55.4962 
v 4.4593 7.15197 55.7393 
v 4.14368 7.15189 55.164 
v 4.13327 6.02 55.189 
v 5.44593 6.05954 54.4311 
v 5.11744 6.55174 56.8937 
v 6.43012 6.55191 56.1358 
v 5.44586 6.55167 54.431 
v 6.10204 6.51246 55.5676 
v 6.43012 6.51254 56.1358 
v 5.11745 6.51237 56.8937 
v 5.22633 6.46318 56.93 
v 4.11671 6.46292 55.3041 
v 5.3687 6.46307 54.4496 
v 4.1167 6.50229 55.304 
v 4.9039 6.50243 55.5612 
v 5.36869 6.50244 54.4496 
v 5.33623 7.53594 55.2519 
v 5.77379 7.536 54.9993 
v 5.4457 7.53592 54.431 
v 4.78921 7.49654 56.3254 
v 4.13303 7.49638 55.1889 
v 5.00815 7.49649 54.6836 
v 5.2104 6.9553 56.9025 
v 5.25785 6.99464 56.0757 
v 5.68273 5.96116 54.5074 
v 4.29783 5.96097 55.1235 
v 5.09793 5.96119 56.922 
v 5.09794 5.92182 56.922 
v 4.29784 5.9216 55.1235 
v 5.68274 5.92179 54.5074 
v 4.90248 7.58517 56.8453 
v 5.85305 7.5853 56.5025 
v 6.10572 7.5853 55.7138 
v 6.32834 7.546 56.3311 
v 6.43016 6.26648 56.1358 
v 4.7894 6.3056 56.3255 
v 4.45579 6.90591 55.6706 
v 4.18909 6.90583 55.0711 
v 5.11236 6.90596 54.6604 
v 4.65073 6.94526 54.8658 
v 4.18909 6.9452 55.0711 
v 4.45579 6.94528 55.6706 
v 4.13334 5.56725 55.189 
v 5.44602 5.52805 54.4311 
v 5.50985 6.21715 56.689 
v 5.57867 6.25644 55.0341 
v 5.61742 6.65996 54.4664 
v 5.86231 6.66003 55.0751 
v 6.35207 6.69955 56.2927 
v 4.57063 7.25037 54.9363 
v 4.57062 7.28974 54.9363 
v 4.89871 7.28983 55.5045 
v 5.42809 7.43749 54.4288 
v 6.43664 7.39837 56.1193 
v 6.00274 7.39831 56.3782 
v 4.75983 6.20716 56.2157 
v 4.27006 6.20702 54.9981 
v 5.6763 6.16785 54.4325 
v 4.08758 7.24047 55.3194 
v 5.30792 7.20125 54.4204 
v 5.66432 7.49666 55.8201 
v 5.22676 7.4966 56.0728 
v 5.22676 7.53597 56.0728 
v 4.13303 7.53575 55.1889 
v 5.11729 7.536 56.8936 
v 5.62335 6.8076 54.3685 
v 4.22621 6.84678 54.9563 
v 4.48066 6.84685 55.5611 
v 5.96896 6.355 56.3194 
v 6.40286 6.35505 56.0606 
v 6.06668 6.3156 55.4971 
v 5.70463 6.45336 55.8255 
v 6.16626 6.45342 55.6202 
v 5.89956 6.45334 55.0206 
v 6.16627 6.41405 55.6202 
v 6.43297 6.41412 56.2197 
v 5.57328 5.6266 56.6359 
v 5.14048 5.66592 56.8966 
v 6.48284 5.92201 56.306 
v 5.55957 5.92188 56.7167 
v 6.48283 5.96138 56.306 
v 5.63549 7.90593 54.4887 
v 5.18106 7.79584 54.6523 
v 5.40335 7.79591 55.2697 
v 5.64771 7.86876 54.4843 
v 5.87001 7.86883 55.1017 
v 5.06635 5.67576 57.019 
v 4.11948 5.71489 55.2931 
v 4.0634 6.01016 55.42 
v 4.44386 5.97083 55.0875 
v 4.06341 5.97079 55.42 
v 5.22423 7.09309 56.7525 
v 6.18157 7.09323 56.429 
v 5.55153 7.09303 54.5641 
v 5.70291 7.05379 56.5908 
v 5.55153 7.05366 54.5641 
v 5.97157 7.05379 55.8074 
v 5.43169 5.82332 54.4793 
v 4.03455 5.8625 55.0671 
v 4.289 5.86257 55.6719 
v 5.21509 7.59507 56.9853 
v 6.14735 7.59515 55.6219 
v 5.7974 7.63443 55.0668 
v 5.71994 7.63446 55.8914 
v 6.06988 7.63455 56.4464 
v 6.47832 6.46333 56.0756 
v 5.69111 6.4632 55.8184 
v 6.47831 6.5027 56.0756 
v 5.73857 6.50253 54.9916 
v 6.06098 6.50265 56.3604 
v 5.27268 7.69346 56.0763 
v 4.88348 7.69337 55.548 
v 5.29026 7.69342 55.2483 
v 5.29025 7.73279 55.2483 
v 4.4767 7.73269 55.8477 
v 4.86589 7.73278 56.376 
v 5.66337 6.11866 54.93 
v 6.49045 6.11884 55.9489 
v 6.49044 6.15821 55.9489 
v 4.13318 6.5515 55.1889 
v 4.46127 6.55158 55.7572 
v 4.13319 6.51213 55.1889 
v 5.44586 6.5123 54.4311 
v 5.16146 7.64423 56.0586 
v 5.64151 7.68359 54.4734 
v 4.22406 7.68339 55.0104 
v 4.45652 7.68346 55.624 
v 5.77387 7.04387 54.9993 
v 5.44578 7.04379 54.431 
v 5.99248 7.04398 56.3884 
v 5.44579 7.00442 54.431 
v 6.43004 7.00467 56.1358 
v 5.6644 7.00453 55.8202 
v 5.68463 6.56155 54.4873 
v 4.24861 6.60072 54.9725 
v 6.32857 6.10899 56.3312 
v 6.32857 6.06962 56.3312 
v 5.61175 7.33917 55.8006 
v 5.15011 7.3391 56.006 
v 5.41681 7.33918 56.6055 
v 5.41682 7.29981 56.6055 
v 4.78928 7.04379 56.3254 
v 4.89875 7.04376 55.5045 
v 4.57067 7.00431 54.9363 
v 5.66434 7.38839 55.8201 
v 4.13306 7.34874 55.1889 
v 5.77382 7.34899 54.9993 
v 4.75758 7.48666 55.6026 
v 3.97577 7.44715 55.3294 
v 6.43022 5.87278 56.1359 
v 6.43022 5.91215 56.1359 
v 4.89879 6.7977 55.5045 
v 4.46123 6.79764 55.7572 
v 4.78932 6.79773 56.3254 
v 4.13315 6.75819 55.1889 
v 5.27267 7.73283 56.0763 
v 5.66187 7.73292 56.6046 
v 6.06865 7.6936 56.3049 
v 5.67946 7.69351 55.7766 
v 6.47543 7.69364 56.0052 
v 6.34257 6.70938 56.0821 
v 5.12223 6.70923 56.9811 
v 5.17498 6.70911 54.4972 
v 5.13981 6.74856 56.1531 
v 6.34256 6.74875 56.0821 
v 4.13313 6.89599 55.1889 
v 4.57069 6.85667 54.9363 
v 4.13314 6.85662 55.1889 
v 4.23496 5.5771 54.9937 
v 4.45757 5.61653 55.6109 
v 4.08782 5.72473 55.3195 
v 4.90137 5.76419 54.7201 
v 4.07291 6.64992 55.3758 
v 4.48645 6.61065 55.8853 
v 4.07291 6.61055 55.3758 
v 4.47057 7.86864 55.6056 
v 4.24828 7.86857 54.9882 
v 4.71082 7.75664 54.8217 
v 4.93725 7.79584 55.4375 
v 4.26049 7.90574 54.9838 
v 4.70508 7.90587 56.2185 
v 4.92738 7.90594 56.8359 
v 4.93312 7.75671 55.439 
v 5.84795 7.79604 56.5044 
v 6.30239 7.90613 56.3408 
v 5.85779 7.906 55.1061 
v 5.1852 7.75672 54.6509 
v 5.44602 5.54117 54.4311 
v 6.43027 5.56766 56.1359 
v 6.43028 5.52829 56.1359 
v 5.11761 5.52813 56.8938 
v 6.43028 5.52829 56.1359 
v 6.43027 5.56766 56.1359 
v 4.12473 5.65255 55.2104 
v 4.12473 5.66567 55.2104 
v 5.4231 5.62646 54.4283 
v 5.14048 5.66592 56.8966 
v 4.12473 5.66567 55.2104 
v 4.12473 5.65255 55.2104 
v 5.11739 6.88311 56.8937 
v 6.43006 6.8964 56.1358 
v 5.9925 6.89635 56.3884 
v 4.13313 6.89599 55.1889 
v 5.11739 6.88311 56.8937 
v 4.46122 6.89607 55.7572 
v 5.06634 5.71513 57.019 
v 4.11948 5.67552 55.2931 
v 4.75073 5.67568 56.4437 
v 4.11948 5.67552 55.2931 
v 6.18158 7.06698 56.4291 
v 5.22423 7.09309 56.7525 
v 5.70291 7.05379 56.5908 
v 4.32554 7.05352 55.6709 
v 4.74557 7.05366 56.9142 
v 4.74556 7.09303 56.9142 
v 5.44586 6.55167 54.431 
v 6.43012 6.55191 56.1358 
v 6.10204 6.51246 55.5676 
v 5.44586 6.5123 54.4311 
v 4.13318 6.5515 55.1889 
v 5.44586 6.55167 54.431 
v 5.66073 6.06942 54.4794 
v 4.23488 6.08234 54.9936 
v 5.66073 6.10879 54.4794 
v 5.66073 6.10879 54.4794 
v 6.32857 6.06962 56.3312 
v 5.66073 6.06942 54.4794 
v 5.70136 7.14238 56.682 
v 4.92402 7.12912 56.3964 
v 5.27396 7.14232 56.9514 
v 4.22413 7.14207 55.2862 
v 5.44582 6.75836 54.431 
v 4.13314 6.79756 55.1889 
v 5.00826 6.78455 54.6837 
v 6.10199 6.78477 55.5676 
v 5.44582 6.75836 54.431 
v 5.44582 6.79773 54.431 
v 5.10117 6.31552 56.8371 
v 6.40286 6.31568 56.0606 
v 5.96896 6.355 56.3194 
v 5.10117 6.31552 56.8371 
v 5.10116 6.35489 56.8371 
v 4.4288 6.31535 55.7101 
v 5.11747 6.39098 56.8937 
v 5.11747 6.40411 56.8937 
v 4.13321 6.36449 55.1889 
v 5.99258 6.40422 56.3885 
v 5.11747 6.40411 56.8937 
v 5.11747 6.39098 56.8937 
v 5.2211 5.94797 54.7127 
v 4.75947 5.94791 54.9181 
v 5.68273 5.96116 54.5074 
v 5.94943 5.93498 55.1069 
v 5.68274 5.92179 54.5074 
v 5.68273 5.96116 54.5074 
v 4.13329 5.91173 55.189 
v 5.44596 5.9119 54.4311 
v 5.44596 5.87253 54.4311 
v 5.44596 5.9119 54.4311 
v 6.43022 5.87278 56.1359 
v 5.44596 5.87253 54.4311 
v 5.8664 7.64436 56.4932 
v 6.33888 7.67068 56.3143 
v 4.92143 7.67048 56.8512 
v 4.22407 7.64402 55.0104 
v 4.68898 7.65729 56.2376 
v 4.92143 7.67048 56.8512 
v 4.7894 6.3056 56.3255 
v 4.13322 6.30544 55.1889 
v 4.13323 6.26607 55.1889 
v 5.4459 6.27936 54.4311 
v 4.13323 6.26607 55.1889 
v 4.13322 6.30544 55.1889 
v 4.13305 7.37499 55.1889 
v 5.44573 7.34891 54.431 
v 4.13306 7.34874 55.1889 
v 5.11731 7.38836 56.8937 
v 4.13305 7.37499 55.1889 
v 4.13306 7.34874 55.1889 
v 5.24487 7.48668 54.5006 
v 5.60365 7.48676 55.05 
v 6.32121 7.44757 56.1488 
v 5.0521 7.44741 56.9776 
v 5.47513 7.47371 56.7013 
v 5.47513 7.48683 56.7013 
v 5.22632 6.48943 56.93 
v 6.47831 6.5027 56.0756 
v 6.06098 6.50265 56.3604 
v 4.11671 6.46292 55.3041 
v 5.22632 6.48943 56.93 
v 5.22632 6.50255 56.93 
v 4.07291 6.61055 55.3758 
v 4.48645 6.61065 55.8853 
v 5.31353 6.6502 56.9042 
v 5.31354 6.61083 56.9042 
v 6.49036 6.65034 55.9489 
v 5.31353 6.6502 56.9042 
v 5.20476 5.98404 54.4226 
v 6.50007 5.99745 55.9049 
v 5.20477 5.97092 54.4226 
v 5.20476 5.98404 54.4226 
v 5.20477 5.97092 54.4226 
v 4.82431 5.99712 54.755 
v 4.90249 7.5458 56.8453 
v 4.67987 7.55886 56.2281 
v 4.67987 7.54573 56.2281 
v 4.90249 7.5458 56.8453 
v 6.32834 7.55912 56.3311 
v 4.90248 7.58517 56.8453 
v 4.11671 6.46292 55.3041 
v 5.36869 6.50244 54.4496 
v 5.3687 6.46307 54.4496 
v 5.36869 6.50244 54.4496 
v 5.73857 6.47628 54.9916 
v 5.3687 6.46307 54.4496 
v 6.43004 7.04404 56.1358 
v 5.99248 7.04398 56.3884 
v 5.11737 7.0045 56.8937 
v 4.13311 7.0305 55.1889 
v 5.11737 7.03075 56.8937 
v 5.11737 7.04387 56.8937 
v 4.22621 6.84678 54.9563 
v 4.98957 6.83387 56.7708 
v 4.48066 6.84685 55.5611 
v 5.45528 6.84706 56.5748 
v 4.98957 6.84699 56.7707 
v 4.98957 6.83387 56.7708 
v 5.91245 6.94555 56.459 
v 5.45082 6.94549 56.6643 
v 4.98919 6.91918 56.8697 
v 4.18909 6.93208 55.0711 
v 4.98919 6.91918 56.8697 
v 4.98919 6.94542 56.8697 
v 4.49428 7.71953 55.0197 
v 4.90106 7.7327 54.72 
v 4.90106 7.70645 54.72 
v 6.47543 7.70676 56.0052 
v 5.30784 7.7065 54.4204 
v 5.30784 7.73275 54.4204 
v 5.21509 7.62132 56.9853 
v 5.21509 7.6082 56.9853 
v 5.21509 7.59507 56.9853 
v 6.06988 7.63455 56.4464 
v 5.44571 7.49655 54.431 
v 6.42996 7.53616 56.1358 
v 6.42997 7.49679 56.1358 
v 6.42996 7.53616 56.1358 
v 5.99241 7.50986 56.3884 
v 6.42997 7.49679 56.1358 
v 6.10466 6.56168 55.7306 
v 5.68463 6.56155 54.4873 
v 6.31467 6.588 56.3523 
v 4.87866 6.60092 56.8374 
v 6.31468 6.57487 56.3523 
v 6.31467 6.588 56.3523 
v 4.78928 7.04379 56.3254 
v 4.46119 7.04371 55.7572 
v 5.44579 7.00442 54.431 
v 4.13311 7.0305 55.1889 
v 4.13311 7.04362 55.1889 
v 5.11753 6.02025 56.8937 
v 6.4302 6.02042 56.1358 
v 6.43019 6.05979 56.1358 
v 5.44593 6.05954 54.4311 
v 6.43019 6.05979 56.1358 
v 6.4302 6.02042 56.1358 
v 5.63287 6.4139 54.4211 
v 4.7096 6.4269 54.8318 
v 4.24796 6.45308 55.0372 
v 5.04806 6.45331 56.8358 
v 4.24796 6.45308 55.0372 
v 4.24797 6.41371 55.0372 
v 5.04807 6.41394 56.8358 
v 6.43296 6.42725 56.2197 
v 5.04806 6.45331 56.8358 
v 5.04807 6.41394 56.8358 
v 5.55496 6.78474 56.6411 
v 5.11741 6.75844 56.8937 
v 5.99252 6.79792 56.3884 
v 4.13315 6.75819 55.1889 
v 5.11741 6.75844 56.8937 
v 5.1174 6.79781 56.8937 
v 4.07291 6.64992 55.3758 
v 4.46518 6.64997 55.0574 
v 5.24975 6.61069 54.4206 
v 6.49036 6.63721 55.9489 
v 5.24975 6.61069 54.4206 
v 5.24974 6.65006 54.4206 
v 4.24861 6.60072 54.9725 
v 5.20595 6.60085 54.649 
v 5.68463 6.56155 54.4873 
v 5.68462 6.60092 54.4873 
v 4.13319 6.51213 55.1889 
v 5.11745 6.5255 56.8937 
v 4.78936 6.55166 56.3254 
v 6.43012 6.55191 56.1358 
v 5.11744 6.55174 56.8937 
v 5.11745 6.5255 56.8937 
v 6.49045 6.11884 55.9489 
v 5.66337 6.11866 54.93 
v 6.0769 6.13187 55.4395 
v 4.85755 6.11852 54.739 
v 5.24982 6.15793 54.4206 
v 5.24982 6.13169 54.4206 
v 5.63286 6.45327 54.4211 
v 6.43296 6.42725 56.2197 
v 6.16627 6.41405 55.6202 
v 5.17123 6.44008 54.6265 
v 5.63287 6.44015 54.4211 
v 5.63287 6.42702 54.4211 
v 6.43023 5.81372 56.1359 
v 5.11756 5.81356 56.8937 
v 5.11757 5.77419 56.8937 
v 5.11757 5.77419 56.8937 
v 5.11756 5.81356 56.8937 
v 4.13331 5.77394 55.189 
v 5.12223 6.72235 56.9811 
v 3.95465 6.70896 55.3963 
v 4.34384 6.70905 55.9245 
v 6.34257 6.70938 56.0821 
v 5.12223 6.72235 56.9811 
v 5.12223 6.70923 56.9811 
v 5.02005 7.63429 54.7812 
v 6.14735 7.59515 55.6219 
v 5.44746 7.59498 54.5118 
v 5.44746 7.6081 54.5118 
v 5.47256 7.16519 54.4349 
v 5.47256 7.15207 54.4349 
v 5.0296 7.19138 54.6779 
v 6.41943 7.15231 56.1607 
v 5.47256 7.15207 54.4349 
v 5.47256 7.16519 54.4349 
v 5.30815 5.72487 54.4205 
v 4.08782 5.72473 55.3195 
v 4.90137 5.76419 54.7201 
v 6.47574 5.76451 56.0053 
v 5.30815 5.72487 54.4205 
v 5.30815 5.75112 54.4205 
v 4.67993 6.67296 54.8435 
v 4.21118 6.69914 55.0321 
v 5.61742 6.65996 54.4664 
v 4.21118 6.68602 55.0321 
v 4.70095 6.68616 56.2496 
v 4.21118 6.69914 55.0321 
v 4.75983 6.20716 56.2157 
v 4.27006 6.20702 54.9981 
v 4.51494 6.19397 55.6069 
v 5.6763 6.16785 54.4325 
v 4.27006 6.1939 54.9981 
v 4.27006 6.20702 54.9981 
v 4.09262 6.35464 55.1466 
v 4.52652 6.32845 54.8878 
v 4.09262 6.31527 55.1466 
v 4.09262 6.35464 55.1466 
v 4.46129 6.40394 55.7572 
v 4.13321 6.39074 55.1889 
v 5.00832 6.40397 54.6837 
v 4.13321 6.39074 55.1889 
v 4.13321 6.40386 55.1889 
v 4.08759 7.2011 55.3194 
v 4.08758 7.24047 55.3194 
v 5.30792 7.20125 54.4204 
v 5.25517 7.24074 56.9043 
v 4.08758 7.24047 55.3194 
v 4.08759 7.2011 55.3194 
v 6.38671 6.80781 56.183 
v 5.62335 6.8076 54.3685 
v 5.8778 6.84704 54.9733 
v 6.38671 6.83406 56.183 
v 6.38671 6.80781 56.183 
v 4.07298 6.1578 55.3759 
v 4.90007 6.15798 56.3948 
v 4.07299 6.11843 55.3759 
v 5.31361 6.11871 56.9042 
v 5.11733 7.28993 56.8937 
v 5.55489 7.25062 56.641 
v 6.43 7.2901 56.1358 
v 5.44574 7.28986 54.431 
v 6.43 7.2901 56.1358 
v 6.43001 7.25073 56.1358 
v 5.35278 6.95519 54.4222 
v 4.93544 6.95514 54.707 
v 4.10078 6.99441 55.2766 
v 4.10078 6.99441 55.2766 
v 4.10078 6.95504 55.2766 
v 5.21039 6.96843 56.9025 
v 4.42179 7.2996 55.6118 
v 4.95518 7.33912 56.8109 
v 4.15509 7.33889 55.0123 
v 4.15509 7.32577 55.0123 
v 5.53999 7.29971 54.3962 
v 4.15509 7.29952 55.0123 
v 5.25509 7.71975 56.9043 
v 5.2551 7.6935 56.9043 
v 5.66187 7.73292 56.6046 
v 4.8659 7.69341 56.376 
v 5.2551 7.6935 56.9043 
v 5.25509 7.71975 56.9043 
v 5.55153 7.06678 54.5641 
v 5.55153 7.09303 54.5641 
v 5.97157 7.05379 55.8074 
v 5.07286 7.09296 54.7258 
v 5.55153 7.09303 54.5641 
v 5.55153 7.06678 54.5641 
v 6.41943 7.15231 56.1607 
v 5.09054 7.1915 56.8898 
v 5.09055 7.15213 56.8898 
v 4.14368 7.16502 55.164 
v 5.09055 7.15213 56.8898 
v 5.09054 7.1915 56.8898 
v 4.84052 6.99459 56.3605 
v 5.21039 6.96843 56.9025 
v 6.46238 6.99483 56.0481 
v 5.21039 6.99467 56.9025 
v 5.11749 6.26631 56.8937 
v 6.43016 6.29273 56.1358 
v 5.11748 6.30568 56.8937 
v 5.11748 6.30568 56.8937 
v 5.11749 6.26631 56.8937 
v 4.46116 7.2504 55.7571 
v 4.78925 7.25048 56.3254 
v 5.11733 7.28993 56.8937 
v 5.11733 7.25056 56.8937 
v 4.65153 7.14212 55.0168 
v 5.50633 7.14223 54.4779 
v 5.50633 7.11598 54.4779 
v 5.50633 7.14223 54.4779 
v 4.90114 7.24057 54.7201 
v 5.69711 7.22759 54.9487 
v 5.30792 7.20125 54.4204 
v 5.30791 7.24062 54.4204 
v 5.2104 6.9553 56.9025 
v 6.46239 6.95546 56.0481 
v 6.46239 6.96858 56.0481 
v 5.35277 6.98144 54.4222 
v 6.46239 6.96858 56.0481 
v 6.46239 6.95546 56.0481 
v 5.97646 7.19162 56.4037 
v 6.41942 7.19168 56.1607 
v 5.4458 6.89615 54.431 
v 5.77389 6.89624 54.9993 
v 6.43007 6.85703 56.1358 
v 6.43007 6.85703 56.1358 
v 5.55495 6.87004 56.6411 
v 5.11754 5.91198 56.8937 
v 6.43022 5.87278 56.1359 
v 6.43022 5.91215 56.1359 
v 6.43022 5.91215 56.1359 
v 5.09706 6.25647 56.9803 
v 3.96194 6.24308 55.3721 
v 3.96194 6.22996 55.3721 
v 5.2003 6.25636 54.498 
v 3.96194 6.22996 55.3721 
v 3.96194 6.24308 55.3721 
v 6.07682 6.65025 55.4395 
v 6.49036 6.63721 55.9489 
v 5.66081 5.61666 54.4794 
v 6.32864 5.61687 56.3312 
v 6.10604 5.57743 55.7139 
v 6.32864 5.61687 56.3312 
v 4.90279 5.61667 56.8454 
v 5.37808 5.57737 56.674 
v 4.56029 7.39801 54.9465 
v 4.99419 7.41119 54.6876 
v 4.99419 7.39807 54.6876 
v 4.1264 7.39796 55.2054 
v 4.46258 7.39804 55.7689 
v 4.12639 7.41108 55.2054 
v 6.31053 7.88136 56.3379 
v 5.84795 7.79604 56.5044 
v 5.8521 7.75692 56.503 
v 5.37772 7.75685 56.6738 
v 5.24487 7.47355 54.5006 
v 3.97577 7.48652 55.3294 
v 5.24487 7.48668 54.5006 
v 5.24487 7.47355 54.5006 
v 4.90271 6.10879 56.8454 
v 4.23487 6.10859 54.9936 
v 4.90272 6.09567 56.8454 
v 6.32857 6.10899 56.3312 
v 4.90271 6.10879 56.8454 
v 4.90272 6.09567 56.8454 
v 4.57062 7.28974 54.9363 
v 5.44574 7.26361 54.431 
v 5.44575 7.25049 54.431 
v 5.77383 7.25057 54.9993 
v 5.44575 7.25049 54.431 
v 5.44574 7.26361 54.431 
v 5.44578 7.04379 54.431 
v 6.10195 7.03083 55.5675 
v 5.44579 7.00442 54.431 
v 5.44578 7.04379 54.431 
v 5.00822 7.04374 54.6837 
v 5.53998 7.33908 54.3962 
v 6.34008 7.3393 56.1948 
v 5.80669 7.29978 54.9957 
v 5.53998 7.33908 54.3962 
v 6.4755 7.24089 56.0052 
v 5.25517 7.2145 56.9043 
v 5.25517 7.20137 56.9043 
v 4.86598 7.20128 56.376 
v 5.25517 7.20137 56.9043 
v 5.25517 7.2145 56.9043 
v 5.9924 7.53611 56.3884 
v 4.13303 7.52263 55.1889 
v 5.11729 7.49663 56.8937 
v 5.11729 7.52287 56.8937 
v 5.44602 5.54117 54.4311 
v 4.13334 5.55412 55.189 
v 5.44601 5.56742 54.4311 
v 5.44601 5.56742 54.4311 
v 5.66081 5.57729 54.4794 
v 5.18552 5.60348 54.6508 
v 5.66081 5.61666 54.4794 
v 5.66081 5.57729 54.4794 
v 4.11948 5.71489 55.2931 
v 5.44836 5.71506 54.5641 
v 5.44837 5.67569 54.5641 
v 6.39522 5.7153 56.2899 
v 5.44837 5.67569 54.5641 
v 5.44836 5.71506 54.5641 
v 5.00815 7.52274 54.6836 
v 4.13303 7.53575 55.1889 
v 4.57059 7.53581 54.9363 
v 5.4457 7.53592 54.431 
v 5.77379 7.536 54.9993 
v 6.43016 6.26648 56.1358 
v 5.4459 6.27936 54.4311 
v 5.4459 6.3056 54.4311 
v 5.4459 6.3056 54.4311 
v 5.4231 5.62646 54.4283 
v 5.76169 5.63968 54.9903 
v 6.43886 5.62671 56.1145 
v 5.4231 5.66583 54.4283 
v 5.44589 6.36466 54.4311 
v 5.00833 6.3646 54.6837 
v 6.43015 6.3649 56.1358 
v 5.44589 6.36466 54.4311 
v 5.44588 6.37778 54.4311 
v 4.08782 5.72473 55.3195 
v 5.25541 5.725 56.9044 
v 5.2554 5.76437 56.9044 
v 5.2554 5.76437 56.9044 
v 5.25541 5.725 56.9044 
v 6.47574 5.76451 56.0053 
v 5.42809 7.43749 54.4288 
v 5.76427 7.43757 54.9923 
v 5.42809 7.39812 54.4288 
v 4.99419 7.43744 54.6876 
v 5.42809 7.43749 54.4288 
v 5.42809 7.39812 54.4288 
v 5.43169 5.82332 54.4793 
v 4.03455 5.8625 55.0671 
v 4.96598 5.8495 54.6752 
v 5.43169 5.82332 54.4793 
v 5.43169 5.86269 54.4793 
v 6.19505 5.82354 56.2938 
v 4.13327 6.02 55.189 
v 5.11753 6.02025 56.8937 
v 5.11752 6.05962 56.8937 
v 5.11752 6.05962 56.8937 
v 5.14048 5.66592 56.8966 
v 5.57328 5.6266 56.6359 
v 6.43885 5.66608 56.1145 
v 4.8019 5.6396 56.3345 
v 5.14049 5.62655 56.8966 
v 5.2003 6.25636 54.498 
v 5.57867 6.25644 55.0341 
v 5.95705 6.21716 55.5702 
v 5.2003 6.23011 54.498 
v 4.78751 6.23006 54.7894 
v 6.42999 7.3754 56.1358 
v 5.44573 7.36203 54.431 
v 5.44573 7.37516 54.431 
v 4.57061 7.38817 54.9363 
v 5.44573 7.37516 54.431 
v 5.44573 7.36203 54.431 
v 4.13335 5.52788 55.189 
v 5.11761 5.52813 56.8938 
v 5.1176 5.5675 56.8938 
v 5.1176 5.5675 56.8938 
v 4.94584 6.69935 56.8583 
v 4.94584 6.68623 56.8583 
v 6.35207 6.68642 56.2927 
v 4.94584 6.69935 56.8583 
v 5.11731 7.38836 56.8937 
v 5.55487 7.34904 56.641 
v 6.42998 7.38853 56.1358 
v 4.78923 7.34891 56.3254 
v 6.50007 5.99745 55.9049 
v 5.35872 5.9842 56.9022 
v 5.35872 5.97107 56.9022 
v 4.06341 5.97079 55.42 
v 5.35872 5.97107 56.9022 
v 5.35872 5.9842 56.9022 
v 4.79791 5.82335 56.8815 
v 4.289 5.86257 55.6719 
v 4.28901 5.8232 55.6719 
v 4.79791 5.84959 56.8815 
v 4.79791 5.82335 56.8815 
v 5.72933 5.86284 56.4897 
v 5.62335 6.82072 54.3685 
v 4.22621 6.84678 54.9563 
v 5.15763 6.8469 54.5644 
v 5.62335 6.84697 54.3685 
v 5.62335 6.82072 54.3685 
v 5.39432 6.3548 54.37 
v 5.39432 6.31543 54.37 
v 5.39432 6.3548 54.37 
v 6.06668 6.3156 55.4971 
v 5.39432 6.31543 54.37 
v 5.87397 7.64429 55.087 
v 5.64152 7.64422 54.4734 
v 5.64151 7.65734 54.4734 
v 5.16903 7.64415 54.6524 
v 5.64151 7.65734 54.4734 
v 5.64152 7.64422 54.4734 
v 6.47543 7.69364 56.0052 
v 6.06865 7.6936 56.3049 
v 6.47543 7.69364 56.0052 
v 6.47543 7.70676 56.0052 
v 4.23464 7.57185 54.9936 
v 4.23465 7.5456 54.9936 
v 4.45725 7.58504 55.6108 
v 5.6605 7.55892 54.4793 
v 4.23465 7.5456 54.9936 
v 4.23464 7.57185 54.9936 
v 6.43004 7.00467 56.1358 
v 5.55493 7.00456 56.641 
v 6.43004 7.00467 56.1358 
v 4.13327 6.02 55.189 
v 4.13326 6.05937 55.189 
v 5.00838 6.02011 54.6837 
v 4.13326 6.05937 55.189 
v 3.97577 7.44715 55.3294 
v 4.33454 7.48661 55.8788 
v 3.97577 7.48652 55.3294 
v 3.97577 7.44715 55.3294 
v 6.41095 6.20743 56.2587 
v 5.00472 6.16786 56.8244 
v 6.41095 6.16806 56.2587 
v 5.67629 6.20722 54.4325 
v 6.41095 6.20743 56.2587 
v 6.41095 6.16806 56.2587 
v 6.47551 7.20152 56.0052 
v 6.47551 7.20152 56.0052 
v 4.1167 6.50229 55.304 
v 4.1167 6.50229 55.304 
v 4.13307 7.26344 55.1889 
v 4.78924 7.28985 56.3254 
v 4.13307 7.28969 55.1889 
v 4.13307 7.27656 55.1889 
v 5.07286 7.05359 54.7258 
v 4.11552 7.05346 55.0492 
v 4.11552 7.09283 55.0492 
v 4.32553 7.09289 55.6709 
v 4.11552 7.09283 55.0492 
v 4.11552 7.05346 55.0492 
v 4.0634 5.99704 55.42 
v 4.44386 5.97083 55.0875 
v 4.06341 5.97079 55.42 
v 4.0634 5.99704 55.42 
v 6.19505 5.84978 56.2938 
v 6.19505 5.82354 56.2938 
v 6.19505 5.84978 56.2938 
v 5.44597 5.81348 54.4311 
v 4.13331 5.77394 55.189 
v 4.1333 5.80019 55.189 
v 4.1333 5.80019 55.189 
v 6.43886 5.62671 56.1145 
v 6.00607 5.63979 56.3752 
v 5.4231 5.66583 54.4283 
v 6.43885 5.66608 56.1145 
v 6.34257 6.70938 56.0821 
v 5.56417 6.74857 55.0255 
v 5.95336 6.74866 55.5538 
v 6.34256 6.74875 56.0821 
v 6.43014 6.37803 56.1358 
v 5.11747 6.36474 56.8937 
v 6.43014 6.40427 56.1358 
v 6.43014 6.37803 56.1358 
v 6.10205 6.40419 55.5676 
v 5.50985 6.21715 56.689 
v 6.33542 6.25662 56.1063 
v 5.50985 6.23027 56.689 
v 6.33542 6.25662 56.1063 
v 6.33543 6.21725 56.1063 
v 6.37409 6.94561 56.2536 
v 4.98919 6.90605 56.8697 
v 5.91245 6.9193 56.459 
v 6.37409 6.94561 56.2536 
v 6.37409 6.90624 56.2536 
v 5.84069 6.94546 55.0546 
v 6.48283 5.94826 56.306 
v 6.48283 5.93513 56.306 
v 5.55957 5.92188 56.7167 
v 6.48283 5.93513 56.306 
v 6.48283 5.94826 56.306 
v 6.11963 5.97116 56.2373 
v 6.50008 5.9712 55.9049 
v 4.92402 7.11599 56.3964 
v 4.22413 7.14207 55.2862 
v 5.07893 7.10281 54.7473 
v 4.22413 7.1027 55.2862 
v 6.48283 5.96138 56.306 
v 5.09793 5.96119 56.922 
v 5.09794 5.92182 56.922 
v 4.29784 5.9216 55.1235 
v 5.09794 5.92182 56.922 
v 5.09793 5.96119 56.922 
v 6.43663 7.43774 56.1193 
v 5.56883 7.43763 56.637 
v 5.13493 7.42445 56.8959 
v 5.13493 7.43757 56.8959 
v 4.79875 7.43749 56.3324 
v 5.13493 7.42445 56.8959 
v 5.11236 6.9322 54.6604 
v 4.18909 6.9452 55.0711 
v 4.65073 6.94526 54.8658 
v 5.57399 6.91914 54.455 
v 5.57399 6.93227 54.455 
v 5.41682 7.32606 56.6055 
v 4.95519 7.29975 56.8109 
v 5.87845 7.33924 56.4002 
v 4.95519 7.29975 56.8109 
v 4.90279 5.61667 56.8454 
v 4.45757 5.61653 55.6109 
v 4.68019 5.57723 56.2282 
v 4.9028 5.5773 56.8454 
v 4.13313 6.89599 55.1889 
v 5.4458 6.89615 54.431 
v 4.57069 6.85667 54.9363 
v 5.44581 6.85678 54.431 
v 6.46238 6.99483 56.0481 
v 5.35277 6.99456 54.4222 
v 5.35277 6.98144 54.4222 
v 5.35277 6.99456 54.4222 
v 5.44598 5.77411 54.4311 
v 5.44597 5.81348 54.4311 
v 6.43024 5.77435 56.1359 
v 5.44598 5.77411 54.4311 
v 4.27006 6.16765 54.9981 
v 5.00472 6.16786 56.8244 
v 5.9422 6.20736 56.4473 
v 5.47345 6.2073 56.6359 
v 5.61742 6.68621 54.4664 
v 5.8623 6.6994 55.0751 
v 5.86231 6.66003 55.0751 
v 5.14867 6.69927 54.6549 
v 5.61742 6.69933 54.4664 
v 5.61742 6.68621 54.4664 
v 5.17498 6.70911 54.4972 
v 3.95464 6.74833 55.3963 
v 5.17498 6.72223 54.4972 
v 4.7682 6.70906 54.7969 
v 5.0521 7.48678 56.9776 
v 5.0521 7.44741 56.9776 
v 5.0521 7.48678 56.9776 
v 5.20755 6.20715 54.621 
v 5.20755 6.19403 54.621 
v 5.6763 6.16785 54.4325 
v 4.69694 7.88109 56.2215 
v 4.24828 7.86857 54.9882 
v 4.47057 7.86864 55.6056 
v 5.38047 7.78294 56.6728 
v 4.92331 7.89355 56.8374 
v 4.91517 7.86877 56.8403 
v 4.94584 6.65998 56.8583 
v 6.35208 6.66018 56.2927 
v 6.35207 6.68642 56.2927 
v 6.35208 6.66018 56.2927 
v 6.42999 7.3754 56.1358 
v 6.1019 7.38844 55.5675 
v 6.42998 7.38853 56.1358 
v 6.49729 7.59523 56.177 
v 6.06989 7.6083 56.4464 
v 5.7974 7.63443 55.0668 
v 6.49729 7.6346 56.177 
v 6.49729 7.59523 56.177 
v 4.08781 5.7641 55.3195 
v 4.08781 5.7641 55.3195 
v 6.43008 6.79798 56.1358 
v 5.99253 6.75855 56.3884 
v 6.43008 6.75861 56.1358 
v 6.43008 6.79798 56.1358 
v 4.90272 6.06942 56.8454 
v 6.32857 6.06962 56.3312 
v 5.85328 6.08268 56.5026 
v 6.32857 6.10899 56.3312 
v 5.41682 7.29981 56.6055 
v 6.34009 7.29993 56.1948 
v 6.34008 7.3393 56.1948 
v 6.34009 7.29993 56.1948 
v 5.11754 5.91198 56.8937 
v 4.78946 5.9119 56.3255 
v 4.13329 5.87236 55.189 
v 4.13329 5.87236 55.189 
v 4.13329 5.89861 55.189 
v 5.97156 7.08004 55.8074 
v 6.18158 7.05386 56.4291 
v 6.18158 7.0801 56.4291 
v 5.64365 6.46323 56.6452 
v 6.47832 6.46333 56.0756 
v 5.73857 6.50253 54.9916 
v 6.47831 6.5027 56.0756 
v 6.47832 6.46333 56.0756 
v 5.24982 6.15793 54.4206 
v 6.49044 6.15821 55.9489 
v 6.49044 6.14509 55.9489 
v 5.70588 6.145 56.5858 
v 6.49044 6.14509 55.9489 
v 6.49044 6.15821 55.9489 
v 4.13314 6.85662 55.1889 
v 4.13314 6.85662 55.1889 
v 5.6605 7.55892 54.4793 
v 6.32834 7.55912 56.3311 
v 6.32834 7.546 56.3311 
v 5.85305 7.54593 56.5025 
v 6.32834 7.546 56.3311 
v 4.13303 7.52263 55.1889 
v 5.00815 7.49649 54.6836 
v 5.11729 7.536 56.8936 
v 4.13303 7.53575 55.1889 
v 4.23488 6.06922 54.9936 
v 4.23488 6.06922 54.9936 
v 4.90272 6.06942 56.8454 
v 4.23488 6.08234 54.9936 
v 4.78932 6.79773 56.3254 
v 4.46123 6.79764 55.7572 
v 4.13315 6.75819 55.1889 
v 4.57071 6.77137 54.9363 
v 4.86589 7.73278 56.376 
v 4.4767 7.73269 55.8477 
v 4.0875 7.71948 55.3194 
v 4.0875 7.71948 55.3194 
v 4.24828 7.86857 54.9882 
v 4.7122 7.76969 54.8212 
v 4.71082 7.75664 54.8217 
v 5.1852 7.75672 54.6509 
v 4.71496 7.79577 54.8202 
v 5.18106 7.79584 54.6523 
v 5.18244 7.7828 54.6518 
v 5.63957 7.89354 54.4872 
v 5.38185 7.79598 56.6723 
v 5.11755 5.87261 56.8937 
v 5.11755 5.87261 56.8937 
v 5.66049 7.57204 54.4793 
v 5.88311 7.58524 55.0966 
v 5.18521 7.5851 54.6507 
v 5.66049 7.58517 54.4793 
v 5.66049 7.57204 54.4793 
v 5.31361 6.11871 56.9042 
v 6.09817 6.13192 56.2674 
v 5.31361 6.13183 56.9042 
v 6.39523 5.67593 56.2899 
v 5.06634 5.71513 57.019 
v 5.06635 5.67576 57.019 
v 5.06635 5.67576 57.019 
v 5.44593 6.05954 54.4311 
v 5.44594 6.02017 54.4311 
v 4.87867 6.56155 56.8374 
v 5.83601 6.56168 56.514 
v 4.87866 6.58779 56.8374 
v 4.66865 6.56148 56.2158 
v 4.87867 6.56155 56.8374 
v 4.87866 6.58779 56.8374 
v 5.09706 6.23022 56.9803 
v 4.71869 6.21701 56.4443 
v 5.09706 6.25647 56.9803 
v 5.09706 6.23022 56.9803 
v 5.87001 7.86883 55.1017 
v 5.64771 7.86876 54.4843 
v 5.64364 7.88115 54.4858 
v 5.64364 7.88115 54.4858 
v 5.64771 7.86876 54.4843 
v 4.4593 7.17822 55.7392 
v 4.14368 7.19126 55.164 
v 4.58664 7.15195 54.9209 
v 4.14368 7.16502 55.164 
v 4.14368 7.19126 55.164 
v 5.11236 6.90596 54.6604 
v 4.18909 6.90583 55.0711 
v 4.18909 6.93208 55.0711 
v 4.45579 6.90591 55.6706 
v 4.18909 6.90583 55.0711 
v 6.43012 6.51254 56.1358 
v 6.43012 6.51254 56.1358 
v 5.11745 6.51237 56.8937 
v 3.95464 6.74833 55.3963 
v 5.12223 6.7486 56.9811 
v 3.95465 6.70896 55.3963 
v 6.40286 6.35505 56.0606 
v 6.40286 6.34193 56.0606 
v 6.40286 6.34193 56.0606 
v 6.40286 6.35505 56.0606 
v 6.43664 7.39837 56.1193 
v 6.10046 7.39829 55.5558 
v 6.43663 7.41149 56.1193 
v 6.00274 7.39831 56.3782 
v 6.43664 7.39837 56.1193 
v 6.43663 7.41149 56.1193 
v 6.43016 6.30585 56.1358 
v 6.43016 6.30585 56.1358 
v 6.43016 6.29273 56.1358 
v 4.29784 5.9216 55.1235 
v 5.2211 5.93485 54.7127 
v 5.68274 5.92179 54.5074 
v 4.29783 5.96097 55.1235 
v 6.43297 6.41412 56.2197 
v 6.43297 6.41412 56.2197 
v 6.47574 5.72514 56.0053 
v 6.08655 5.72505 55.477 
v 6.47574 5.72514 56.0053 
v 4.11948 5.71489 55.2931 
v 4.11948 5.67552 55.2931 
v 4.13334 5.55412 55.189 
v 5.44602 5.52805 54.4311 
v 4.13335 5.52788 55.189 
v 4.07291 6.64992 55.3758 
v 4.07291 6.61055 55.3758 
v 5.77406 5.81356 54.9993 
v 6.43024 5.77435 56.1359 
v 6.10642 7.68373 55.7006 
v 6.33888 7.6838 56.3143 
v 6.33888 7.67068 56.3143 
v 6.33888 7.6838 56.3143 
v 4.03455 5.83625 55.0671 
v 4.03455 5.82313 55.0671 
v 4.03455 5.82313 55.0671 
v 4.03455 5.83625 55.0671 
v 6.39522 5.7153 56.2899 
v 6.39523 5.67593 56.2899 
v 4.87866 6.60092 56.8374 
v 4.24861 6.60072 54.9725 
v 4.72729 6.56141 54.8108 
v 4.23496 5.59022 54.9937 
v 4.23496 5.5771 54.9937 
v 4.23496 5.5771 54.9937 
v 4.23496 5.59022 54.9937 
v 4.13319 6.51213 55.1889 
v 4.13318 6.5515 55.1889 
v 4.46127 6.55158 55.7572 
v 5.62335 6.8076 54.3685 
v 4.69192 6.82059 54.7604 
v 4.22621 6.80741 54.9563 
v 4.22406 7.68339 55.0104 
v 4.22406 7.67027 55.0104 
v 4.45652 7.68346 55.624 
v 4.70508 7.90587 56.2185 
v 4.26049 7.90574 54.9838 
v 4.26049 7.90574 54.9838 
v 5.85779 7.906 55.1061 
v 6.30239 7.90613 56.3408 
v 6.30646 7.89375 56.3393 
v 6.30646 7.89375 56.3393 
v 6.30239 7.90613 56.3408 
v 4.92144 7.65735 56.8512 
v 5.8664 7.64436 56.4932 
v 4.92144 7.64423 56.8512 
v 6.08623 7.73292 55.4769 
v 6.47542 7.73301 56.0052 
v 6.47542 7.73301 56.0052 
v 6.06865 7.73297 56.3049 
v 6.06865 7.73297 56.3049 
v 6.47542 7.73301 56.0052 
v 6.08623 7.73292 55.4769 
v 5.56884 7.39826 56.637 
v 5.56884 7.39826 56.637 
v 5.86639 7.68373 56.4932 
v 4.68898 7.68353 56.2376 
v 4.69287 7.8687 56.2229 
v 4.69287 7.8687 56.2229 
v 5.09054 7.1915 56.8898 
v 5.97646 7.19162 56.4037 
v 5.47256 7.19144 54.4349 
v 5.00826 6.79767 54.6837 
v 5.44582 6.79773 54.431 
v 5.85305 7.57218 56.5025 
v 5.85305 7.5853 56.5025 
v 6.32833 7.57225 56.3311 
v 6.10572 7.5853 55.7138 
v 6.32833 7.58537 56.3311 
v 6.32833 7.58537 56.3311 
v 4.4593 7.19134 55.7392 
v 5.0296 7.19138 54.6779 
v 6.10466 6.56168 55.7306 
v 5.35871 6.01044 56.9022 
v 6.50007 6.01057 55.9049 
v 6.50007 6.01057 55.9049 
v 3.97577 7.48652 55.3294 
v 4.33454 7.48661 55.8788 
v 4.98919 6.90605 56.8697 
v 4.22407 7.64402 55.0104 
v 4.22406 7.67027 55.0104 
v 4.22407 7.64402 55.0104 
v 5.16903 7.64415 54.6524 
v 4.45653 7.64409 55.624 
v 6.46238 6.99483 56.0481 
v 5.21039 6.99467 56.9025 
v 5.21039 6.99467 56.9025 
v 6.09231 7.8689 55.719 
v 5.86187 7.89361 55.1046 
v 6.09231 7.8689 55.719 
v 6.31053 7.88136 56.3379 
v 6.3146 7.86897 56.3364 
v 5.8521 7.75692 56.503 
v 5.60365 7.48676 55.05 
v 5.24487 7.48668 54.5006 
v 5.87397 7.68366 55.087 
v 5.63394 7.68366 55.8796 
v 5.64151 7.68359 54.4734 
v 5.87397 7.68366 55.087 
v 5.27396 7.14232 56.9514 
v 5.21509 7.63444 56.9853 
v 5.29254 7.63441 56.1608 
v 5.21509 7.63444 56.9853 
v 4.16526 7.60794 55.3201 
v 5.39391 7.68367 56.6722 
v 4.92143 7.6836 56.8512 
v 4.92143 7.6836 56.8512 
v 5.39391 7.68367 56.6722 
v 4.23487 6.10859 54.9936 
v 4.15509 7.29952 55.0123 
v 5.53999 7.29971 54.3962 
v 4.15509 7.32577 55.0123 
v 4.15509 7.29952 55.0123 
v 5.02006 7.59492 54.7812 
v 5.44746 7.6081 54.5118 
v 5.44746 7.59498 54.5118 
v 5.44746 7.59498 54.5118 
v 5.15012 7.29973 56.006 
v 4.42179 7.2996 55.6118 
v 4.89867 7.53589 55.5045 
v 5.00814 7.53586 54.6836 
v 5.32123 6.50248 55.2764 
v 5.66432 7.53603 55.8201 
v 5.55484 7.53605 56.641 
v 6.10643 7.64436 55.7006 
v 6.10643 7.64436 55.7006 
v 5.64152 7.64422 54.4734 
v 5.11733 7.25056 56.8937 
v 5.11733 7.25056 56.8937 
v 4.78925 7.25048 56.3254 
v 4.53555 7.09296 56.2925 
v 4.11552 7.05346 55.0492 
v 4.92738 7.90594 56.8359 
v 5.61742 6.69933 54.4664 
v 5.14867 6.69927 54.6549 
v 5.61742 6.69933 54.4664 
v 4.47065 6.95513 55.8186 
v 5.2104 6.9553 56.9025 
v 5.30815 5.75112 54.4205 
v 5.30815 5.76424 54.4205 
v 4.0875 7.7326 55.3194 
v 4.90106 7.7327 54.72 
v 4.0875 7.7326 55.3194 
v 5.574 6.90602 54.455 
v 4.45579 6.94528 55.6706 
v 4.18909 6.9452 55.0711 
v 5.66187 7.69355 56.6046 
v 5.66187 7.69355 56.6046 
v 4.56029 7.39801 54.9465 
v 4.46258 7.39804 55.7689 
v 4.99419 7.39807 54.6876 
v 5.29034 7.20129 55.2484 
v 4.88356 7.20124 55.548 
v 4.47678 7.20119 55.8477 
v 4.47678 7.20119 55.8477 
v 4.86598 7.20128 56.376 
v 4.71496 7.79577 54.8202 
v 4.11552 7.09283 55.0492 
v 4.93254 7.54573 55.4394 
v 5.85305 7.54593 56.5025 
v 5.15516 7.5458 56.0567 
v 5.17498 6.72223 54.4972 
v 5.15739 6.74852 55.3252 
v 5.17497 6.74848 54.4972 
v 5.17497 6.74848 54.4972 
v 4.36142 6.74838 55.0966 
v 5.17497 6.74848 54.4972 
v 4.98957 6.80762 56.7708 
v 4.98957 6.80762 56.7708 
v 4.22406 7.68339 55.0104 
v 5.00814 7.53586 54.6836 
v 5.4457 7.53592 54.431 
v 5.44571 7.49655 54.431 
v 5.44571 7.49655 54.431 
v 6.42997 7.49679 56.1358 
v 5.22424 7.05372 56.7525 
v 5.22424 7.05372 56.7525 
v 4.74557 7.05366 56.9142 
v 5.69703 7.73283 54.9487 
v 5.69703 7.73283 54.9487 
v 5.30784 7.73275 54.4204 
v 5.55497 6.75849 56.6411 
v 5.55497 6.75849 56.6411 
v 3.96194 6.25621 55.3721 
v 3.96194 6.25621 55.3721 
v 4.95518 7.33912 56.8109 
v 4.95518 7.33912 56.8109 
v 5.11739 6.85686 56.8937 
v 4.47065 6.95513 55.8186 
v 4.93544 6.95514 54.707 
v 4.10078 6.95504 55.2766 
v 4.10078 6.95504 55.2766 
v 5.11747 6.37786 56.8937 
v 5.11747 6.36474 56.8937 
v 5.11747 6.37786 56.8937 
v 4.86515 7.59499 56.4303 
v 4.86515 7.59499 56.4303 
v 5.21509 7.59507 56.9853 
v 5.21509 7.6082 56.9853 
v 5.24487 7.46043 54.5006 
v 5.60365 7.44739 55.05 
v 5.24487 7.46043 54.5006 
v 5.24488 7.44731 54.5006 
v 5.60365 7.44739 55.05 
v 5.24488 7.44731 54.5006 
v 5.24488 7.44731 54.5006 
v 4.13303 7.49638 55.1889 
v 4.78921 7.49654 56.3254 
v 4.13303 7.49638 55.1889 
v 4.1264 7.39796 55.2054 
v 4.12639 7.41108 55.2054 
v 4.1264 7.39796 55.2054 
v 4.08759 7.2011 55.3194 
v 6.42999 7.34916 56.1358 
v 6.1019 7.34907 55.5675 
v 6.42999 7.34916 56.1358 
v 5.01422 7.09303 56.1308 
v 4.74556 7.09303 56.9142 
v 4.32553 7.09289 55.6709 
v 5.31354 6.61083 56.9042 
v 6.43014 6.40427 56.1358 
v 6.43014 6.40427 56.1358 
v 5.17498 6.70911 54.4972 
v 4.84052 6.99459 56.3605 
v 5.18413 6.90604 56.0648 
v 4.98919 6.90605 56.8697 
v 5.45083 6.90612 56.6643 
v 5.11737 7.04387 56.8937 
v 5.11737 7.03075 56.8937 
v 5.11737 7.04387 56.8937 
v 5.61742 6.67309 54.4664 
v 4.67993 6.6992 54.8435 
v 4.67993 6.6992 54.8435 
v 6.10466 6.60105 55.7306 
v 6.31467 6.60112 56.3523 
v 6.37409 6.94561 56.2536 
v 4.46116 7.2504 55.7571 
v 4.13334 5.56725 55.189 
v 4.13334 5.56725 55.189 
v 6.32865 5.5775 56.3312 
v 6.32865 5.5775 56.3312 
v 5.29033 7.24066 55.2484 
v 5.09706 6.2171 56.9803 
v 5.47513 7.48683 56.7013 
v 5.96242 7.48685 55.5994 
v 5.96242 7.48685 55.5994 
v 4.67987 7.54573 56.2281 
v 4.90249 7.5458 56.8453 
v 5.61742 6.67309 54.4664 
v 4.15509 7.33889 55.0123 
v 4.46257 7.42428 55.7689 
v 4.89647 7.43746 55.51 
v 4.99419 7.43744 54.6876 
v 5.04806 6.45331 56.8358 
v 6.43296 6.45349 56.2197 
v 4.92738 7.90594 56.8359 
v 4.92331 7.89355 56.8374 
v 4.91517 7.86877 56.8403 
v 5.25509 7.73287 56.9043 
v 5.25509 7.73287 56.9043 
v 5.25509 7.73287 56.9043 
v 5.27397 7.10295 56.9514 
v 4.92402 7.10287 56.3964 
v 5.35142 7.10292 56.1269 
v 5.70137 7.10301 56.682 
v 5.70137 7.10301 56.682 
v 5.00822 7.04374 54.6837 
v 4.46119 7.04371 55.7572 
v 4.57066 7.04368 54.9363 
v 4.57066 7.04368 54.9363 
v 5.89816 7.48688 56.4251 
v 6.3212 7.48694 56.1488 
v 6.3212 7.48694 56.1488 
v 5.89816 7.48688 56.4251 
v 6.32121 7.44757 56.1488 
v 6.3212 7.48694 56.1488 
v 5.13494 7.3982 56.8959 
v 5.13494 7.3982 56.8959 
v 4.78936 6.55166 56.3254 
v 4.57059 7.53581 54.9363 
v 4.75061 6.74847 55.6249 
v 4.36142 6.74838 55.0966 
v 5.77383 7.25057 54.9993 
v 6.43001 7.25073 56.1358 
v 6.43001 7.25073 56.1358 
v 5.68462 6.60092 54.4873 
v 5.62599 6.60099 55.8923 
v 5.68462 6.60092 54.4873 
v 5.11729 7.52287 56.8937 
v 5.11729 7.49663 56.8937 
v 5.55484 7.53605 56.641 
v 5.11729 7.536 56.8936 
v 5.57399 6.93227 54.455 
v 5.57399 6.91914 54.455 
v 6.10187 7.53608 55.5675 
v 5.9924 7.53611 56.3884 
v 5.1174 6.79781 56.8937 
v 5.99252 6.79792 56.3884 
v 6.43008 6.79798 56.1358 
v 5.55153 7.05366 54.5641 
v 5.55153 7.05366 54.5641 
v 5.72265 6.95528 54.9642 
v 5.35278 6.95519 54.4222 
v 5.35278 6.95519 54.4222 
v 5.30532 6.95523 55.249 
v 6.34256 6.74875 56.0821 
v 4.45726 7.54567 55.6108 
v 4.45726 7.54567 55.6108 
v 6.10208 6.2664 55.5676 
v 5.4459 6.26623 54.4311 
v 5.37808 5.57737 56.674 
v 4.9028 5.5773 56.8454 
v 4.9028 5.5773 56.8454 
v 4.09262 6.31527 55.1466 
v 4.09262 6.31527 55.1466 
v 5.69711 7.24071 54.9487 
v 5.30791 7.24062 54.4204 
v 5.41681 7.33918 56.6055 
v 5.27397 7.10295 56.9514 
v 4.92402 7.10287 56.3964 
v 5.27397 7.10295 56.9514 
v 5.27396 7.1292 56.9514 
v 4.91517 7.86877 56.8403 
v 5.43169 5.86269 54.4793 
v 4.92144 7.65735 56.8512 
v 4.45653 7.64409 55.624 
v 4.92144 7.64423 56.8512 
v 4.98957 6.84699 56.7707 
v 5.44582 6.79773 54.431 
v 5.00826 6.79767 54.6837 
v 5.63957 7.89354 54.4872 
v 5.63549 7.90593 54.4887 
v 5.63549 7.90593 54.4887 
v 4.68898 7.68353 56.2376 
v 4.92143 7.6836 56.8512 
v 4.98957 6.84699 56.7707 
v 6.35207 6.69955 56.2927 
v 6.35207 6.69955 56.2927 
v 5.34505 7.33909 55.2011 
v 5.87845 7.33924 56.4002 
v 6.34008 7.3393 56.1948 
v 4.98919 6.94542 56.8697 
v 4.98919 6.94542 56.8697 
v 4.12639 7.43733 55.2054 
v 4.12639 7.43733 55.2054 
v 5.6605 7.5458 54.4793 
v 5.6605 7.5458 54.4793 
v 6.4755 7.24089 56.0052 
v 6.4755 7.24089 56.0052 
v 5.69711 7.24071 54.9487 
v 5.64151 7.67047 54.4734 
v 5.64151 7.68359 54.4734 
v 5.64151 7.67047 54.4734 
v 5.22632 6.50255 56.93 
v 5.22632 6.50255 56.93 
v 5.20476 6.01029 54.4226 
v 5.20476 6.01029 54.4226 
v 4.71024 5.60341 54.8223 
v 4.23495 5.61647 54.9937 
v 4.07299 6.11843 55.3759 
v 4.07299 6.11843 55.3759 
v 6.49036 6.65034 55.9489 
v 6.49036 6.65034 55.9489 
v 4.0634 6.01016 55.42 
v 4.77492 7.19142 56.3145 
v 6.48283 5.96138 56.306 
v 4.21118 6.68602 55.0321 
v 4.21119 6.65977 55.0321 
v 4.21119 6.65977 55.0321 
v 4.79791 5.84959 56.8815 
v 6.55616 7.14248 56.1431 
v 6.55616 7.14248 56.1431 
v 4.57061 7.38817 54.9363 
v 5.33625 7.38831 55.2519 
v 6.48284 5.92201 56.306 
v 5.11739 6.85686 56.8937 
v 5.11739 6.85686 56.8937 
v 6.43016 6.26648 56.1358 
v 4.13321 6.40386 55.1889 
v 4.13321 6.40386 55.1889 
v 5.11744 6.55174 56.8937 
v 6.41942 7.19168 56.1607 
v 6.41942 7.19168 56.1607 
v 6.10195 7.04396 55.5675 
v 6.43004 7.04404 56.1358 
v 6.43004 7.04404 56.1358 
v 6.10195 7.04396 55.5675 
v 5.77387 7.04387 54.9993 
v 5.57399 6.94539 54.455 
v 6.49045 6.11884 55.9489 
v 5.9925 6.89635 56.3884 
v 6.10197 6.89632 55.5675 
v 6.10197 6.89632 55.5675 
v 5.47256 7.15207 54.4349 
v 4.13305 7.38811 55.1889 
v 4.13305 7.38811 55.1889 
v 4.13305 7.38811 55.1889 
v 6.49729 7.59523 56.177 
v 5.24982 6.13169 54.4206 
v 5.30815 5.72487 54.4205 
v 6.43663 7.43774 56.1193 
v 6.43663 7.43774 56.1193 
v 5.76427 7.43757 54.9923 
v 6.20622 7.10303 55.588 
v 5.50633 7.10286 54.4779 
v 5.42888 7.10289 55.3024 
v 5.50633 7.10286 54.4779 
v 4.69332 7.48669 56.4282 
v 4.69332 7.48669 56.4282 
v 6.43023 5.81372 56.1359 
v 6.43023 5.81372 56.1359 
v 5.31361 6.13183 56.9042 
v 5.31361 6.14495 56.9042 
v 5.31361 6.14495 56.9042 
v 6.32833 7.57225 56.3311 
v 4.90114 7.24057 54.7201 
v 5.30791 7.24062 54.4204 
v 6.49037 6.61097 55.9489 
v 6.49037 6.61097 55.9489 
v 4.13307 7.28969 55.1889 
v 4.13307 7.27656 55.1889 
v 4.13307 7.28969 55.1889 
v 5.55487 7.34904 56.641 
v 5.22679 7.34896 56.0728 
v 5.11732 7.34899 56.8937 
v 4.78923 7.34891 56.3254 
v 5.11732 7.34899 56.8937 
v 4.13321 6.36449 55.1889 
v 4.13321 6.36449 55.1889 
v 5.44588 6.39091 54.4311 
v 6.43015 6.3649 56.1358 
v 5.63286 6.45327 54.4211 
v 4.95519 7.29975 56.8109 
v 4.4593 7.19134 55.7392 
v 4.77492 7.19142 56.3145 
v 5.47256 7.19144 54.4349 
v 5.47256 7.19144 54.4349 
v 5.11745 6.51237 56.8937 
v 4.07298 6.1578 55.3759 
v 4.07298 6.1578 55.3759 
v 4.8659 7.70653 56.376 
v 4.90106 7.69333 54.72 
v 4.49429 7.69328 55.0197 
v 5.4459 6.26623 54.4311 
v 5.4459 6.26623 54.4311 
v 4.13311 7.04362 55.1889 
v 5.11748 6.30568 56.8937 
v 5.44588 6.37778 54.4311 
v 5.44588 6.40403 54.4311 
v 5.44588 6.39091 54.4311 
v 5.44588 6.40403 54.4311 
v 4.0875 7.7326 55.3194 
v 4.49429 7.69328 55.0197 
v 4.90106 7.69333 54.72 
v 4.8659 7.69341 56.376 
v 4.4767 7.69332 55.8477 
v 6.37409 6.90624 56.2536 
v 5.45083 6.90612 56.6643 
v 4.13314 6.79756 55.1889 
v 4.5707 6.79762 54.9363 
v 4.13314 6.79756 55.1889 
v 3.96194 6.21684 55.3721 
v 5.2003 6.21699 54.498 
v 4.8019 5.65272 56.3345 
v 4.12473 5.6263 55.2104 
v 4.12473 5.63943 55.2104 
v 4.46332 5.63951 55.7725 
v 4.12473 5.63943 55.2104 
v 4.12473 5.6263 55.2104 
v 4.12473 5.6263 55.2104 
v 5.42809 7.39812 54.4288 
v 4.72729 6.56141 54.8108 
v 4.24862 6.56135 54.9725 
v 4.24862 6.56135 54.9725 
v 4.24862 6.56135 54.9725 
v 4.14368 7.15189 55.164 
v 4.4593 7.15197 55.7393 
v 4.14368 7.15189 55.164 
v 4.22621 6.80741 54.9563 
v 4.94638 6.80754 55.3652 
v 4.22621 6.80741 54.9563 
v 6.43006 6.8964 56.1358 
v 6.43006 6.8964 56.1358 
v 5.8778 6.84704 54.9733 
v 5.62335 6.84697 54.3685 
v 5.62335 6.84697 54.3685 
v 6.38671 6.83406 56.183 
v 6.13225 6.84711 55.5781 
v 6.38671 6.84718 56.183 
v 6.38671 6.84718 56.183 
v 6.13225 6.84711 55.5781 
v 6.38671 6.84718 56.183 
v 5.44602 5.52805 54.4311 
v 4.14368 7.19126 55.164 
v 4.50027 5.83632 54.8712 
v 4.03455 5.8625 55.0671 
v 4.03455 5.84938 55.0671 
v 4.16526 7.62106 55.3201 
v 6.50008 5.9712 55.9049 
v 6.50008 5.9712 55.9049 
v 5.21509 7.62132 56.9853 
v 5.21509 7.63444 56.9853 
v 6.31468 6.57487 56.3523 
v 6.31468 6.56175 56.3523 
v 6.31468 6.56175 56.3523 
v 6.31468 6.56175 56.3523 
v 5.89956 6.45334 55.0206 
v 6.16626 6.45342 55.6202 
v 6.43296 6.45349 56.2197 
v 6.43296 6.45349 56.2197 
v 5.64365 6.46323 56.6452 
v 5.22633 6.46318 56.93 
v 5.22633 6.46318 56.93 
v 5.11732 7.34899 56.8937 
v 4.57067 7.00431 54.9363 
v 4.13311 7.00425 55.1889 
v 5.11737 7.0045 56.8937 
v 5.11737 7.0045 56.8937 
v 4.13311 7.00425 55.1889 
v 4.13311 7.00425 55.1889 
v 5.63287 6.42702 54.4211 
v 5.63287 6.44015 54.4211 
v 5.63287 6.4139 54.4211 
v 6.1019 7.38844 55.5675 
v 5.2551 7.6935 56.9043 
v 5.00471 6.20724 56.8244 
v 5.00471 6.20724 56.8244 
v 5.31361 6.15808 56.9042 
v 5.31361 6.15808 56.9042 
v 5.30784 7.73275 54.4204 
v 5.30784 7.7065 54.4204 
v 5.15515 7.58517 56.0567 
v 5.40782 7.58517 55.268 
v 5.66049 7.58517 54.4793 
v 5.18521 7.5851 54.6507 
v 5.66049 7.58517 54.4793 
v 5.88311 7.58524 55.0966 
v 6.48284 5.92201 56.306 
v 4.22413 7.14207 55.2862 
v 6.33889 7.64443 56.3143 
v 6.33889 7.64443 56.3143 
v 6.33889 7.64443 56.3143 
v 5.55493 7.00456 56.641 
v 4.13307 7.26344 55.1889 
v 4.57063 7.25037 54.9363 
v 4.13307 7.25032 55.1889 
v 4.13307 7.25032 55.1889 
v 4.13307 7.25032 55.1889 
v 5.30784 7.69338 54.4204 
v 5.30784 7.69338 54.4204 
v 5.30784 7.69338 54.4204 
v 4.53555 7.09296 56.2925 
v 4.74556 7.09303 56.9142 
v 4.46332 5.62638 55.7725 
v 5.574 6.90602 54.455 
v 5.09706 6.2171 56.9803 
v 6.10187 7.53608 55.5675 
v 6.42996 7.53616 56.1358 
v 6.41095 6.20743 56.2587 
v 5.67629 6.20722 54.4325 
v 5.67629 6.20722 54.4325 
v 6.18158 7.0801 56.4291 
v 6.18158 7.06698 56.4291 
v 6.18157 7.09323 56.429 
v 6.18157 7.09323 56.429 
v 5.37 7.63438 55.3363 
v 5.44745 7.63435 54.5118 
v 5.44745 7.63435 54.5118 
v 5.44581 6.85678 54.431 
v 6.38671 6.80781 56.183 
v 5.99253 6.75855 56.3884 
v 6.43008 6.75861 56.1358 
v 4.90248 7.58517 56.8453 
v 5.44594 6.02017 54.4311 
v 5.44594 6.02017 54.4311 
v 5.47513 7.46058 56.7013 
v 4.12639 7.43733 55.2054 
v 5.50633 7.10286 54.4779 
v 5.12223 6.70923 56.9811 
v 5.44572 7.38828 54.431 
v 5.44572 7.38828 54.431 
v 5.44572 7.38828 54.431 
v 4.13311 7.04362 55.1889 
v 5.35871 6.01044 56.9022 
v 6.49729 7.6346 56.177 
v 6.49729 7.6346 56.177 
v 5.24982 6.11856 54.4206 
v 5.24982 6.11856 54.4206 
v 4.94584 6.68623 56.8583 
v 4.94584 6.65998 56.8583 
v 5.12223 6.7486 56.9811 
v 3.95464 6.74833 55.3963 
v 5.12223 6.7486 56.9811 
v 5.00471 6.20724 56.8244 
v 6.18158 7.05386 56.4291 
v 6.18158 7.05386 56.4291 
v 5.77382 7.34899 54.9993 
v 5.44573 7.34891 54.431 
v 5.44573 7.34891 54.431 
v 5.13493 7.43757 56.8959 
v 5.13493 7.43757 56.8959 
v 4.23464 7.58497 54.9936 
v 4.23464 7.58497 54.9936 
v 4.70993 7.58503 54.8222 
v 4.23464 7.58497 54.9936 
v 5.44745 7.63435 54.5118 
v 4.4767 7.69332 55.8477 
v 4.08751 7.70635 55.3194 
v 4.08751 7.70635 55.3194 
v 4.08751 7.69323 55.3194 
v 6.32865 5.5775 56.3312 
v 5.14049 5.62655 56.8966 
v 5.14049 5.62655 56.8966 
v 4.99419 7.42431 54.6876 
v 6.40286 6.31568 56.0606 
v 6.40286 6.31568 56.0606 
v 4.08751 7.69323 55.3194 
v 4.08751 7.69323 55.3194 
v 4.29783 5.96097 55.1235 
v 5.44586 6.5123 54.4311 
v 4.24797 6.41371 55.0372 
v 4.24797 6.41371 55.0372 
v 4.70961 6.41378 54.8318 
v 5.17124 6.41384 54.6265 
v 4.70961 6.41378 54.8318 
v 5.17124 6.41384 54.6265 
v 3.96194 6.21684 55.3721 
v 3.96194 6.21684 55.3721 
v 5.2003 6.21699 54.498 
v 5.25517 7.24074 56.9043 
v 5.61742 6.65996 54.4664 
v 5.57399 6.94539 54.455 
v 5.57399 6.94539 54.455 
v 5.11729 7.49663 56.8937 
v 5.30815 5.76424 54.4205 
v 5.30815 5.76424 54.4205 
v 5.2003 6.23011 54.498 
v 5.2003 6.21699 54.498 
v 5.11739 6.89623 56.8937 
v 5.11739 6.89623 56.8937 
v 4.7893 6.89615 56.3254 
v 4.7893 6.89615 56.3254 
v 5.11739 6.89623 56.8937 
v 4.46122 6.89607 55.7572 
v 4.22413 7.1027 55.2862 
v 4.5152 7.63427 55.8752 
v 6.19505 5.86291 56.2938 
v 6.19505 5.86291 56.2938 
v 6.19505 5.86291 56.2938 
v 5.44588 6.40403 54.4311 
v 4.23495 5.61647 54.9937 
v 4.23495 5.61647 54.9937 
v 4.94584 6.67311 56.8583 
v 4.94584 6.67311 56.8583 
v 4.13329 5.89861 55.189 
v 4.13329 5.91173 55.189 
v 4.13329 5.91173 55.189 
v 6.33543 6.21725 56.1063 
v 6.33543 6.21725 56.1063 
v 5.44574 7.28986 54.431 
v 6.3146 7.86897 56.3364 
v 6.3146 7.86897 56.3364 
v 4.03455 5.82313 55.0671 
v 4.78924 7.28985 56.3254 
v 5.53506 6.34182 56.5783 
v 5.10116 6.35489 56.8371 
v 4.79791 5.86272 56.8815 
v 4.79791 5.86272 56.8815 
v 5.53999 7.29971 54.3962 
v 4.0634 6.01016 55.42 
v 4.27006 6.16765 54.9981 
v 4.73881 6.18084 54.8096 
v 4.27006 6.1939 54.9981 
v 4.85746 6.65001 54.739 
v 4.85746 6.65001 54.739 
v 5.24974 6.65006 54.4206 
v 5.24974 6.65006 54.4206 
v 5.11741 6.75844 56.8937 
v 6.10466 6.60105 55.7306 
v 6.31467 6.60112 56.3523 
v 6.31467 6.60112 56.3523 
v 5.1174 6.79781 56.8937 
v 4.03455 5.84938 55.0671 
v 4.5707 6.79762 54.9363 
v 6.32833 7.58537 56.3311 
v 6.33542 6.25662 56.1063 
v 4.92144 7.64423 56.8512 
v 4.1333 5.81331 55.189 
v 4.1333 5.81331 55.189 

vn 0 -1 0 
vn 0 -1 0 
vn 0 -1 0 
vn 0 1 0 
vn 0 1 0 
vn 0 1 0 
vn 0 -1 0 
vn 0.535433 0 0.84252 
vn 0 -1 0 
vn 0 -1 0 
vn 0.84252 0 -0.535433 
vn 0.535433 0 0.84252 
vn 0.535433 0 0.84252 
vn 0 1 0 
vn 0 1 0 
vn 0.84252 0 -0.535433 
vn 0 -1 0 
vn 0 -1 0 
vn 0 -1 0 
vn 0 1 0 
vn 0 1 0 
vn 0 1 0 
vn -0.535433 0 -0.84252 
vn -0.535433 0 -0.84252 
vn 0 1 0 
vn -0.84252 0 0.535433 
vn 0 1 0 
vn -0.84252 0 0.535433 
vn 0 -1 0 
vn 0 -1 0 
vn -0.84252 0 0.535433 
vn 0 -1 0 
vn 0 -1 0 
vn -0.535433 0 -0.84252 
vn 0 1 0 
vn 0 1 0 
vn 0 1 0 
vn 0 -1 0 
vn 0 -1 0 
vn 0 -1 0 
vn 0 1 0 
vn 0 1 0 
vn 0 1 0 
vn 0 -1 0 
vn 0 -1 0 
vn 0 -1 0 
vn 0 -1 0 
vn 0 -1 0 
vn 0 -1 0 
vn 0 1 0 
vn 0 1 0 
vn 0 1 0 
vn 0 -1 0 
vn 0 -1 0 
vn 0 -1 0 
vn 0 1 0 
vn 0 1 0 
vn 0 1 0 
vn 0 1 0 
vn 0 1 0 
vn 0 1 0 
vn 0 -1 0 
vn 0 -1 0 
vn 0 -1 0 
vn 0 -1 0 
vn 0 -1 0 
vn 0 -1 0 
vn 0 1 0 
vn 0 1 0 
vn 0 1 0 
vn 0 1 0 
vn 0 1 0 
vn 0 1 0 
vn 0 -1 0 
vn 0 -1 0 
vn 0 -1 0 
vn 0.102362 -0.992126 -0.0393701 
vn 0.102362 -0.992126 -0.0393701 
vn 0 -1 0 
vn -0.102362 0.992126 0.0393701 
vn 0.102362 0.992126 -0.0393701 
vn 0.149606 0.984252 -0.0551181 
vn 0 1 0 
vn 0 1 0 
vn 0 1 0 
vn 0 -1 0 
vn 0 -1 0 
vn 0 -1 0 
vn 0 1 0 
vn 0 1 0 
vn 0 1 0 
vn 0 -1 0 
vn 0 -1 0 
vn 0 -1 0 
vn 0 -1 0 
vn 0 -1 0 
vn 0 -1 0 
vn 0 1 0 
vn 0 1 0 
vn 0 1 0 
vn 0 1 0 
vn 0 1 0 
vn 0 1 0 
vn 0 -1 0 
vn 0 -1 0 
vn 0 -1 0 
vn 0 1 0 
vn 0 1 0 
vn 0 1 0 
vn 0 -1 0 
vn 0 -1 0 
vn 0 -1 0 
vn 0 -1 0 
vn 0 -1 0 
vn 0 -1 0 
vn 0 1 0 
vn 0 1 0 
vn 0 1 0 
vn 0 -1 0 
vn 0 -1 0 
vn 0 -1 0 
vn 0 1 0 
vn 0 1 0 
vn 0 1 0 
vn 0 1 0 
vn 0 1 0 
vn 0 1 0 
vn 0 -1 0 
vn 0 -1 0 
vn 0 -1 0 
vn 0 1 0 
vn 0 1 0 
vn 0 1 0 
vn 0 -1 0 
vn 0 -1 0 
vn 0 -1 0 
vn 0 1 0 
vn 0 1 0 
vn 0 1 0 
vn 0 -1 0 
vn 0 -1 0 
vn 0 -1 0 
vn 0 -1 0 
vn 0 -1 0 
vn 0 -1 0 
vn 0 1 0 
vn 0 1 0 
vn 0 1 0 
vn 0 -1 0 
vn 0 -1 0 
vn 0 -1 0 
vn 0 1 0 
vn 0 1 0 
vn 0 1 0 
vn 0 -1 0 
vn 0 -1 0 
vn 0 -1 0 
vn 0 1 0 
vn 0 1 0 
vn 0 1 0 
vn 0 -1 0 
vn 0 -1 0 
vn 0 -1 0 
vn 0 1 0 
vn 0 1 0 
vn 0 1 0 
vn 0 1 0 
vn 0 1 0 
vn 0 1 0 
vn 0 -1 0 
vn 0 -1 0 
vn 0 -1 0 
vn 0 -1 0 
vn 0 -1 0 
vn 0 -1 0 
vn 0 1 0 
vn 0 1 0 
vn 0 1 0 
vn 0 -1 0 
vn 0 -1 0 
vn 0 -1 0 
vn 0 1 0 
vn 0 1 0 
vn 0 1 0 
vn 0 -1 0 
vn 0 -1 0 
vn 0 -1 0 
vn 0 1 0 
vn 0 1 0 
vn 0 1 0 
vn 0 -1 0 
vn 0 -1 0 
vn 0 -1 0 
vn 0 1 0 
vn 0 1 0 
vn 0 1 0 
vn 0 1 0 
vn 0 1 0 
vn 0 1 0 
vn 0 -1 0 
vn 0 -1 0 
vn 0 -1 0 
vn 0 1 0 
vn 0 1 0 
vn 0 1 0 
vn 0 -1 0 
vn 0 -1 0 
vn 0 -1 0 
vn 0 1 0 
vn 0 1 0 
vn 0 1 0 
vn 0 -1 0 
vn 0 -1 0 
vn 0 -1 0 
vn 0 1 0 
vn 0 1 0 
vn 0 1 0 
vn 0 -1 0 
vn 0 -1 0 
vn 0 -1 0 
vn 0 1 0 
vn 0 1 0 
vn 0 -1 0 
vn 0 1 0 
vn 0 1 0 
vn 0 1 0 
vn 0 -1 0 
vn 0 -1 0 
vn 0 -1 0 
vn 0 1 0 
vn 0 1 0 
vn 0 1 0 
vn 0 -1 0 
vn 0 -1 0 
vn 0 -1 0 
vn 0 1 0 
vn 0 1 0 
vn 0 1 0 
vn 0 -1 0 
vn 0 -1 0 
vn 0 -1 0 
vn 0 -1 0 
vn 0 -1 0 
vn 0 -1 0 
vn 0 1 0 
vn 0 1 0 
vn 0 1 0 
vn 0 -1 0 
vn 0 1 0 
vn 0 1 0 
vn 0 1 0 
vn 0 1 0 
vn 0 -1 0 
vn 0 -1 0 
vn 0 -1 0 
vn 0 1 0 
vn 0 1 0 
vn 0 1 0 
vn 0 -1 0 
vn 0 -1 0 
vn 0 -1 0 
vn 0 1 0 
vn 0 1 0 
vn 0 1 0 
vn 0 -1 0 
vn 0 -1 0 
vn 0 -1 0 
vn 0 -1 0 
vn 0 -1 0 
vn 0 -1 0 
vn 0 1 0 
vn 0 1 0 
vn 0 1 0 
vn 0 1 0 
vn 0 -1 0 
vn 0 -1 0 
vn 0 -1 0 
vn 0 1 0 
vn 0 1 0 
vn 0 1 0 
vn 0 1 0 
vn 0 -1 0 
vn 0 -1 0 
vn 0 -1 0 
vn 0 -1 0 
vn 0 -1 0 
vn 0 -1 0 
vn 0 1 0 
vn 0 1 0 
vn 0 1 0 
vn 0 1 0 
vn 0 1 0 
vn 0 1 0 
vn 0 -1 0 
vn 0 -1 0 
vn 0 -1 0 
vn 0 -1 0 
vn 0 1 0 
vn 0 1 0 
vn 0 1 0 
vn 0 1 0 
vn 0 -1 0 
vn 0 -1 0 
vn 0 -1 0 
vn 0 1 0 
vn 0 1 0 
vn 0 1 0 
vn 0 -1 0 
vn 0 -1 0 
vn 0 1 0 
vn 0 -1 0 
vn 0 -1 0 
vn 0 -1 0 
vn 0 1 0 
vn 0 1 0 
vn 0 1 0 
vn 0 1 0 
vn 0 -1 0 
vn 0 -1 0 
vn 0 1 0 
vn 0 -1 0 
vn 0 -1 0 
vn 0 1 0 
vn 0 -1 0 
vn 0 1 0 
vn 0 1 0 
vn 0 1 0 
vn 0 -1 0 
vn 0 -1 0 
vn 0 1 0 
vn 0 1 0 
vn 0 -1 0 
vn 0 1 0 
vn 0 -1 0 
vn 0 -1 0 
vn 0 -1 0 
vn 0 1 0 
vn 0 1 0 
vn 0 1 0 
vn 0 -1 0 
vn 0 1 0 
vn 0 1 0 
vn 0 1 0 
vn 0 1 0 
vn 0 -1 0 
vn 0 1 0 
vn 0 1 0 
vn 0 1 0 
vn 0 -1 0 
vn 0 -1 0 
vn 0 -1 0 
vn 0 1 0 
vn 0 -1 0 
vn 0 -1 0 
vn 0 1 0 
vn -0.212598 0.976378 0.0787402 
vn -0.149606 0.984252 0.0551181 
vn -0.102362 0.992126 0.0393701 
vn 0.212598 -0.976378 -0.0787402 
vn 0.212598 -0.976378 -0.0787402 
vn 0 -1 0 
vn 0 1 0 
vn 0 1 0 
vn 0 -1 0 
vn 0 -1 0 
vn 0 1 0 
vn 0 1 0 
vn 0 1 0 
vn 0 -1 0 
vn 0 -1 0 
vn 0 -1 0 
vn 0 -1 0 
vn 0 1 0 
vn 0 1 0 
vn 0 -1 0 
vn 0 -1 0 
vn 0 1 0 
vn 0 1 0 
vn 0 1 0 
vn 0 -1 0 
vn 0 -1 0 
vn 0 1 0 
vn 0 1 0 
vn 0 1 0 
vn 0 -1 0 
vn 0 -1 0 
vn 0 -1 0 
vn 0 1 0 
vn 0 1 0 
vn 0 1 0 
vn 0 -1 0 
vn 0 -1 0 
vn 0 1 0 
vn 0 1 0 
vn 0 1 0 
vn 0 -1 0 
vn 0 -1 0 
vn 0 -1 0 
vn 0 1 0 
vn 0 1 0 
vn 0 1 0 
vn 0 1 0 
vn 0 1 0 
vn 0 1 0 
vn 0 -1 0 
vn 0 -1 0 
vn 0 -1 0 
vn 0 -1 0 
vn 0 1 0 
vn 0 1 0 
vn 0 -1 0 
vn 0 1 0 
vn 0 1 0 
vn 0 1 0 
vn 0 -1 0 
vn 0 1 0 
vn 0 1 0 
vn 0 -1 0 
vn 0 1 0 
vn 0 -1 0 
vn 0 -1 0 
vn 0 1 0 
vn 0 -1 0 
vn 0 -1 0 
vn 0 1 0 
vn 0 1 0 
vn 0 1 0 
vn 0 1 0 
vn 0 -1 0 
vn 0 1 0 
vn 0 1 0 
vn 0 -1 0 
vn 0 -1 0 
vn 0 -1 0 
vn 0 -1 0 
vn 0 -1 0 
vn 0 -1 0 
vn 0 1 0 
vn 0 1 0 
vn 0 1 0 
vn 0 -1 0 
vn 0 -1 0 
vn 0 -1 0 
vn 0 1 0 
vn 0 -1 0 
vn 0 1 0 
vn 0 1 0 
vn 0 -1 0 
vn 0 -1 0 
vn -0.212598 -0.976378 0.0787402 
vn -0.212598 -0.976378 0.0787402 
vn -0.102362 -0.992126 0.0393701 
vn 0.102362 0.992126 -0.0393701 
vn 0.212598 0.976378 -0.0787402 
vn 0.212598 0.976378 -0.0787402 
vn 0.212598 0.976378 -0.0787402 
vn -0.102362 -0.992126 0.0393701 
vn -0.212598 0.976378 0.0787402 
vn -0.212598 0.976378 0.0787402 
vn -0.212598 0.976378 0.0787402 
vn 0 -1 0 
vn 0.866142 0 -0.496063 
vn 0 1 0 
vn 0 -1 0 
vn 0 -1 0 
vn 0 -1 0 
vn 0 1 0 
vn -0.519685 0 -0.858268 
vn 0 1 0 
vn 0 -1 0 
vn 0 1 0 
vn 0 1 0 
vn -0.519685 0 -0.858268 
vn 0.503937 0 0.866142 
vn 0.496063 0 0.866142 
vn 0.496063 0 0.866142 
vn 0 1 0 
vn 0.503937 0 0.866142 
vn -0.866142 0 0.496063 
vn 0 1 0 
vn -0.874016 0 0.480315 
vn 0 -1 0 
vn -0.874016 0 0.480315 
vn 0.322835 0 0.944882 
vn 0 1 0 
vn 0 -1 0 
vn 0 -1 0 
vn 0 -1 0 
vn -0.944882 0 0.322835 
vn 0 1 0 
vn 0 1 0 
vn 0 -1 0 
vn 0 -1 0 
vn 0 1 0 
vn 0 1 0 
vn 0 -1 0 
vn -0.338583 0 -0.937008 
vn 0 1 0 
vn 0 1 0 
vn 0 -1 0 
vn 0 -1 0 
vn 0 1 0 
vn -0.84252 0 0.535433 
vn 0 1 0 
vn -0.84252 0 0.535433 
vn 0 -1 0 
vn -0.496063 0 -0.866142 
vn -0.496063 0 -0.866142 
vn 0.866142 0 -0.496063 
vn 0 -1 0 
vn 0.866142 0 -0.496063 
vn 0 -1 0 
vn 0.511811 0 0.858268 
vn 0 1 0 
vn 0 -1 0 
vn 0 1 0 
vn 0 -1 0 
vn -0.866142 0 0.496063 
vn 0 1 0 
vn -0.866142 0 0.496063 
vn 0 1 0 
vn 0 1 0 
vn -0.866142 0 0.496063 
vn -0.409449 0 -0.913386 
vn -0.409449 0 -0.913386 
vn 0 1 0 
vn 0.913386 0 -0.409449 
vn 0 -1 0 
vn 0 1 0 
vn -0.496063 0 -0.866142 
vn 0 1 0 
vn 0 -1 0 
vn 0 1 0 
vn 0 -1 0 
vn 0 -1 0 
vn 0.354331 0 0.937008 
vn 0.354331 0 0.937008 
vn 0.354331 0 0.937008 
vn -0.937008 0 0.354331 
vn -0.937008 0 0.354331 
vn 0.354331 0 0.937008 
vn 0 1 0 
vn 0 1 0 
vn 0 -1 0 
vn -0.496063 0 -0.866142 
vn 0 -1 0 
vn 0 1 0 
vn -0.496063 0 -0.866142 
vn -0.496063 0 -0.866142 
vn 0 -1 0 
vn 0 1 0 
vn -0.496063 0 -0.866142 
vn 0 -1 0 
vn 0.834646 0 -0.543307 
vn 0.834646 0 -0.543307 
vn 0 -1 0 
vn 0 -1 0 
vn 0.543307 0 0.834646 
vn 0.543307 0 0.834646 
vn 0.566929 0 0.826772 
vn 0 1 0 
vn 0 1 0 
vn 0 -1 0 
vn 0.566929 0 0.826772 
vn -0.826772 0 0.566929 
vn 0 -1 0 
vn 0 -1 0 
vn 0 1 0 
vn 0 -1 0 
vn 0.629921 0 0.779528 
vn 0 1 0 
vn 0.755906 0 -0.661417 
vn 0.755906 0 -0.661417 
vn 0 -1 0 
vn 0.755906 0 -0.661417 
vn 0 -1 0 
vn -0.661417 0 -0.755906 
vn -0.937008 0 0.338583 
vn -0.937008 0 0.338583 
vn -0.937008 0 0.338583 
vn -0.937008 0 0.338583 
vn 0.338583 0 0.937008 
vn 0 1 0 
vn 0 -1 0 
vn 0 1 0 
vn 0 -1 0 
vn 0 1 0 
vn 0.826772 0 -0.566929 
vn 0 -1 0 
vn 0.496063 0 0.866142 
vn 0 1 0 
vn 0.503937 0 0.866142 
vn -0.866142 0 0.503937 
vn -0.866142 0 0.496063 
vn -0.866142 0 0.496063 
vn 0 1 0 
vn -0.92126 0 0.385827 
vn 0 1 0 
vn 0 1 0 
vn 0.385827 0 0.92126 
vn -0.92126 0 0.385827 
vn 0 1 0 
vn 0 1 0 
vn 0.409449 0 0.913386 
vn -0.913386 0 0.409449 
vn 0.409449 0 0.913386 
vn -0.913386 0 0.409449 
vn -0.590551 0 -0.80315 
vn -0.590551 0 -0.80315 
vn -0.590551 0 -0.80315 
vn 0.80315 0 -0.590551 
vn 0.80315 0 -0.590551 
vn 0.80315 0 -0.590551 
vn -0.84252 0 0.535433 
vn 0.535433 0 0.84252 
vn 0 -1 0 
vn 0 1 0 
vn 0.866142 0 -0.496063 
vn 0.866142 0 -0.496063 
vn 0.866142 0 -0.496063 
vn 0.866142 0 -0.496063 
vn 0.503937 0 0.866142 
vn 0.866142 0 -0.496063 
vn 0.944882 0 -0.322835 
vn 0 -1 0 
vn 0.944882 0 -0.322835 
vn 0 1 0 
vn 0.322835 0 0.944882 
vn 0.944882 0 -0.322835 
vn 0 1 0 
vn -0.866142 0 0.496063 
vn 0 -1 0 
vn -0.866142 0 0.503937 
vn -0.496063 0 -0.866142 
vn 0 -1 0 
vn 0 -1 0 
vn 0 1 0 
vn 0 1 0 
vn 0 1 0 
vn 0 -1 0 
vn 0 -1 0 
vn -0.409449 0 -0.913386 
vn 0 1 0 
vn -0.913386 0 0.409449 
vn 0 1 0 
vn -0.913386 0 0.409449 
vn 0 -1 0 
vn 0.409449 0 0.913386 
vn -0.913386 0 0.409449 
vn 0 -1 0 
vn 0.496063 0 0.866142 
vn 0.503937 0 0.866142 
vn 0.503937 0 0.866142 
vn 0 -1 0 
vn 0.503937 0 0.866142 
vn -0.866142 0 0.496063 
vn 0 1 0 
vn 0 1 0 
vn 0 -1 0 
vn 0.779528 0 -0.629921 
vn 0 -1 0 
vn 0.779528 0 -0.629921 
vn 0 1 0 
vn 0 1 0 
vn 0 -1 0 
vn 0.944882 0 -0.322835 
vn 0 -1 0 
vn -0.866142 0 0.503937 
vn -0.866142 0 0.496063 
vn 0 1 0 
vn 0 1 0 
vn -0.866142 0 0.503937 
vn 0 -1 0 
vn 0 -1 0 
vn 0.779528 0 -0.629921 
vn 0 -1 0 
vn 0 1 0 
vn -0.629921 0 -0.779528 
vn 0 1 0 
vn 0.409449 0 0.913386 
vn 0 -1 0 
vn -0.409449 0 -0.913386 
vn -0.409449 0 -0.913386 
vn -0.409449 0 -0.913386 
vn 0.496063 0 0.866142 
vn 0 1 0 
vn 0 -1 0 
vn 0 -1 0 
vn 0 1 0 
vn 0 -1 0 
vn -0.80315 0 0.590551 
vn 0 -1 0 
vn 0 -1 0 
vn 0 -1 0 
vn -0.80315 0 0.590551 
vn 0 -1 0 
vn 0 1 0 
vn 0 -1 0 
vn 0.84252 0 -0.535433 
vn 0.84252 0 -0.535433 
vn -0.480315 0 -0.874016 
vn -0.480315 0 -0.874016 
vn -0.480315 0 -0.874016 
vn 0 -1 0 
vn -0.480315 0 -0.874016 
vn -0.480315 0 -0.874016 
vn -0.590551 0 -0.80315 
vn 0 -1 0 
vn 0 1 0 
vn 0 1 0 
vn -0.590551 0 -0.80315 
vn 0.80315 0 -0.590551 
vn -0.370079 0 -0.929134 
vn 0 1 0 
vn 0 -1 0 
vn -0.929134 0 0.370079 
vn -0.929134 0 0.370079 
vn 0 1 0 
vn 0 1 0 
vn 0 1 0 
vn -0.929134 0 0.370079 
vn 0 -1 0 
vn -0.370079 0 -0.929134 
vn 0 1 0 
vn 0 1 0 
vn -0.511811 0 -0.858268 
vn -0.511811 0 -0.858268 
vn 0 1 0 
vn 0 1 0 
vn -0.866142 0 0.503937 
vn 0 1 0 
vn -0.866142 0 0.503937 
vn -0.496063 0 -0.866142 
vn -0.590551 0 -0.80315 
vn 0 1 0 
vn 0 -1 0 
vn 0 1 0 
vn 0 1 0 
vn -0.590551 0 -0.80315 
vn 0.92126 0 -0.385827 
vn 0 -1 0 
vn 0.92126 0 -0.385827 
vn 0.385827 0 0.92126 
vn 0.92126 0 -0.385827 
vn -0.629921 0 -0.779528 
vn 0 1 0 
vn -0.779528 0 0.629921 
vn 0 -1 0 
vn 0 1 0 
vn 0 -1 0 
vn 0 1 0 
vn 0 1 0 
vn 0 1 0 
vn 0.866142 0 -0.496063 
vn -0.566929 0 -0.826772 
vn -0.566929 0 -0.826772 
vn 0 1 0 
vn 0 1 0 
vn -0.826772 0 0.566929 
vn -0.826772 0 0.566929 
vn -0.913386 0 0.409449 
vn -0.913386 0 0.409449 
vn 0 1 0 
vn -0.409449 0 -0.913386 
vn -0.409449 0 -0.913386 
vn -0.409449 0 -0.913386 
vn 0.590551 0 0.80315 
vn 0.590551 0 0.80315 
vn 0 1 0 
vn -0.80315 0 0.590551 
vn 0.590551 0 0.80315 
vn 0.590551 0 0.80315 
vn 0.944882 0 -0.322835 
vn 0 1 0 
vn 0 -1 0 
vn 0 1 0 
vn 0 1 0 
vn 0.944882 0 -0.322835 
vn 0 -1 0 
vn 0.480315 0 0.874016 
vn 0 -1 0 
vn -0.874016 0 0.480315 
vn 0 -1 0 
vn 0.480315 0 0.874016 
vn -0.826772 0 0.566929 
vn -0.826772 0 0.566929 
vn 0.566929 0 0.826772 
vn 0.566929 0 0.826772 
vn 0 -1 0 
vn 0.496063 0 0.866142 
vn 0.496063 0 0.866142 
vn 0.496063 0 0.866142 
vn 0 -1 0 
vn -0.866142 0 0.503937 
vn -0.866142 0 0.496063 
vn 0 1 0 
vn 0.496063 0 0.866142 
vn 0 1 0 
vn 0 1 0 
vn 0.84252 0 -0.535433 
vn 0 1 0 
vn -0.590551 0 -0.80315 
vn 0.80315 0 -0.590551 
vn 0 -1 0 
vn 0.80315 0 -0.590551 
vn 0 -1 0 
vn 0 -1 0 
vn 0.566929 0 0.826772 
vn 0.826772 0 -0.566929 
vn 0.566929 0 0.826772 
vn 0 -1 0 
vn 0.480315 0 0.874016 
vn 0.874016 0 -0.480315 
vn 0 1 0 
vn 0 1 0 
vn 0 -1 0 
vn 0 -1 0 
vn 0.496063 0 0.866142 
vn 0 1 0 
vn 0 -1 0 
vn 0 1 0 
vn 0 1 0 
vn 0 1 0 
vn -0.818898 0 0.574803 
vn -0.818898 0 0.574803 
vn 0 1 0 
vn -0.818898 0 0.574803 
vn -0.818898 0 0.574803 
vn 0 1 0 
vn 0.779528 0 -0.629921 
vn 0 1 0 
vn 0 1 0 
vn 0 -1 0 
vn 0 1 0 
vn 0 1 0 
vn 0.338583 0 0.937008 
vn -0.511811 0 -0.858268 
vn -0.511811 0 -0.858268 
vn -0.511811 0 -0.858268 
vn -0.858268 0 0.511811 
vn -0.858268 0 0.511811 
vn -0.858268 0 0.511811 
vn 0.338583 0 0.944882 
vn -0.212598 0.976378 0.0787402 
vn 0.338583 0 0.944882 
vn 0 -1 0 
vn 0.834646 0 -0.543307 
vn -0.543307 0 -0.834646 
vn 0.834646 0 -0.543307 
vn 0.834646 0 -0.543307 
vn 0 1 0 
vn 0 1 0 
vn -0.937008 0 0.338583 
vn 0 1 0 
vn 0 1 0 
vn -0.937008 0 0.338583 
vn 0 1 0 
vn -0.496063 0 -0.866142 
vn 0 -1 0 
vn 0.866142 0 -0.496063 
vn 0 -1 0 
vn -0.496063 0 -0.866142 
vn 0 1 0 
vn 0.866142 0 -0.496063 
vn 0 -1 0 
vn 0 1 0 
vn -0.496063 0 -0.866142 
vn 0 1 0 
vn 0.913386 0 -0.409449 
vn 0 -1 0 
vn 0 1 0 
vn 0.590551 0 0.80315 
vn 0.590551 0 0.80315 
vn 0 -1 0 
vn -0.80315 0 0.590551 
vn 0 -1 0 
vn 0.590551 0 0.80315 
vn 0.496063 0 0.866142 
vn -0.866142 0 0.503937 
vn -0.866142 0 0.496063 
vn -0.866142 0 0.496063 
vn 0.866142 0 -0.496063 
vn -0.496063 0 -0.866142 
vn 0 1 0 
vn 0 1 0 
vn 0 -1 0 
vn -0.338583 0 -0.937008 
vn 0 1 0 
vn 0 -1 0 
vn 0 1 0 
vn 0 1 0 
vn 0 -1 0 
vn 0 1 0 
vn 0 -1 0 
vn 0 1 0 
vn -0.496063 0 -0.866142 
vn 0 1 0 
vn -0.496063 0 -0.866142 
vn 0 1 0 
vn 0 1 0 
vn 0 -1 0 
vn -0.496063 0 -0.866142 
vn 0 1 0 
vn 0 1 0 
vn 0 -1 0 
vn 0.858268 0 -0.519685 
vn 0 -1 0 
vn 0 1 0 
vn 0 -1 0 
vn 0 -1 0 
vn 0 -1 0 
vn 0 -1 0 
vn 0.866142 0 -0.496063 
vn 0 -1 0 
vn 0 -1 0 
vn 0 1 0 
vn 0 1 0 
vn 0 -1 0 
vn 0 1 0 
vn 0 1 0 
vn 0.858268 0 -0.511811 
vn 0.858268 0 -0.511811 
vn -0.511811 0 -0.858268 
vn 0 1 0 
vn 0.858268 0 -0.511811 
vn 0 -1 0 
vn 0 1 0 
vn -0.385827 0 -0.92126 
vn 0 -1 0 
vn 0 1 0 
vn 0 -1 0 
vn 0 -1 0 
vn 0 -1 0 
vn 0 1 0 
vn 0 1 0 
vn 0 1 0 
vn 0 -1 0 
vn 0 1 0 
vn -0.858268 0 0.519685 
vn -0.858268 0 0.519685 
vn 0 1 0 
vn 0 1 0 
vn 0 -1 0 
vn -0.574803 0 -0.818898 
vn -0.574803 0 -0.818898 
vn 0.866142 0 -0.496063 
vn 0.866142 0 -0.496063 
vn 0.866142 0 -0.496063 
vn -0.496063 0 -0.866142 
vn 0.866142 0 -0.496063 
vn 0.866142 0 -0.496063 
vn 0 -1 0 
vn 0 -1 0 
vn 0 1 0 
vn 0 1 0 
vn 0 1 0 
vn 0.370079 0 0.929134 
vn 0.370079 0 0.929134 
vn 0 1 0 
vn 0 1 0 
vn 0.496063 0 0.866142 
vn 0 1 0 
vn -0.866142 0 0.496063 
vn 0.755906 0 -0.661417 
vn 0.661417 0 0.755906 
vn 0 -1 0 
vn 0 -1 0 
vn 0 -1 0 
vn 0.661417 0 0.755906 
vn 0 -1 0 
vn 0 1 0 
vn 0 -1 0 
vn 0.385827 0 0.92126 
vn 0 -1 0 
vn 0 1 0 
vn -0.385827 0 -0.92126 
vn 0 1 0 
vn 0 1 0 
vn 0.92126 0 -0.385827 
vn -0.385827 0 -0.92126 
vn 0 1 0 
vn 0 -1 0 
vn 0 1 0 
vn 0 -1 0 
vn 0 -1 0 
vn 0 -1 0 
vn 0.937008 0 -0.354331 
vn 0.937008 0 -0.354331 
vn -0.354331 0 -0.937008 
vn 0.937008 0 -0.354331 
vn 0.937008 0 -0.354331 
vn 0 -1 0 
vn 0 -1 0 
vn 0 -1 0 
vn 0.80315 0 -0.590551 
vn -0.937008 0 0.338583 
vn 0 -1 0 
vn 0 1 0 
vn -0.338583 0 -0.937008 
vn 0 -1 0 
vn -0.937008 0 0.338583 
vn 0 -1 0 
vn 0.503937 0 0.866142 
vn 0 -1 0 
vn 0 -1 0 
vn 0 1 0 
vn 0 -1 0 
vn 0 1 0 
vn 0 -1 0 
vn -0.834646 0 0.543307 
vn -0.543307 0 -0.834646 
vn 0 -1 0 
vn 0.370079 0 0.929134 
vn 0 -1 0 
vn 0 -1 0 
vn 0.929134 0 -0.370079 
vn 0.370079 0 0.929134 
vn 0 -1 0 
vn 0 -1 0 
vn 0 -1 0 
vn 0 1 0 
vn 0 1 0 
vn -0.496063 0 -0.866142 
vn -0.866142 0 0.496063 
vn -0.866142 0 0.496063 
vn -0.866142 0 0.496063 
vn 0 -1 0 
vn -0.322835 0 -0.944882 
vn -0.322835 0 -0.944882 
vn -0.944882 0 0.322835 
vn -0.322835 0 -0.944882 
vn -0.322835 0 -0.944882 
vn -0.755906 0 0.661417 
vn 0 -1 0 
vn 0 -1 0 
vn -0.755906 0 0.661417 
vn 0.92126 0 -0.385827 
vn 0 -1 0 
vn 0.92126 0 -0.385827 
vn 0 1 0 
vn 0 -1 0 
vn -0.496063 0 -0.866142 
vn -0.496063 0 -0.866142 
vn 0 -1 0 
vn 0.519685 0 0.858268 
vn 0 1 0 
vn 0 1 0 
vn 0 -1 0 
vn 0 1 0 
vn 0 1 0 
vn 0 1 0 
vn 0.503937 0 0.866142 
vn 0 -1 0 
vn 0.866142 0 -0.496063 
vn 0.503937 0 0.866142 
vn 0 1 0 
vn 0 -1 0 
vn 0.574803 0 0.818898 
vn 0.574803 0 0.818898 
vn 0.574803 0 0.818898 
vn 0.818898 0 -0.574803 
vn 0.409449 0 0.913386 
vn 0.409449 0 0.913386 
vn 0.409449 0 0.913386 
vn 0.409449 0 0.913386 
vn 0 -1 0 
vn 0 1 0 
vn 0.913386 0 -0.409449 
vn 0.913386 0 -0.409449 
vn 0 -1 0 
vn 0.913386 0 -0.409449 
vn 0.913386 0 -0.409449 
vn 0 -1 0 
vn 0.755906 0 -0.661417 
vn -0.84252 0 0.535433 
vn -0.84252 0 0.535433 
vn 0 -1 0 
vn 0 -1 0 
vn 0 1 0 
vn 0 1 0 
vn 0 -1 0 
vn 0 -1 0 
vn 0 -1 0 
vn 0 1 0 
vn 0.511811 0 0.858268 
vn 0 1 0 
vn 0.511811 0 0.858268 
vn -0.858268 0 0.511811 
vn 0 1 0 
vn 0.511811 0 0.858268 
vn -0.409449 0 -0.913386 
vn 0 1 0 
vn 0 1 0 
vn 0.913386 0 -0.409449 
vn 0.913386 0 -0.409449 
vn 0.409449 0 0.913386 
vn 0.409449 0 0.913386 
vn 0.409449 0 0.913386 
vn 0.409449 0 0.913386 
vn 0 1 0 
vn 0 1 0 
vn 0 -1 0 
vn 0.338583 0 0.937008 
vn 0 1 0 
vn 0 1 0 
vn 0 -1 0 
vn 0 -1 0 
vn 0.566929 0 0.826772 
vn 0 1 0 
vn 0.826772 0 -0.566929 
vn 0 1 0 
vn 0 -1 0 
vn 0 1 0 
vn 0 -1 0 
vn 0 -1 0 
vn 0 -1 0 
vn 0 -1 0 
vn 0 1 0 
vn 0 1 0 
vn 0.929134 0 -0.370079 
vn 0 1 0 
vn 0 -1 0 
vn -0.370079 0 -0.929134 
vn -0.370079 0 -0.929134 
vn 0.929134 0 -0.370079 
vn 0 -1 0 
vn -0.590551 0 -0.80315 
vn -0.590551 0 -0.80315 
vn 0 -1 0 
vn 0 1 0 
vn 0 -1 0 
vn 0 1 0 
vn 0 1 0 
vn -0.370079 0 -0.929134 
vn 0 -1 0 
vn -0.889764 0.330709 0.322835 
vn -0.212598 -0.976378 0.0787402 
vn -0.212598 -0.976378 0.0787402 
vn 0.338583 0 0.944882 
vn 0.338583 0 0.944882 
vn 0.338583 0 0.944882 
vn 0 -1 0 
vn 0 -1 0 
vn 0.370079 0 0.929134 
vn 0 -1 0 
vn 0.866142 0 -0.496063 
vn 0.866142 0 -0.496063 
vn 0 1 0 
vn 0.535433 0 0.84252 
vn 0.535433 0 0.84252 
vn 0 1 0 
vn 0.84252 0 -0.535433 
vn 0.535433 0 0.84252 
vn 0 1 0 
vn 0 1 0 
vn 0.866142 0 -0.496063 
vn 0.496063 0 0.866142 
vn 0 -1 0 
vn 0.866142 0 -0.496063 
vn 0 -1 0 
vn 0 -1 0 
vn 0.338583 0 0.937008 
vn 0 1 0 
vn 0 -1 0 
vn 0 -1 0 
vn 0.913386 0 -0.409449 
vn 0 -1 0 
vn 0 1 0 
vn 0 1 0 
vn 0 -1 0 
vn 0 -1 0 
vn -0.496063 0 -0.866142 
vn 0.944882 0 -0.322835 
vn 0.944882 0 -0.322835 
vn 0.322835 0 0.944882 
vn 0.566929 0 0.826772 
vn 0 -1 0 
vn 0 1 0 
vn 0 1 0 
vn 0 -1 0 
vn 0 1 0 
vn 0 1 0 
vn 0.779528 0 -0.629921 
vn 0.629921 0 0.779528 
vn 0.779528 0 -0.629921 
vn 0 1 0 
vn 0 -1 0 
vn 0 -1 0 
vn -0.338583 0 -0.937008 
vn 0.338583 0 0.937008 
vn 0 -1 0 
vn 0.338583 0 0.937008 
vn 0 -1 0 
vn -0.866142 0 0.503937 
vn 0 -1 0 
vn 0 1 0 
vn 0 1 0 
vn 0 -1 0 
vn 0 -1 0 
vn 0 -1 0 
vn -0.338583 0 -0.937008 
vn 0 1 0 
vn 0 1 0 
vn 0 -1 0 
vn -0.496063 0 -0.866142 
vn 0 1 0 
vn 0 1 0 
vn -0.80315 0 0.590551 
vn -0.80315 0 0.590551 
vn -0.212598 -0.976378 0.0787402 
vn -0.338583 0 -0.944882 
vn -0.102362 -0.992126 0.0393701 
vn 0 -1 0 
vn -0.338583 0 -0.944882 
vn -0.149606 0.984252 0.0551181 
vn -0.338583 0 -0.944882 
vn -0.338583 0 -0.944882 
vn 0.149606 0.984252 -0.0551181 
vn 0 -1 0 
vn 0 -1 0 
vn 0.937008 0 -0.338583 
vn 0.937008 0 -0.338583 
vn -0.338583 0 -0.937008 
vn -0.338583 0 -0.937008 
vn 0.937008 0 -0.338583 
vn 0 -1 0 
vn 0.629921 0 0.779528 
vn -0.779528 0 0.629921 
vn 0 -1 0 
vn 0 1 0 
vn 0 -1 0 
vn 0 -1 0 
vn 0 1 0 
vn 0.866142 0 -0.496063 
vn 0 -1 0 
vn 0 -1 0 
vn 0.322835 0 0.944882 
vn 0 -1 0 
vn 0 -1 0 
vn 0.322835 0 0.944882 
vn -0.818898 0 0.574803 
vn 0 -1 0 
vn 0 1 0 
vn -0.818898 0 0.574803 
vn 0.212598 -0.976378 -0.0787402 
vn 0.212598 -0.976378 -0.0787402 
vn 0.889764 0.330709 -0.322835 
vn 0.889764 0.330709 -0.322835 
vn 0.212598 -0.976378 -0.0787402 
vn -0.874016 0 0.480315 
vn -0.874016 0 0.480315 
vn 0 -1 0 
vn -0.874016 0 0.480315 
vn -0.874016 0 0.480315 
vn 0 -1 0 
vn 0 -1 0 
vn -0.913386 0 0.409449 
vn 0 -1 0 
vn 0 -1 0 
vn 0 -1 0 
vn 0 -1 0 
vn 0 -1 0 
vn -0.590551 0 -0.80315 
vn -0.80315 0 0.590551 
vn 0 -1 0 
vn 0 1 0 
vn 0.858268 0 -0.511811 
vn 0.858268 0 -0.511811 
vn 0 1 0 
vn 0 -1 0 
vn 0 -1 0 
vn 0.858268 0 -0.511811 
vn 0 -1 0 
vn 0 -1 0 
vn 0.858268 0 -0.511811 
vn 0 1 0 
vn 0 1 0 
vn 0.496063 0 0.866142 
vn 0 -1 0 
vn -0.409449 0 -0.913386 
vn 0 -1 0 
vn 0 1 0 
vn 0 -1 0 
vn 0 -1 0 
vn 0 -1 0 
vn 0 -1 0 
vn 0 -1 0 
vn 0 1 0 
vn -0.874016 0 0.480315 
vn -0.496063 0 -0.866142 
vn 0 -1 0 
vn 0 -1 0 
vn 0 1 0 
vn 0 -1 0 
vn 0 1 0 
vn 0 -1 0 
vn 0 1 0 
vn 0 1 0 
vn 0.354331 0 0.937008 
vn 0 1 0 
vn -0.92126 0 0.385827 
vn -0.92126 0 0.385827 
vn -0.92126 0 0.385827 
vn -0.92126 0 0.385827 
vn 0 1 0 
vn 0 -1 0 
vn 0 1 0 
vn 0 1 0 
vn -0.322835 0 -0.944882 
vn -0.937008 0 0.338583 
vn 0 -1 0 
vn 0 -1 0 
vn -0.937008 0 0.338583 
vn 0 -1 0 
vn 0 1 0 
vn 0 1 0 
vn 0 -1 0 
vn -0.385827 0 -0.92126 
vn -0.92126 0 0.385827 
vn 0 1 0 
vn -0.937008 0 0.354331 
vn 0 1 0 
vn 0.212598 0.976378 -0.0787402 
vn 0.212598 0.976378 -0.0787402 
vn 0.212598 0.976378 -0.0787402 
vn -0.212598 0.976378 0.0787402 
vn -0.212598 0.976378 0.0787402 
vn 0.889764 0.330709 -0.322835 
vn 0.889764 0.330709 -0.322835 
vn -0.212598 0.976378 0.0787402 
vn 0.354331 0 0.937008 
vn 0.354331 0 0.937008 
vn 0 -1 0 
vn 0.80315 0 -0.590551 
vn 0.80315 0 -0.590551 
vn 0.80315 0 -0.590551 
vn 0.590551 0 0.80315 
vn 0.590551 0 0.80315 
vn 0.80315 0 -0.590551 
vn 0.80315 0 -0.590551 
vn 0.511811 0 0.858268 
vn 0.511811 0 0.858268 
vn 0 1 0 
vn -0.937008 0 0.354331 
vn -0.889764 0.330709 0.322835 
vn -0.889764 0.330709 0.322835 
vn 0.480315 0 0.874016 
vn 0.480315 0 0.874016 
vn 0 1 0 
vn -0.496063 0 -0.866142 
vn 0.866142 0 -0.496063 
vn 0.338583 0 0.937008 
vn 0 1 0 
vn 0.937008 0 -0.338583 
vn 0 1 0 
vn 0.338583 0 0.937008 
vn 0.338583 0 0.937008 
vn 0 1 0 
vn -0.480315 0 -0.874016 
vn 0.944882 0 -0.322835 
vn 0 1 0 
vn 0 1 0 
vn 0 1 0 
vn -0.543307 0 -0.834646 
vn -0.834646 0 0.543307 
vn 0.409449 0 0.913386 
vn -0.937008 0 0.354331 
vn -0.937008 0 0.354331 
vn -0.937008 0 0.354331 
vn -0.354331 0 -0.937008 
vn 0 -1 0 
vn 0.566929 0 0.826772 
vn 0.566929 0 0.826772 
vn 0.566929 0 0.826772 
vn 0.889764 0.330709 -0.322835 
vn 0.889764 0.330709 -0.322835 
vn 0.889764 0.330709 -0.322835 
vn 0.338583 0 0.944882 
vn 0.212598 -0.976378 -0.0787402 
vn 0.338583 0 0.944882 
vn 0.834646 0 -0.543307 
vn 0.834646 0 -0.543307 
vn 0 1 0 
vn 0 1 0 
vn 0 1 0 
vn 0 1 0 
vn 0 1 0 
vn 0 1 0 
vn 0 1 0 
vn 0 1 0 
vn -0.535433 0 -0.84252 
vn 0.354331 0 0.937008 
vn 0.354331 0 0.937008 
vn 0.354331 0 0.937008 
vn 0.354331 0 0.937008 
vn 0 1 0 
vn -0.409449 0 -0.913386 
vn -0.409449 0 -0.913386 
vn -0.409449 0 -0.913386 
vn -0.409449 0 -0.913386 
vn -0.535433 0 -0.84252 
vn 0.84252 0 -0.535433 
vn 0.84252 0 -0.535433 
vn 0.84252 0 -0.535433 
vn 0 -1 0 
vn -0.913386 0 0.409449 
vn 0 1 0 
vn 0 1 0 
vn 0 1 0 
vn 0 1 0 
vn 0 1 0 
vn 0.937008 0 -0.354331 
vn 0.937008 0 -0.354331 
vn 0.937008 0 -0.354331 
vn 0.496063 0 0.866142 
vn 0.496063 0 0.866142 
vn -0.866142 0 0.496063 
vn -0.944882 0 0.322835 
vn -0.322835 0 -0.944882 
vn 0.212598 0.976378 -0.0787402 
vn -0.370079 0 -0.929134 
vn -0.370079 0 -0.929134 
vn -0.370079 0 -0.929134 
vn -0.826772 0 0.566929 
vn 0 -1 0 
vn 0.80315 0 -0.590551 
vn 0 1 0 
vn -0.80315 0 0.590551 
vn -0.590551 0 -0.80315 
vn -0.80315 0 0.590551 
vn 0 -1 0 
vn 0 1 0 
vn 0 1 0 
vn 0.590551 0 0.80315 
vn 0.590551 0 0.80315 
vn -0.511811 0 -0.858268 
vn -0.858268 0 0.511811 
vn -0.511811 0 -0.858268 
vn 0 -1 0 
vn 0 -1 0 
vn 0 -1 0 
vn 0 -1 0 
vn -0.80315 0 0.590551 
vn -0.338583 0 -0.944882 
vn -0.322835 0 -0.944882 
vn 0 -1 0 
vn 0.338583 0 0.937008 
vn 0 -1 0 
vn -0.590551 0 -0.80315 
vn 0 1 0 
vn 0 1 0 
vn 0 1 0 
vn -0.590551 0 -0.80315 
vn 0 1 0 
vn 0 -1 0 
vn 0 -1 0 
vn 0 1 0 
vn 0 1 0 
vn 0 1 0 
vn 0.866142 0 -0.496063 
vn 0.866142 0 -0.496063 
vn 0.866142 0 -0.496063 
vn 0.322835 0 0.944882 
vn 0.322835 0 0.944882 
vn 0 -1 0 
vn 0 1 0 
vn 0 1 0 
vn 0.80315 0 -0.590551 
vn 0 -1 0 
vn 0 -1 0 
vn 0 1 0 
vn 0 1 0 
vn -0.913386 0 0.409449 
vn -0.913386 0 0.409449 
vn 0 -1 0 
vn -0.826772 0 0.566929 
vn -0.566929 0 -0.826772 
vn -0.826772 0 0.566929 
vn -0.826772 0 0.566929 
vn 0.496063 0 0.866142 
vn 0 -1 0 
vn 0.496063 0 0.866142 
vn 0 -1 0 
vn 0 -1 0 
vn 0 -1 0 
vn 0.535433 0 0.84252 
vn 0.834646 0 -0.543307 
vn 0.834646 0 -0.543307 
vn 0.834646 0 -0.543307 
vn -0.543307 0 -0.834646 
vn 0.834646 0 -0.543307 
vn -0.543307 0 -0.834646 
vn -0.543307 0 -0.834646 
vn 0 -1 0 
vn 0 -1 0 
vn 0 -1 0 
vn -0.858268 0 0.511811 
vn -0.858268 0 0.511811 
vn -0.858268 0 0.511811 
vn -0.590551 0 -0.80315 
vn 0 -1 0 
vn 0 -1 0 
vn 0 -1 0 
vn 0 1 0 
vn -0.944882 0 0.322835 
vn -0.944882 0 0.322835 
vn 0 -1 0 
vn 0.866142 0 -0.496063 
vn 0.866142 0 -0.496063 
vn 0 -1 0 
vn -0.826772 0 0.566929 
vn 0 -1 0 
vn 0.409449 0 0.913386 
vn 0 -1 0 
vn -0.866142 0 0.496063 
vn -0.866142 0 0.496063 
vn -0.866142 0 0.496063 
vn -0.370079 0 -0.929134 
vn -0.370079 0 -0.929134 
vn -0.370079 0 -0.929134 
vn 0.944882 0 -0.322835 
vn 0.322835 0 0.944882 
vn 0.409449 0 0.913386 
vn -0.866142 0 0.503937 
vn 0 1 0 
vn 0 1 0 
vn 0.937008 0 -0.338583 
vn 0.937008 0 -0.338583 
vn 0 1 0 
vn 0 -1 0 
vn 0.543307 0 0.834646 
vn 0.834646 0 -0.543307 
vn 0.834646 0 -0.543307 
vn -0.937008 0 0.338583 
vn -0.937008 0 0.338583 
vn -0.370079 0 -0.929134 
vn 0 1 0 
vn -0.858268 0 0.511811 
vn 0 1 0 
vn -0.511811 0 -0.858268 
vn -0.913386 0 0.409449 
vn 0 1 0 
vn 0.212598 0.976378 -0.0787402 
vn 0.338583 0 0.944882 
vn 0.338583 0 0.944882 
vn -0.80315 0 0.590551 
vn -0.80315 0 0.590551 
vn -0.80315 0 0.590551 
vn 0 -1 0 
vn 0 -1 0 
vn 0 -1 0 
vn 0.535433 0 0.84252 
vn 0.535433 0 0.84252 
vn -0.496063 0 -0.866142 
vn -0.866142 0 0.496063 
vn -0.496063 0 -0.866142 
vn -0.496063 0 -0.866142 
vn 0 1 0 
vn 0.834646 0 -0.543307 
vn 0.834646 0 -0.543307 
vn 0 1 0 
vn 0 -1 0 
vn 0.834646 0 -0.543307 
vn 0 -1 0 
vn 0 -1 0 
vn -0.866142 0 0.496063 
vn -0.496063 0 -0.866142 
vn 0 1 0 
vn -0.590551 0 -0.80315 
vn 0.866142 0 -0.496063 
vn 0.866142 0 -0.496063 
vn 0.866142 0 -0.496063 
vn 0.944882 0 -0.322835 
vn 0 1 0 
vn 0.944882 0 -0.322835 
vn -0.866142 0 0.496063 
vn -0.866142 0 0.496063 
vn 0 1 0 
vn 0 1 0 
vn 0.913386 0 -0.409449 
vn 0.913386 0 -0.409449 
vn 0 1 0 
vn 0.496063 0 0.866142 
vn -0.866142 0 0.496063 
vn 0.503937 0 0.866142 
vn 0.866142 0 -0.496063 
vn 0 -1 0 
vn 0 -1 0 
vn 0 -1 0 
vn -0.566929 0 -0.826772 
vn -0.566929 0 -0.826772 
vn 0 -1 0 
vn 0 1 0 
vn -0.937008 0 0.338583 
vn -0.937008 0 0.338583 
vn 0 -1 0 
vn -0.496063 0 -0.866142 
vn 0.338583 0 0.937008 
vn 0.338583 0 0.937008 
vn 0.338583 0 0.937008 
vn -0.511811 0 -0.858268 
vn -0.511811 0 -0.858268 
vn 0 1 0 
vn 0.80315 0 -0.590551 
vn 0 1 0 
vn 0 -1 0 
vn 0 -1 0 
vn 0 -1 0 
vn 0.535433 0 0.84252 
vn 0.338583 0 0.944882 
vn 0 1 0 
vn 0.354331 0 0.937008 
vn 0 -1 0 
vn 0 -1 0 
vn 0.385827 0 0.92126 
vn 0.866142 0 -0.496063 
vn -0.496063 0 -0.866142 
vn -0.338583 0 -0.944882 
vn -0.212598 0.976378 0.0787402 
vn -0.212598 0.976378 0.0787402 
vn -0.937008 0 0.354331 
vn 0.354331 0 0.937008 
vn 0.385827 0 0.92126 
vn 0 1 0 
vn 0 1 0 
vn 0 1 0 
vn 0.409449 0 0.913386 
vn 0.913386 0 -0.409449 
vn -0.913386 0 0.409449 
vn -0.913386 0 0.409449 
vn -0.858268 0 0.511811 
vn -0.858268 0 0.511811 
vn 0 -1 0 
vn 0 -1 0 
vn 0.590551 0 0.80315 
vn 0.590551 0 0.80315 
vn 0 1 0 
vn -0.354331 0 -0.937008 
vn 0 1 0 
vn -0.354331 0 -0.937008 
vn -0.826772 0 0.566929 
vn -0.826772 0 0.566929 
vn 0 1 0 
vn 0 1 0 
vn -0.338583 0 -0.937008 
vn -0.937008 0 0.338583 
vn -0.779528 0 0.629921 
vn -0.779528 0 0.629921 
vn 0.629921 0 0.779528 
vn 0.629921 0 0.779528 
vn 0 1 0 
vn 0 1 0 
vn 0 1 0 
vn -0.929134 0 0.370079 
vn 0 -1 0 
vn 0 -1 0 
vn 0.385827 0 0.92126 
vn 0.84252 0 -0.535433 
vn 0.84252 0 -0.535433 
vn -0.496063 0 -0.866142 
vn 0 1 0 
vn 0 -1 0 
vn 0 -1 0 
vn 0 -1 0 
vn 0 -1 0 
vn -0.496063 0 -0.866142 
vn -0.496063 0 -0.866142 
vn 0 1 0 
vn 0.874016 0 -0.480315 
vn 0.874016 0 -0.480315 
vn 0.866142 0 -0.496063 
vn 0.496063 0 0.866142 
vn 0.496063 0 0.866142 
vn 0.866142 0 -0.496063 
vn 0 1 0 
vn -0.409449 0 -0.913386 
vn 0 -1 0 
vn 0.496063 0 0.866142 
vn 0 1 0 
vn 0 1 0 
vn -0.480315 0 -0.874016 
vn -0.496063 0 -0.866142 
vn -0.496063 0 -0.866142 
vn -0.496063 0 -0.866142 
vn 0.535433 0 0.84252 
vn -0.629921 0 -0.779528 
vn -0.590551 0 -0.80315 
vn 0.511811 0 0.858268 
vn 0.511811 0 0.858268 
vn 0.858268 0 -0.511811 
vn 0 -1 0 
vn -0.535433 0 -0.84252 
vn 0 -1 0 
vn -0.535433 0 -0.84252 
vn 0 1 0 
vn 0 1 0 
vn 0.496063 0 0.866142 
vn 0.496063 0 0.866142 
vn -0.779528 0 0.629921 
vn 0.629921 0 0.779528 
vn 0.629921 0 0.779528 
vn 0.937008 0 -0.338583 
vn -0.590551 0 -0.80315 
vn 0.80315 0 -0.590551 
vn 0 -1 0 
vn 0 -1 0 
vn -0.866142 0 0.496063 
vn -0.866142 0 0.496063 
vn -0.866142 0 0.496063 
vn 0.496063 0 0.866142 
vn 0 -1 0 
vn 0.496063 0 0.866142 
vn -0.866142 0 0.496063 
vn 0.496063 0 0.866142 
vn -0.866142 0 0.496063 
vn -0.866142 0 0.496063 
vn 0.866142 0 -0.496063 
vn 0 -1 0 
vn 0 1 0 
vn 0.409449 0 0.913386 
vn 0 1 0 
vn 0 1 0 
vn 0 1 0 
vn 0 1 0 
vn 0 -1 0 
vn -0.629921 0 -0.779528 
vn -0.629921 0 -0.779528 
vn -0.80315 0 0.590551 
vn -0.590551 0 -0.80315 
vn -0.590551 0 -0.80315 
vn -0.496063 0 -0.866142 
vn -0.496063 0 -0.866142 
vn -0.496063 0 -0.866142 
vn 0.496063 0 0.866142 
vn 0.866142 0 -0.496063 
vn 0 1 0 
vn 0.866142 0 -0.496063 
vn 0 1 0 
vn -0.80315 0 0.590551 
vn -0.590551 0 -0.80315 
vn -0.590551 0 -0.80315 
vn -0.80315 0 0.590551 
vn 0 -1 0 
vn 0 -1 0 
vn 0 -1 0 
vn -0.496063 0 -0.866142 
vn 0 1 0 
vn -0.496063 0 -0.866142 
vn -0.574803 0 -0.818898 
vn -0.574803 0 -0.818898 
vn -0.858268 0 0.519685 
vn -0.519685 0 -0.858268 
vn -0.519685 0 -0.858268 
vn -0.858268 0 0.519685 
vn -0.519685 0 -0.858268 
vn -0.519685 0 -0.858268 
vn -0.519685 0 -0.858268 
vn 0.858268 0 -0.511811 
vn -0.322835 0 -0.944882 
vn -0.944882 0 0.322835 
vn -0.944882 0 0.322835 
vn -0.944882 0 0.322835 
vn 0 -1 0 
vn 0 -1 0 
vn 0 -1 0 
vn -0.92126 0 0.385827 
vn 0 -1 0 
vn -0.92126 0 0.385827 
vn 0.496063 0 0.866142 
vn 0.496063 0 0.866142 
vn 0.92126 0 -0.385827 
vn 0.92126 0 -0.385827 
vn 0.92126 0 -0.385827 
vn 0.385827 0 0.92126 
vn 0 1 0 
vn 0 1 0 
vn 0 1 0 
vn 0 1 0 
vn 0 1 0 
vn 0 -1 0 
vn -0.874016 0 0.480315 
vn -0.385827 0 -0.92126 
vn 0 1 0 
vn -0.92126 0 0.385827 
vn -0.84252 0 0.535433 
vn 0.755906 0 -0.661417 
vn 0.755906 0 -0.661417 
vn -0.84252 0 0.535433 
vn 0 1 0 
vn 0.322835 0 0.944882 
vn 0 -1 0 
vn 0 -1 0 
vn 0 -1 0 
vn 0 1 0 
vn 0 1 0 
vn 0 1 0 
vn 0 1 0 
vn 0.566929 0 0.826772 
vn 0 -1 0 
vn 0 -1 0 
vn 0.496063 0 0.866142 
vn 0 -1 0 
vn -0.866142 0 0.496063 
vn 0.503937 0 0.866142 
vn 0.503937 0 0.866142 
vn -0.866142 0 0.496063 
vn -0.866142 0 0.496063 
vn -0.409449 0 -0.913386 
vn -0.409449 0 -0.913386 
vn 0 -1 0 
vn 0.866142 0 -0.496063 
vn 0.590551 0 0.80315 
vn -0.929134 0 0.370079 
vn -0.929134 0 0.370079 
vn 0 1 0 
vn 0 1 0 
vn 0.80315 0 -0.590551 
vn 0.80315 0 -0.590551 
vn 0 1 0 
vn 0 1 0 
vn -0.338583 0 -0.937008 
vn -0.338583 0 -0.937008 
vn -0.338583 0 -0.937008 
vn 0.937008 0 -0.338583 
vn 0 -1 0 
vn -0.84252 0 0.535433 
vn 0.354331 0 0.937008 
vn 0.354331 0 0.937008 
vn 0.354331 0 0.937008 
vn 0.503937 0 0.866142 
vn -0.496063 0 -0.866142 
vn 0 -1 0 
vn -0.866142 0 0.496063 
vn -0.866142 0 0.496063 
vn -0.866142 0 0.496063 
vn 0 -1 0 
vn 0 -1 0 
vn 0 -1 0 
vn -0.944882 0 0.322835 
vn -0.944882 0 0.322835 
vn 0 -1 0 
vn 0 -1 0 
vn 0 -1 0 
vn 0 1 0 
vn 0.866142 0 -0.496063 
vn 0.370079 0 0.929134 
vn 0.929134 0 -0.370079 
vn 0.929134 0 -0.370079 
vn 0.322835 0 0.944882 
vn 0.322835 0 0.944882 
vn 0 1 0 
vn 0 1 0 
vn 0 1 0 
vn -0.535433 0 -0.84252 
vn -0.535433 0 -0.84252 
vn 0 -1 0 
vn 0.92126 0 -0.385827 
vn 0.496063 0 0.866142 
vn 0 -1 0 
vn 0 1 0 
vn 0.866142 0 -0.496063 
vn 0.866142 0 -0.496063 
vn 0.543307 0 0.834646 
vn -0.858268 0 0.511811 
vn -0.535433 0 -0.84252 
vn 0 -1 0 
vn 0 1 0 
vn 0 1 0 
vn 0 1 0 
vn -0.496063 0 -0.866142 
vn 0 1 0 
vn 0.84252 0 -0.535433 
vn 0.84252 0 -0.535433 
vn 0 -1 0 
vn 0 -1 0 
vn 0.370079 0 0.929134 
vn 0 -1 0 
vn -0.80315 0 0.590551 
vn -0.590551 0 -0.80315 
vn -0.80315 0 0.590551 
vn -0.929134 0 0.370079 
vn 0.944882 0 -0.322835 
vn 0.944882 0 -0.322835 
vn 0 -1 0 
vn -0.496063 0 -0.866142 
vn -0.496063 0 -0.866142 
vn -0.858268 0 0.511811 
vn -0.858268 0 0.511811 
vn -0.937008 0 0.338583 
vn -0.937008 0 0.338583 
vn 0 1 0 
vn -0.937008 0 0.338583 
vn -0.535433 0 -0.84252 
vn 0 -1 0 
vn -0.590551 0 -0.80315 
vn -0.590551 0 -0.80315 
vn 0 -1 0 
vn 0.937008 0 -0.338583 
vn -0.858268 0 0.519685 
vn -0.858268 0 0.519685 
vn -0.511811 0 -0.858268 
vn 0.511811 0 0.858268 
vn 0.511811 0 0.858268 
vn 0 -1 0 
vn 0 -1 0 
vn 0 1 0 
vn 0 -1 0 
vn -0.913386 0 0.409449 
vn -0.913386 0 0.409449 
vn 0 -1 0 
vn 0 -1 0 
vn 0 -1 0 
vn 0 -1 0 
vn -0.574803 0 -0.818898 
vn -0.574803 0 -0.818898 
vn -0.574803 0 -0.818898 
vn 0 1 0 
vn 0 -1 0 
vn -0.409449 0 -0.913386 
vn -0.409449 0 -0.913386 
vn -0.866142 0 0.496063 
vn 0 1 0 
vn 0 1 0 
vn -0.574803 0 -0.818898 
vn -0.574803 0 -0.818898 
vn 0.496063 0 0.866142 
vn 0.496063 0 0.866142 
vn -0.866142 0 0.503937 
vn -0.866142 0 0.503937 
vn 0.496063 0 0.866142 
vn -0.866142 0 0.496063 
vn 0 -1 0 
vn -0.84252 0 0.535433 
vn 0.92126 0 -0.385827 
vn 0.92126 0 -0.385827 
vn 0.92126 0 -0.385827 
vn 0 1 0 
vn -0.937008 0 0.338583 
vn -0.937008 0 0.338583 
vn -0.929134 0 0.370079 
vn -0.929134 0 0.370079 
vn -0.496063 0 -0.866142 
vn -0.496063 0 -0.866142 
vn -0.496063 0 -0.866142 
vn 0.818898 0 -0.574803 
vn 0.818898 0 -0.574803 
vn 0 1 0 
vn 0.212598 -0.976378 -0.0787402 
vn 0.212598 -0.976378 -0.0787402 
vn -0.92126 0 0.385827 
vn -0.866142 0 0.496063 
vn 0.511811 0 0.858268 
vn 0 1 0 
vn 0 1 0 
vn 0 1 0 
vn -0.409449 0 -0.913386 
vn 0 1 0 
vn 0 -1 0 
vn -0.370079 0 -0.929134 
vn -0.370079 0 -0.929134 
vn -0.629921 0 -0.779528 
vn -0.629921 0 -0.779528 
vn 0.779528 0 -0.629921 
vn 0.779528 0 -0.629921 
vn 0.503937 0 0.866142 
vn 0.944882 0 -0.322835 
vn 0.322835 0 0.944882 
vn 0.322835 0 0.944882 
vn -0.866142 0 0.496063 
vn -0.92126 0 0.385827 
vn 0 1 0 
vn 0.338583 0 0.937008 
vn 0.574803 0 0.818898 
vn 0 -1 0 
vn 0 1 0 
vn 0 1 0 

vt 0.839554 0.0671111 
vt 0.839554 0.0853236 
vt 0.821341 0.0853236 
vt 0.492653 1.00822 
vt 0.243892 1.00822 
vt -0.00486817 0.667598 
vt 0.989323 0.116775 
vt 0.989323 0.141141 
vt 0.911814 0.116775 
vt 0.756798 0.116775 
vt 0.989323 0.128958 
vt 0.756798 0.141141 
vt 0.756798 0.141141 
vt 0.911814 0.153324 
vt 0.834306 0.153324 
vt 0.756798 0.153324 
vt 0.784916 0.0488985 
vt 0.784916 0.030686 
vt 0.803129 0.030686 
vt 0.243892 -0.0136406 
vt 0.741413 -0.0136406 
vt 0.492653 0.326979 
vt 0.834306 0.116775 
vt 0.911814 0.128958 
vt 0.989323 0.153324 
vt 0.834306 0.153324 
vt 0.756798 0.153324 
vt 0.756798 0.141141 
vt 0.756798 0.116775 
vt 0.834306 0.116775 
vt 0.834306 0.128958 
vt 0.911814 0.116775 
vt 0.989323 0.116775 
vt 0.989323 0.128958 
vt 0.741413 1.00822 
vt -0.00486817 1.00822 
vt -0.00486817 -0.0136406 
vt 0.821341 0.0853236 
vt 0.784916 0.0853236 
vt 0.839554 0.030686 
vt 0.492653 0.326979 
vt 0.243892 0.326979 
vt 0.243892 -0.0136406 
vt 0.784916 0.0853236 
vt 0.784916 0.0488985 
vt 0.821341 0.030686 
vt 0.803129 0.0853236 
vt 0.803129 0.0488985 
vt 0.839554 0.030686 
vt -0.00486817 -0.0136406 
vt 0.741413 1.00822 
vt -0.00486817 1.00822 
vt 0.839554 0.030686 
vt 0.839554 0.0853236 
vt 0.784916 0.0671111 
vt 0.741413 1.00822 
vt -0.00486817 1.00822 
vt -0.00486817 -0.0136406 
vt 0.741413 1.00822 
vt -0.00486817 1.00822 
vt -0.00486817 -0.0136406 
vt 0.839554 0.030686 
vt 0.839554 0.0671111 
vt 0.784916 0.0671111 
vt 0.784916 0.0853236 
vt 0.803129 0.0488985 
vt 0.839554 0.0671111 
vt 0.243892 0.667598 
vt 0.741413 0.667598 
vt 0.492653 1.00822 
vt -0.00486817 0.667598 
vt 0.492653 -0.0136406 
vt 0.741413 1.00822 
vt 0.839554 0.030686 
vt 0.839554 0.0853236 
vt 0.784916 0.0853236 
vt 0.821341 0.0488985 
vt 0.821341 0.0671111 
vt 0.803129 0.0853236 
vt 0.243892 0.667598 
vt 0.492653 0.667598 
vt 0.492653 1.00822 
vt 0.741413 -0.0136406 
vt 0.492653 0.326979 
vt -0.00486817 -0.0136406 
vt 0.839554 0.0853236 
vt 0.821341 0.0488985 
vt 0.839554 0.0488985 
vt -0.00486817 -0.0136406 
vt 0.741413 -0.0136406 
vt 0.492653 0.667598 
vt 0.803129 0.0488985 
vt 0.839554 0.030686 
vt 0.784916 0.0853236 
vt 0.821341 0.0671111 
vt 0.821341 0.0488985 
vt 0.839554 0.0488985 
vt 0.243892 1.00822 
vt -0.00486817 1.00822 
vt -0.00486817 0.667598 
vt 0.243892 0.667598 
vt 0.492653 0.667598 
vt 0.741413 1.00822 
vt 0.821341 0.0671111 
vt 0.839554 0.0853236 
vt 0.784916 0.0853236 
vt -0.00486817 0.326979 
vt 0.741413 -0.0136406 
vt 0.741413 1.00822 
vt 0.784916 0.0853236 
vt 0.784916 0.030686 
vt 0.839554 0.0853236 
vt 0.784916 0.0853236 
vt 0.821341 0.030686 
vt 0.839554 0.030686 
vt -0.00486817 -0.0136406 
vt 0.741413 0.667598 
vt 0.741413 1.00822 
vt 0.784916 0.0853236 
vt 0.784916 0.030686 
vt 0.839554 0.0853236 
vt 0.741413 1.00822 
vt -0.00486817 1.00822 
vt -0.00486817 -0.0136406 
vt 0.741413 1.00822 
vt -0.00486817 -0.0136406 
vt 0.741413 -0.0136406 
vt 0.839554 0.030686 
vt 0.784916 0.0853236 
vt 0.784916 0.0488985 
vt -0.00486817 -0.0136406 
vt 0.741413 0.667598 
vt 0.741413 1.00822 
vt 0.784916 0.0853236 
vt 0.784916 0.030686 
vt 0.839554 0.030686 
vt 0.492653 1.00822 
vt 0.243892 1.00822 
vt -0.00486817 0.326979 
vt 0.839554 0.030686 
vt 0.839554 0.0853236 
vt 0.821341 0.0488985 
vt 0.803129 0.0488985 
vt 0.784916 0.030686 
vt 0.821341 0.030686 
vt -0.00486817 -0.0136406 
vt 0.492653 -0.0136406 
vt 0.741413 1.00822 
vt 0.784916 0.0853236 
vt 0.784916 0.0488985 
vt 0.839554 0.0853236 
vt -0.00486817 -0.0136406 
vt 0.741413 1.00822 
vt 0.243892 1.00822 
vt 0.839554 0.030686 
vt 0.839554 0.0853236 
vt 0.803129 0.0488985 
vt 0.492653 0.326979 
vt -0.00486817 0.326979 
vt -0.00486817 -0.0136406 
vt 0.839554 0.030686 
vt 0.839554 0.0853236 
vt 0.784916 0.0488985 
vt -0.00486817 -0.0136406 
vt 0.741413 -0.0136406 
vt -0.00486817 1.00822 
vt 0.741413 1.00822 
vt -0.00486817 1.00822 
vt 0.741413 -0.0136406 
vt 0.839554 0.0671111 
vt 0.839554 0.0853236 
vt 0.784916 0.0853236 
vt 0.784916 0.0853236 
vt 0.784916 0.030686 
vt 0.839554 0.030686 
vt -0.00486817 -0.0136406 
vt 0.741413 -0.0136406 
vt 0.741413 1.00822 
vt 0.821341 0.030686 
vt 0.839554 0.0853236 
vt 0.784916 0.0853236 
vt 0.741413 1.00822 
vt -0.00486817 1.00822 
vt 0.741413 -0.0136406 
vt 0.784916 0.0853236 
vt 0.839554 0.030686 
vt 0.839554 0.0853236 
vt -0.00486817 0.667598 
vt 0.741413 1.00822 
vt 0.243892 1.00822 
vt 0.803129 0.030686 
vt 0.839554 0.0853236 
vt 0.784916 0.0853236 
vt 0.492653 0.667598 
vt 0.243892 0.667598 
vt 0.243892 0.326979 
vt 0.492653 1.00822 
vt 0.243892 1.00822 
vt 0.243892 -0.0136406 
vt 0.784916 0.030686 
vt 0.839554 0.0853236 
vt 0.784916 0.0853236 
vt 0.741413 1.00822 
vt -0.00486817 1.00822 
vt 0.492653 0.667598 
vt 0.839554 0.0853236 
vt 0.821341 0.0671111 
vt 0.839554 0.0671111 
vt -0.00486817 -0.0136406 
vt 0.741413 -0.0136406 
vt 0.741413 1.00822 
vt 0.784916 0.0853236 
vt 0.784916 0.030686 
vt 0.839554 0.030686 
vt 0.741413 1.00822 
vt 0.243892 0.667598 
vt 0.243892 0.326979 
vt 0.803129 0.0488985 
vt 0.839554 0.0853236 
vt 0.784916 0.0853236 
vt 0.741413 0.326979 
vt 0.243892 -0.0136406 
vt 0.821341 0.030686 
vt 0.243892 0.667598 
vt -0.00486817 0.667598 
vt -0.00486817 0.326979 
vt 0.784916 0.0488985 
vt 0.784916 0.030686 
vt 0.821341 0.030686 
vt -0.00486817 -0.0136406 
vt 0.741413 -0.0136406 
vt -0.00486817 1.00822 
vt 0.784916 0.0853236 
vt 0.784916 0.030686 
vt 0.839554 0.0671111 
vt 0.741413 1.00822 
vt -0.00486817 -0.0136406 
vt 0.741413 -0.0136406 
vt 0.784916 0.0853236 
vt 0.784916 0.0671111 
vt 0.839554 0.0671111 
vt 0.839554 0.030686 
vt 0.839554 0.0853236 
vt 0.821341 0.0671111 
vt 0.492653 0.667598 
vt 0.243892 0.667598 
vt 0.243892 0.326979 
vt 0.839554 0.0853236 
vt -0.00486817 0.326979 
vt 0.741413 0.326979 
vt 0.492653 0.326979 
vt 0.492653 -0.0136406 
vt 0.821341 0.0488985 
vt 0.784916 0.030686 
vt 0.839554 0.030686 
vt 0.741413 -0.0136406 
vt 0.243892 0.326979 
vt -0.00486817 -0.0136406 
vt 0.839554 0.0488985 
vt 0.839554 0.0853236 
vt 0.821341 0.0671111 
vt 0.741413 1.00822 
vt 0.492653 0.667598 
vt 0.243892 -0.0136406 
vt 0.784916 0.0853236 
vt 0.784916 0.0671111 
vt 0.821341 0.0853236 
vt 0.821341 0.0488985 
vt 0.821341 0.0671111 
vt 0.784916 0.0853236 
vt 0.492653 0.667598 
vt 0.492653 1.00822 
vt 0.243892 -0.0136406 
vt 0.492653 0.326979 
vt 0.784916 0.0488985 
vt 0.784916 0.030686 
vt 0.784916 0.030686 
vt -0.00486817 -0.0136406 
vt 0.741413 1.00822 
vt -0.00486817 1.00822 
vt -0.00486817 -0.0136406 
vt 0.839554 0.0671111 
vt 0.839554 0.0853236 
vt 0.784916 0.0853236 
vt 0.784916 0.0853236 
vt 0.784916 0.030686 
vt 0.839554 0.030686 
vt 0.741413 -0.0136406 
vt 0.492653 0.326979 
vt -0.00486817 -0.0136406 
vt 0.243892 0.326979 
vt -0.00486817 0.326979 
vt -0.00486817 -0.0136406 
vt 0.784916 0.0671111 
vt 0.784916 0.030686 
vt 0.821341 0.030686 
vt 0.784916 0.0853236 
vt 0.492653 0.667598 
vt -0.00486817 -0.0136406 
vt 0.741413 -0.0136406 
vt 0.741413 1.00822 
vt 0.784916 0.0853236 
vt 0.784916 0.030686 
vt 0.839554 0.030686 
vt 0.741413 1.00822 
vt 0.243892 1.00822 
vt -0.00486817 0.667598 
vt 0.839554 0.0853236 
vt 0.839554 0.0853236 
vt 0.741413 0.667598 
vt 0.784916 0.0488985 
vt 0.784916 0.030686 
vt 0.821341 0.030686 
vt 0.492653 -0.0136406 
vt 0.741413 -0.0136406 
vt 0.741413 0.326979 
vt 0.741413 -0.0136406 
vt 0.839554 0.030686 
vt 0.803129 0.0853236 
vt -0.00486817 0.326979 
vt 0.839554 0.030686 
vt 0.839554 0.0488985 
vt -0.00486817 1.00822 
vt 0.803129 0.030686 
vt 0.492653 -0.0136406 
vt 0.492653 0.326979 
vt -0.00486817 -0.0136406 
vt 0.839554 0.0853236 
vt 0.821341 0.0853236 
vt 0.741413 0.667598 
vt 0.741413 -0.0136406 
vt 0.839554 0.030686 
vt 0.741413 -0.0136406 
vt 0.839554 0.030686 
vt 0.821341 0.0671111 
vt 0.803129 0.0671111 
vt 0.492653 0.667598 
vt 0.741413 -0.0136406 
vt 0.741413 1.00822 
vt 0.839554 0.030686 
vt 0.741413 -0.0136406 
vt 0.741413 0.326979 
vt 0.243892 1.00822 
vt -0.00486817 1.00822 
vt 0.839554 0.0671111 
vt 0.243892 0.667598 
vt -0.00486817 0.667598 
vt -0.00486817 0.326979 
vt 0.839554 0.0671111 
vt 0.839554 0.0853236 
vt 0.803129 0.0853236 
vt 0.741413 1.00822 
vt 0.839554 0.0853236 
vt 0.803129 0.0853236 
vt -0.00486817 1.00822 
vt -0.00486817 -0.0136406 
vt 0.243892 -0.0136406 
vt 0.243892 0.326979 
vt 0.839554 0.030686 
vt 0.839554 0.0488985 
vt 0.784916 0.0853236 
vt 0.741413 -0.0136406 
vt 0.741413 -0.0136406 
vt 0.803129 0.030686 
vt 0.784916 0.030686 
vt 0.492653 1.00822 
vt -0.00486817 1.00822 
vt -0.00486817 -0.0136406 
vt 0.821341 0.0853236 
vt 0.839554 0.030686 
vt 0.839554 0.0671111 
vt 0.839554 0.030686 
vt 0.741413 -0.0136406 
vt 0.741413 0.326979 
vt 0.784916 0.0853236 
vt 0.839554 0.0671111 
vt -0.00486817 0.326979 
vt 0.243892 0.667598 
vt 0.243892 1.00822 
vt 0.839554 0.0853236 
vt 0.821341 0.0671111 
vt -0.00486817 1.00822 
vt -0.00486817 0.326979 
vt 0.243892 1.00822 
vt 0.803129 0.0671111 
vt 0.803129 0.0488985 
vt 0.821341 0.0488985 
vt 0.824321 0.408322 
vt 1.00199 0.408322 
vt 1.00199 0.524214 
vt 0.839554 0.0488985 
vt 0.839554 0.0853236 
vt -0.00486817 1.00822 
vt 0.741413 -0.0136406 
vt 0.741413 0.326979 
vt 0.784916 0.030686 
vt 0.839554 0.030686 
vt 0.803129 0.0671111 
vt -0.00486817 -0.0136406 
vt 0.741413 -0.0136406 
vt 0.741413 0.326979 
vt -0.00486817 0.326979 
vt -0.00486817 -0.0136406 
vt 0.243892 1.00822 
vt 0.839554 0.030686 
vt 0.839554 0.0853236 
vt 0.821341 0.0671111 
vt 0.839554 0.030686 
vt 0.741413 -0.0136406 
vt -0.00486817 1.00822 
vt 0.839554 0.0853236 
vt 0.243892 0.667598 
vt 0.492653 0.667598 
vt 0.492653 1.00822 
vt 0.803129 0.0853236 
vt 0.741413 0.667598 
vt 0.492653 0.326979 
vt 0.803129 0.030686 
vt 0.243892 0.667598 
vt 0.784916 0.030686 
vt 0.839554 0.0488985 
vt 0.492653 0.326979 
vt 0.784916 0.030686 
vt 0.839554 0.0853236 
vt -0.00486817 1.00822 
vt 0.492653 0.326979 
vt 0.741413 0.326979 
vt 0.741413 0.667598 
vt 0.784916 0.030686 
vt 0.913153 0.524214 
vt 0.913153 0.640107 
vt 0.821341 0.0853236 
vt 0.821341 0.0671111 
vt 0.839554 0.0853236 
vt 0.839554 0.0853236 
vt 0.784916 0.0853236 
vt 0.839554 0.030686 
vt 0.492653 0.667598 
vt -0.00486817 1.00822 
vt 0.741413 -0.0136406 
vt 0.803129 0.030686 
vt 0.784916 0.030686 
vt 0.784916 0.030686 
vt 0.741413 0.326979 
vt 0.784916 0.030686 
vt 0.243892 -0.0136406 
vt 0.741413 -0.0136406 
vt 0.784916 0.0488985 
vt 0.784916 0.030686 
vt 0.784916 0.0488985 
vt 0.784916 0.030686 
vt 0.803129 0.030686 
vt 0.492653 0.326979 
vt 0.741413 -0.0136406 
vt 0.741413 0.667598 
vt 0.741413 1.00822 
vt 0.803129 0.0488985 
vt 0.243892 1.00822 
vt -0.00486817 1.00822 
vt -0.00486817 0.326979 
vt 0.821341 0.030686 
vt 0.989323 0.128958 
vt 0.756798 0.153324 
vt 0.756798 0.116775 
vt 0.756798 0.116775 
vt 0.989323 0.116775 
vt 0.989323 0.153324 
vt 0.989323 0.141141 
vt 0.989323 0.153324 
vt 0.756798 0.116775 
vt 0.989323 0.153324 
vt 0.756798 0.153324 
vt 0.756798 0.141141 
vt 0.756798 0.141141 
vt 0.989323 0.153324 
vt 0.911814 0.153324 
vt 0.756798 0.153324 
vt 0.989323 0.141141 
vt 0.834306 0.153324 
vt 0.989323 0.153324 
vt 0.756798 0.116775 
vt 0.911814 0.116775 
vt 0.784916 0.030686 
vt 0.989323 0.128958 
vt 0.834306 0.153324 
vt 0.911814 0.116775 
vt 0.834306 0.116775 
vt 0.989323 0.116775 
vt 0.989323 0.153324 
vt 0.989323 0.153324 
vt 0.756798 0.153324 
vt 0.834306 0.116775 
vt 0.756798 0.116775 
vt 0.989323 0.153324 
vt 0.756798 0.153324 
vt 0.756798 0.116775 
vt 0.989323 0.128958 
vt 0.756798 0.153324 
vt 0.989323 0.153324 
vt 0.756798 0.116775 
vt 0.989323 0.116775 
vt 0.834306 0.153324 
vt 0.911814 0.141141 
vt 0.989323 0.153324 
vt 0.756798 0.153324 
vt 0.756798 0.116775 
vt 0.989323 0.153324 
vt 0.834306 0.141141 
vt 0.834306 0.141141 
vt 0.989323 0.116775 
vt 0.989323 0.153324 
vt 0.756798 0.116775 
vt 0.989323 0.116775 
vt 0.911814 0.153324 
vt 0.989323 0.116775 
vt 0.989323 0.153324 
vt 0.834306 0.116775 
vt 0.989323 0.141141 
vt 0.989323 0.153324 
vt 0.756798 0.116775 
vt 0.911814 0.153324 
vt 0.756798 0.153324 
vt 0.756798 0.141141 
vt 0.834306 0.141141 
vt 0.911814 0.141141 
vt 0.756798 0.153324 
vt 0.911814 0.128958 
vt 0.989323 0.116775 
vt 0.989323 0.153324 
vt 0.989323 0.153324 
vt 0.756798 0.153324 
vt 0.756798 0.116775 
vt 0.989323 0.153324 
vt 0.756798 0.116775 
vt 0.989323 0.116775 
vt 0.911814 0.116775 
vt 0.989323 0.141141 
vt 0.756798 0.141141 
vt 0.756798 0.116775 
vt 0.911814 0.128958 
vt 0.989323 0.141141 
vt 0.911814 0.153324 
vt 0.756798 0.153324 
vt 0.756798 0.116775 
vt 0.756798 0.128958 
vt 0.989323 0.116775 
vt 0.989323 0.153324 
vt 0.989323 0.141141 
vt 0.756798 0.116775 
vt 0.989323 0.116775 
vt 0.989323 0.153324 
vt 0.756798 0.141141 
vt 0.756798 0.116775 
vt 0.989323 0.153324 
vt 0.911814 0.153324 
vt 0.756798 0.116775 
vt 0.756798 0.116775 
vt 0.834306 0.141141 
vt 0.834306 0.153324 
vt 0.756798 0.141141 
vt 0.989323 0.153324 
vt 0.911814 0.153324 
vt 0.756798 0.116775 
vt 0.989323 0.141141 
vt 0.989323 0.153324 
vt 0.756798 0.116775 
vt 0.834306 0.116775 
vt 0.989323 0.153324 
vt 0.756798 0.116775 
vt 0.989323 0.153324 
vt 0.756798 0.153324 
vt 0.989323 0.128958 
vt 0.756798 0.141141 
vt 0.989323 0.116775 
vt 0.756798 0.128958 
vt 0.756798 0.116775 
vt 0.834306 0.141141 
vt 0.989323 0.116775 
vt 0.911814 0.128958 
vt 0.911814 0.116775 
vt 0.756798 0.116775 
vt 0.989323 0.128958 
vt 0.756798 0.153324 
vt 0.989323 0.116775 
vt 0.756798 0.153324 
vt 0.756798 0.116775 
vt 0.989323 0.153324 
vt 0.911814 0.128958 
vt 0.989323 0.116775 
vt 0.989323 0.153324 
vt 0.911814 0.153324 
vt 0.756798 0.116775 
vt 0.756798 0.141141 
vt 0.989323 0.141141 
vt 0.989323 0.153324 
vt 0.756798 0.153324 
vt 0.989323 0.141141 
vt 0.834306 0.153324 
vt 0.834306 0.153324 
vt 0.756798 0.153324 
vt 0.756798 0.141141 
vt 0.911814 0.153324 
vt 0.834306 0.153324 
vt 0.756798 0.128958 
vt 0.756798 0.141141 
vt 0.989323 0.128958 
vt 0.989323 0.153324 
vt 0.911814 0.141141 
vt 0.834306 0.153324 
vt 0.834306 0.128958 
vt 0.756798 0.128958 
vt 0.989323 0.128958 
vt 0.989323 0.153324 
vt 0.989323 0.141141 
vt 0.756798 0.128958 
vt 0.756798 0.116775 
vt 0.911814 0.153324 
vt 0.989323 0.116775 
vt 0.756798 0.153324 
vt 0.756798 0.116775 
vt 0.989323 0.153324 
vt 0.911814 0.128958 
vt 0.989323 0.116775 
vt 0.834306 0.116775 
vt 0.989323 0.116775 
vt 0.756798 0.141141 
vt 0.756798 0.153324 
vt 0.989323 0.128958 
vt 0.989323 0.141141 
vt 0.911814 0.153324 
vt 0.834306 0.153324 
vt 0.756798 0.116775 
vt 0.989323 0.141141 
vt 0.989323 0.153324 
vt 0.756798 0.116775 
vt 0.989323 0.116775 
vt 0.989323 0.153324 
vt 0.989323 0.153324 
vt 0.756798 0.153324 
vt 0.756798 0.116775 
vt 0.756798 0.116775 
vt 0.911814 0.128958 
vt 0.989323 0.153324 
vt 0.989323 0.153324 
vt 0.756798 0.153324 
vt 0.756798 0.116775 
vt 0.756798 0.116775 
vt 0.989323 0.128958 
vt 0.756798 0.153324 
vt 0.989323 0.116775 
vt 0.834306 0.141141 
vt 0.756798 0.116775 
vt 0.911814 0.153324 
vt 0.756798 0.116775 
vt 0.989323 0.116775 
vt 0.989323 0.153324 
vt 0.989323 0.153324 
vt 0.911814 0.153324 
vt 0.756798 0.116775 
vt 0.756798 0.141141 
vt 0.989323 0.116775 
vt 0.989323 0.153324 
vt 0.989323 0.153324 
vt 0.834306 0.153324 
vt 0.756798 0.116775 
vt 0.989323 0.153324 
vt 0.756798 0.116775 
vt 0.989323 0.128958 
vt 0.911814 0.153324 
vt 0.989323 0.153324 
vt 0.756798 0.153324 
vt 0.756798 0.128958 
vt 0.756798 0.116775 
vt 0.911814 0.116775 
vt 0.834306 0.128958 
vt 0.834306 0.116775 
vt 0.756798 0.153324 
vt 0.756798 0.128958 
vt 0.989323 0.153324 
vt 0.756798 0.128958 
vt 0.834306 0.116775 
vt 0.834306 0.141141 
vt 0.756798 0.141141 
vt 0.756798 0.128958 
vt 0.989323 0.153324 
vt 0.756798 0.153324 
vt 0.756798 0.116775 
vt 0.989323 0.116775 
vt 0.989323 0.153324 
vt 0.756798 0.116775 
vt 0.989323 0.128958 
vt 0.756798 0.116775 
vt 0.834306 0.116775 
vt 0.989323 0.116775 
vt 0.756798 0.128958 
vt 0.756798 0.116775 
vt 0.834306 0.153324 
vt 0.834306 0.116775 
vt 0.989323 0.116775 
vt 0.989323 0.128958 
vt 0.756798 0.128958 
vt 0.756798 0.116775 
vt 0.834306 0.153324 
vt 0.756798 0.116775 
vt 0.989323 0.116775 
vt 0.989323 0.128958 
vt 0.756798 0.116775 
vt 0.989323 0.116775 
vt 0.834306 0.153324 
vt 0.756798 0.153324 
vt 0.989323 0.116775 
vt 0.989323 0.141141 
vt 0.911814 0.128958 
vt 0.989323 0.153324 
vt 0.756798 0.116775 
vt 0.756798 0.141141 
vt 0.911814 0.141141 
vt 0.756798 0.153324 
vt 0.911814 0.153324 
vt 0.756798 0.153324 
vt 0.834306 0.141141 
vt 0.756798 0.116775 
vt 0.989323 0.141141 
vt 0.989323 0.153324 
vt 0.756798 0.153324 
vt 0.911814 0.128958 
vt 0.989323 0.116775 
vt 0.989323 0.153324 
vt 0.834306 0.153324 
vt 0.756798 0.141141 
vt 0.834306 0.153324 
vt 0.989323 0.141141 
vt 0.989323 0.153324 
vt 0.989323 0.116775 
vt 0.989323 0.153324 
vt 0.756798 0.116775 
vt 0.989323 0.153324 
vt 0.756798 0.153324 
vt 0.756798 0.116775 
vt 0.756798 0.116775 
vt 0.989323 0.116775 
vt 0.911814 0.153324 
vt 0.989323 0.141141 
vt 0.989323 0.116775 
vt 0.989323 0.153324 
vt 0.911814 0.153324 
vt 0.756798 0.116775 
vt 0.989323 0.116775 
vt 0.756798 0.153324 
vt 0.834306 0.116775 
vt 0.989323 0.153324 
vt 0.989323 0.153324 
vt 0.756798 0.153324 
vt 0.756798 0.116775 
vt 0.756798 0.116775 
vt 0.834306 0.116775 
vt 0.989323 0.153324 
vt 0.756798 0.153324 
vt 0.756798 0.116775 
vt 0.989323 0.128958 
vt 0.834306 0.116775 
vt 0.989323 0.153324 
vt 0.756798 0.153324 
vt 0.989323 0.141141 
vt 0.756798 0.116775 
vt 0.989323 0.116775 
vt 0.756798 0.141141 
vt 0.756798 0.116775 
vt 0.834306 0.153324 
vt 0.911814 0.116775 
vt 0.989323 0.116775 
vt 0.989323 0.141141 
vt 0.989323 0.128958 
vt 0.989323 0.153324 
vt 0.834306 0.116775 
vt 0.834306 0.153324 
vt 0.756798 0.153324 
vt 0.756798 0.128958 
vt 0.989323 0.116775 
vt 0.756798 0.153324 
vt 0.756798 0.116775 
vt 0.756798 0.128958 
vt 0.989323 0.116775 
vt 0.989323 0.153324 
vt 0.911814 0.153324 
vt 0.756798 0.128958 
vt 0.989323 0.153324 
vt 0.756798 0.153324 
vt 0.756798 0.116775 
vt 0.989323 0.141141 
vt 0.756798 0.153324 
vt 0.989323 0.153324 
vt 0.989323 0.116775 
vt 0.834306 0.116775 
vt 0.911814 0.116775 
vt 0.989323 0.153324 
vt 0.756798 0.116775 
vt 0.911814 0.153324 
vt 0.756798 0.153324 
vt 0.756798 0.128958 
vt 0.989323 0.153324 
vt 0.834306 0.153324 
vt 0.911814 0.141141 
vt 0.989323 0.116775 
vt 0.989323 0.153324 
vt 0.756798 0.116775 
vt 0.989323 0.116775 
vt 0.989323 0.128958 
vt 0.989323 0.141141 
vt 0.756798 0.128958 
vt 0.756798 0.116775 
vt 0.911814 0.153324 
vt 0.756798 0.153324 
vt 0.989323 0.153324 
vt 0.911814 0.153324 
vt 0.756798 0.116775 
vt 0.989323 0.116775 
vt 0.834306 0.128958 
vt 0.756798 0.153324 
vt 0.989323 0.116775 
vt 0.989323 0.153324 
vt 0.756798 0.153324 
vt 0.989323 0.153324 
vt 0.756798 0.141141 
vt 0.756798 0.128958 
vt 0.756798 0.153324 
vt 0.989323 0.128958 
vt 0.989323 0.141141 
vt 0.834306 0.153324 
vt 0.989323 0.141141 
vt 0.989323 0.153324 
vt 0.756798 0.153324 
vt 0.834306 0.116775 
vt 0.989323 0.153324 
vt 0.756798 0.153324 
vt 0.834306 0.116775 
vt 0.911814 0.116775 
vt 0.834306 0.128958 
vt 0.834306 0.116775 
vt 0.756798 0.116775 
vt 0.834306 0.116775 
vt 0.756798 0.128958 
vt 0.989323 0.128958 
vt 0.911814 0.153324 
vt 0.911814 0.116775 
vt 0.834306 0.116775 
vt 0.989323 0.141141 
vt 0.989323 0.153324 
vt 0.756798 0.153324 
vt 0.756798 0.141141 
vt 0.989323 0.153324 
vt 0.756798 0.153324 
vt 0.989323 0.141141 
vt 0.989323 0.153324 
vt 0.756798 0.153324 
vt 0.756798 0.141141 
vt 0.911814 0.153324 
vt 0.756798 0.128958 
vt 0.756798 0.116775 
vt 0.911814 0.116775 
vt 0.989323 0.116775 
vt 0.989323 0.128958 
vt 0.989323 0.153324 
vt 0.834306 0.141141 
vt 0.989323 0.116775 
vt 0.756798 0.153324 
vt 0.834306 0.153324 
vt 0.989323 0.153324 
vt 0.756798 0.153324 
vt 0.911814 0.116775 
vt 0.756798 0.153324 
vt 0.989323 0.153324 
vt 0.756798 0.128958 
vt 0.756798 0.116775 
vt 0.911814 0.116775 
vt 0.989323 0.116775 
vt 0.989323 0.128958 
vt 0.911814 0.153324 
vt 0.756798 0.141141 
vt 0.989323 0.116775 
vt 0.989323 0.141141 
vt 0.756798 0.128958 
vt 0.989323 0.141141 
vt 0.756798 0.153324 
vt 0.989323 0.153324 
vt 0.989323 0.116775 
vt 0.834306 0.141141 
vt 0.756798 0.153324 
vt 0.756798 0.116775 
vt 0.989323 0.153324 
vt 0.756798 0.153324 
vt 0.756798 0.116775 
vt 0.756798 0.153324 
vt 0.989323 0.116775 
vt 0.989323 0.153324 
vt 0.834306 0.141141 
vt 0.989323 0.153324 
vt 0.911814 0.153324 
vt 0.989323 0.153324 
vt 0.911814 0.153324 
vt 0.756798 0.116775 
vt 0.989323 0.128958 
vt 0.989323 0.153324 
vt 0.756798 0.153324 
vt 0.989323 0.116775 
vt 0.911814 0.128958 
vt 0.756798 0.116775 
vt 0.756798 0.153324 
vt 0.756798 0.116775 
vt 0.834306 0.116775 
vt 0.756798 0.116775 
vt 0.989323 0.116775 
vt 0.989323 0.128958 
vt 0.756798 0.116775 
vt 0.989323 0.116775 
vt 0.989323 0.153324 
vt 0.756798 0.153324 
vt 0.756798 0.116775 
vt 0.989323 0.153324 
vt 0.989323 0.153324 
vt 0.911814 0.153324 
vt 0.989323 0.116775 
vt 0.834306 0.153324 
vt 0.756798 0.153324 
vt 0.756798 0.116775 
vt 0.756798 0.116775 
vt 0.989323 0.153324 
vt 0.834306 0.141141 
vt 0.989323 0.116775 
vt 0.989323 0.153324 
vt 0.756798 0.116775 
vt 0.756798 0.116775 
vt 0.989323 0.116775 
vt 0.989323 0.153324 
vt 0.756798 0.153324 
vt 0.756798 0.153324 
vt 0.834306 0.116775 
vt 0.989323 0.153324 
vt 0.911814 0.128958 
vt 0.989323 0.116775 
vt 0.989323 0.153324 
vt 0.911814 0.153324 
vt 0.834306 0.116775 
vt 0.756798 0.128958 
vt 0.834306 0.128958 
vt 0.756798 0.141141 
vt 0.989323 0.128958 
vt 0.989323 0.141141 
vt 0.911814 0.153324 
vt 0.756798 0.141141 
vt 0.756798 0.128958 
vt 0.756798 0.116775 
vt 0.989323 0.116775 
vt 0.989323 0.153324 
vt 0.756798 0.153324 
vt 0.989323 0.153324 
vt 0.756798 0.141141 
vt 0.989323 0.141141 
vt 0.756798 0.153324 
vt 0.756798 0.153324 
vt 0.834306 0.116775 
vt 0.989323 0.153324 
vt 0.911814 0.116775 
vt 0.989323 0.141141 
vt 0.756798 0.128958 
vt 0.756798 0.116775 
vt 0.756798 0.116775 
vt 0.989323 0.116775 
vt 0.989323 0.128958 
vt 0.989323 0.116775 
vt 0.834306 0.153324 
vt 0.834306 0.116775 
vt 0.756798 0.141141 
vt 0.756798 0.116775 
vt 0.911814 0.153324 
vt 0.756798 0.128958 
vt 0.989323 0.153324 
vt 0.834306 0.153324 
vt 0.989323 0.153324 
vt 0.989323 0.128958 
vt 0.756798 0.153324 
vt 0.756798 0.116775 
vt 0.989323 0.153324 
vt 0.834306 0.116775 
vt 0.989323 0.116775 
vt 0.911814 0.116775 
vt 0.989323 0.116775 
vt 0.989323 0.128958 
vt 0.834306 0.116775 
vt 0.756798 0.128958 
vt 0.756798 0.116775 
vt 0.756798 0.116775 
vt 0.911814 0.116775 
vt 0.989323 0.116775 
vt 0.989323 0.128958 
vt 0.756798 0.141141 
vt 0.756798 0.116775 
vt 0.834306 0.153324 
vt 0.756798 0.128958 
vt 0.989323 0.116775 
vt 0.989323 0.141141 
vt 0.756798 0.116775 
vt 0.834306 0.116775 
vt 0.989323 0.116775 
vt 0.989323 0.116775 
vt 0.989323 0.153324 
vt 0.834306 0.116775 
vt 0.756798 0.153324 
vt 0.989323 0.116775 
vt 0.834306 0.153324 
vt 0.756798 0.153324 
vt 0.756798 0.116775 
vt 0.989323 0.153324 
vt 0.756798 0.116775 
vt 0.989323 0.116775 
vt 0.989323 0.153324 
vt 0.756798 0.153324 
vt 0.756798 0.116775 
vt 0.756798 0.116775 
vt 0.989323 0.116775 
vt 0.756798 0.153324 
vt 0.989323 0.153324 
vt 0.989323 0.128958 
vt 0.911814 0.153324 
vt 0.756798 0.153324 
vt 0.756798 0.141141 
vt 0.834306 0.116775 
vt 0.989323 0.116775 
vt 0.989323 0.153324 
vt 0.834306 0.153324 
vt 0.756798 0.153324 
vt 0.756798 0.116775 
vt 0.756798 0.141141 
vt 0.911814 0.116775 
vt 0.989323 0.116775 
vt 0.989323 0.141141 
vt 0.756798 0.141141 
vt 0.989323 0.116775 
vt 0.989323 0.141141 
vt 0.756798 0.153324 
vt 0.989323 0.116775 
vt 0.989323 0.141141 
vt 0.756798 0.141141 
vt 0.989323 0.116775 
vt 0.911814 0.128958 
vt 0.989323 0.153324 
vt 0.756798 0.153324 
vt 0.756798 0.116775 
vt 0.911814 0.153324 
vt 0.834306 0.153324 
vt 0.989323 0.153324 
vt 0.989323 0.128958 
vt 0.756798 0.116775 
vt 0.756798 0.153324 
vt 0.756798 0.128958 
vt 0.834306 0.153324 
vt 0.834306 0.116775 
vt 0.989323 0.153324 
vt 0.834306 0.128958 
vt 0.756798 0.153324 
vt 0.756798 0.116775 
vt 0.989323 0.153324 
vt 0.756798 0.116775 
vt 0.911814 0.128958 
vt 0.756798 0.153324 
vt 0.756798 0.116775 
vt 0.911814 0.153324 
vt 0.756798 0.141141 
vt 0.756798 0.128958 
vt 0.834306 0.116775 
vt 0.989323 0.128958 
vt 0.989323 0.141141 
vt 0.911814 0.116775 
vt 0.756798 0.116775 
vt 0.911814 0.128958 
vt 0.989323 0.153324 
vt 0.834306 0.116775 
vt 0.989323 0.116775 
vt 0.989323 0.153324 
vt 0.756798 0.153324 
vt 0.756798 0.116775 
vt 0.756798 0.116775 
vt 0.989323 0.116775 
vt 0.989323 0.153324 
vt 0.989323 0.153324 
vt 0.834306 0.153324 
vt 0.756798 0.141141 
vt 0.989323 0.153324 
vt 0.911814 0.153324 
vt 0.989323 0.141141 
vt 0.834306 0.141141 
vt 0.989323 0.153324 
vt 0.911814 0.153324 
vt 0.989323 0.128958 
vt 0.989323 0.141141 
vt 0.834306 0.141141 
vt 0.756798 0.116775 
vt 0.911814 0.153324 
vt 0.989323 0.116775 
vt 0.989323 0.153324 
vt 0.834306 0.153324 
vt 0.911814 0.116775 
vt 0.756798 0.116775 
vt 0.989323 0.153324 
vt 0.756798 0.153324 
vt 0.911814 0.116775 
vt 0.989323 0.116775 
vt 0.756798 0.153324 
vt 0.989323 0.153324 
vt 0.756798 0.141141 
vt 0.756798 0.153324 
vt 0.756798 0.116775 
vt 0.989323 0.153324 
vt 0.756798 0.116775 
vt 0.989323 0.116775 
vt 0.756798 0.116775 
vt 0.989323 0.116775 
vt 0.911814 0.153324 
vt 0.834306 0.153324 
vt 0.989323 0.141141 
vt 0.911814 0.153324 
vt 0.911814 0.116775 
vt 0.834306 0.153324 
vt 0.756798 0.153324 
vt 0.756798 0.141141 
vt 0.989323 0.116775 
vt 0.989323 0.153324 
vt 0.756798 0.128958 
vt 0.834306 0.116775 
vt 0.756798 0.153324 
vt 0.989323 0.116775 
vt 0.989323 0.153324 
vt 0.834306 0.153324 
vt 0.834306 0.141141 
vt 0.989323 0.116775 
vt 0.911814 0.128958 
vt 0.756798 0.116775 
vt 0.834306 0.116775 
vt 0.834306 0.141141 
vt 0.756798 0.141141 
vt 0.756798 0.116775 
vt 0.756798 0.116775 
vt 0.989323 0.116775 
vt 0.756798 0.141141 
vt 0.756798 0.116775 
vt 0.989323 0.141141 
vt 0.834306 0.153324 
vt 0.756798 0.153324 
vt 0.989323 0.116775 
vt 0.911814 0.128958 
vt 0.911814 0.153324 
vt 0.756798 0.153324 
vt 0.756798 0.116775 
vt 0.989323 0.153324 
vt 0.756798 0.153324 
vt 0.756798 0.153324 
vt 0.911814 0.116775 
vt 0.989323 0.116775 
vt 0.989323 0.153324 
vt 0.756798 0.116775 
vt 0.989323 0.116775 
vt 0.911814 0.128958 
vt 0.756798 0.153324 
vt 0.834306 0.116775 
vt 0.989323 0.116775 
vt 0.989323 0.153324 
vt 0.756798 0.116775 
vt 0.989323 0.153324 
vt 0.911814 0.153324 
vt 0.756798 0.116775 
vt 0.989323 0.116775 
vt 0.989323 0.141141 
vt 0.834306 0.141141 
vt 0.756798 0.116775 
vt 0.989323 0.141141 
vt 0.834306 0.116775 
vt 0.989323 0.116775 
vt 0.911814 0.153324 
vt 0.756798 0.153324 
vt 0.756798 0.116775 
vt 0.989323 0.153324 
vt 0.756798 0.153324 
vt 0.756798 0.141141 
vt 0.834306 0.141141 
vt 0.989323 0.141141 
vt 0.989323 0.153324 
vt 0.756798 0.116775 
vt 0.989323 0.116775 
vt 0.989323 0.128958 
vt 0.756798 0.128958 
vt 0.756798 0.116775 
vt 0.911814 0.116775 
vt 0.989323 0.116775 
vt 0.989323 0.141141 
vt 0.834306 0.116775 
vt 0.989323 0.153324 
vt 0.756798 0.153324 
vt 0.989323 0.116775 
vt 0.756798 0.116775 
vt 0.989323 0.116775 
vt 0.756798 0.128958 
vt 0.911814 0.153324 
vt 0.834306 0.153324 
vt 0.989323 0.116775 
vt 0.911814 0.128958 
vt 0.911814 0.153324 
vt 0.834306 0.153324 
vt 0.756798 0.141141 
vt 0.989323 0.141141 
vt 0.989323 0.116775 
vt 0.911814 0.128958 
vt 0.911814 0.116775 
vt 0.834306 0.116775 
vt 0.911814 0.153324 
vt 0.834306 0.153324 
vt 0.834306 0.141141 
vt 0.756798 0.141141 
vt 0.834306 0.153324 
vt 0.989323 0.116775 
vt 0.756798 0.116775 
vt 0.989323 0.141141 
vt 0.911814 0.153324 
vt 0.834306 0.153324 
vt 0.756798 0.153324 
vt 0.756798 0.141141 
vt 0.756798 0.116775 
vt 0.911814 0.128958 
vt 0.989323 0.128958 
vt 0.989323 0.116775 
vt 0.756798 0.153324 
vt 0.756798 0.116775 
vt 0.989323 0.116775 
vt 0.756798 0.153324 
vt 0.989323 0.116775 
vt 0.756798 0.116775 
vt 0.911814 0.116775 
vt 0.756798 0.141141 
vt 0.911814 0.116775 
vt 0.989323 0.116775 
vt 0.989323 0.141141 
vt 0.989323 0.128958 
vt 0.911814 0.116775 
vt 0.756798 0.153324 
vt 0.756798 0.128958 
vt 0.911814 0.116775 
vt 0.989323 0.116775 
vt 0.989323 0.128958 
vt 0.756798 0.128958 
vt 0.756798 0.116775 
vt 0.834306 0.141141 
vt 0.756798 0.153324 
vt 0.911814 0.116775 
vt 0.989323 0.128958 
vt 0.989323 0.153324 
vt 0.834306 0.116775 
vt 0.989323 0.116775 
vt 0.989323 0.141141 
vt 0.834306 0.116775 
vt 0.756798 0.116775 
vt 0.756798 0.116775 
vt 0.989323 0.116775 
vt 0.756798 0.116775 
vt 0.756798 0.153324 
vt 0.989323 0.153324 
vt 0.989323 0.116775 
vt 0.756798 0.153324 
vt 0.756798 0.141141 
vt 0.989323 0.141141 
vt 0.989323 0.153324 
vt 0.756798 0.116775 
vt 0.834306 0.116775 
vt 0.756798 0.128958 
vt 0.911814 0.116775 
vt 0.989323 0.116775 
vt 0.989323 0.128958 
vt 0.989323 0.153324 
vt 0.756798 0.153324 
vt 0.756798 0.141141 
vt 0.989323 0.116775 
vt 0.834306 0.128958 
vt 0.756798 0.116775 
vt 0.756798 0.153324 
vt 0.756798 0.116775 
vt 0.989323 0.116775 
vt 0.756798 0.116775 
vt 0.834306 0.116775 
vt 0.989323 0.116775 
vt 0.756798 0.153324 
vt 0.989323 0.116775 
vt 0.756798 0.141141 
vt 0.756798 0.116775 
vt 0.989323 0.116775 
vt 0.756798 0.153324 
vt 0.989323 0.116775 
vt 0.911814 0.153324 
vt 0.989323 0.116775 
vt 0.834306 0.153324 
vt 0.756798 0.153324 
vt 0.756798 0.141141 
vt 0.989323 0.153324 
vt 0.756798 0.128958 
vt 0.756798 0.116775 
vt 0.989323 0.116775 
vt 0.989323 0.128958 
vt 0.989323 0.153324 
vt 0.756798 0.116775 
vt 0.989323 0.153324 
vt 0.756798 0.153324 
vt 0.911814 0.116775 
vt 0.756798 0.128958 
vt 0.756798 0.116775 
vt 0.989323 0.116775 
vt 0.989323 0.128958 
vt 0.989323 0.116775 
vt 0.756798 0.153324 
vt 0.834306 0.153324 
vt 0.756798 0.116775 
vt 0.911814 0.128958 
vt 0.756798 0.116775 
vt 0.989323 0.153324 
vt 0.756798 0.141141 
vt 0.834306 0.153324 
vt 0.911814 0.153324 
vt 0.756798 0.153324 
vt 0.989323 0.153324 
vt 0.911814 0.153324 
vt 0.756798 0.153324 
vt 0.756798 0.141141 
vt 0.989323 0.141141 
vt 0.989323 0.153324 
vt 0.756798 0.128958 
vt 0.821341 0.0853236 
vt 0.784916 0.0853236 
vt 0.834306 0.153324 
vt 0.756798 0.153324 
vt 0.989323 0.153324 
vt 0.911814 0.153324 
vt 0.824321 0.640107 
vt 0.735489 0.640107 
vt 0.735489 0.524214 
vt 0.834306 0.116775 
vt 0.803129 0.0853236 
vt 0.911814 0.153324 
vt 0.911814 0.153324 
vt 0.911814 0.116775 
vt 0.784916 0.0671111 
vt 0.741413 1.00822 
vt 0.243892 1.00822 
vt -0.00486817 -0.0136406 
vt 0.834306 0.153324 
vt 0.756798 0.153324 
vt 0.911814 0.141141 
vt 0.911814 0.153324 
vt 0.756798 0.141141 
vt 0.834306 0.153324 
vt 0.989323 0.153324 
vt -0.00486817 1.00822 
vt 0.741413 0.326979 
vt 0.243892 -0.0136406 
vt 0.839554 0.0671111 
vt 0.756798 0.153324 
vt 0.989323 0.153324 
vt 0.756798 0.153324 
vt 0.741413 -0.0136406 
vt 0.741413 0.326979 
vt 0.989323 0.116775 
vt 0.989323 0.116775 
vt 0.989323 0.141141 
vt 0.784916 0.030686 
vt 0.821341 0.030686 
vt 0.784916 0.0488985 
vt -0.00486817 1.00822 
vt 0.741413 1.00822 
vt 0.989323 0.153324 
vt 0.834306 0.116775 
vt 0.911814 0.141141 
vt 0.839554 0.0671111 
vt 0.756798 0.128958 
vt 0.839554 0.0853236 
vt 0.821341 0.0853236 
vt -0.00486817 0.326979 
vt -0.00486817 -0.0136406 
vt -0.00486817 0.326979 
vt 0.243892 0.667598 
vt 0.989323 0.153324 
vt 0.911814 0.153324 
vt 0.756798 0.153324 
vt 0.741413 1.00822 
vt 0.492653 0.667598 
vt 0.989323 0.153324 
vt 0.756798 0.128958 
vt 0.834306 0.153324 
vt 0.756798 0.153324 
vt 0.741413 1.00822 
vt 0.492653 1.00822 
vt 0.989323 0.153324 
vt 0.784916 0.030686 
vt 0.839554 0.030686 
vt 0.756798 0.141141 
vt 0.756798 0.116775 
vt 0.821341 0.030686 
vt 0.756798 0.128958 
vt 0.756798 0.116775 
vt 0.839554 0.030686 
vt 0.803129 0.0671111 
vt 0.784916 0.0488985 
vt 0.492653 0.326979 
vt 0.243892 -0.0136406 
vt 0.243892 0.326979 
vt 0.243892 0.667598 
vt 0.492653 1.00822 
vt 0.834306 0.116775 
vt 0.839554 0.0671111 
vt 0.839554 0.030686 
vt 0.989323 0.116775 
vt 0.784916 0.0853236 
vt 0.784916 0.0671111 
vt 0.911814 0.153324 
vt 0.784916 0.030686 
vt 0.989323 0.153324 
vt -0.00486817 -0.0136406 
vt 0.243892 -0.0136406 
vt 0.989323 0.153324 
vt 0.834306 0.116775 
vt 0.989323 0.116775 
vt 0.756798 0.141141 
vt -0.00486817 -0.0136406 
vt 0.756798 0.153324 
vt 0.824321 0.292429 
vt 1.00199 0.292429 
vt 0.756798 0.116775 
vt 0.834306 0.153324 
vt 0.756798 0.153324 
vt 0.834306 0.116775 
vt 0.803129 0.0853236 
vt 0.803129 0.030686 
vt 0.784916 0.0488985 
vt 0.821341 0.030686 
vt 0.821341 0.0488985 
vt 0.803129 0.0488985 
vt 0.784916 0.0488985 
vt 0.834306 0.116775 
vt 0.784916 0.0671111 
vt 0.492653 -0.0136406 
vt 0.741413 -0.0136406 
vt 0.803129 0.0488985 
vt 0.821341 0.0853236 
vt 0.803129 0.0671111 
vt 0.989323 0.128958 
vt 0.243892 0.326979 
vt -0.00486817 -0.0136406 
vt 0.989323 0.153324 
vt 0.911814 0.153324 
vt 0.756798 0.153324 
vt 0.989323 0.116775 
vt 0.756798 0.116775 
vt 0.756798 0.153324 
vt 0.834306 0.153324 
vt 0.756798 0.153324 
vt 0.756798 0.116775 
vt 0.839554 0.030686 
vt 0.839554 0.0853236 
vt 0.834306 0.116775 
vt 0.803129 0.0853236 
vt 0.756798 0.116775 
vt 0.735489 0.408322 
vt 0.911814 0.153324 
vt 0.735489 0.292429 
vt 0.803129 0.0853236 
vt 0.834306 0.116775 
vt 0.756798 0.153324 
vt 0.989323 0.153324 
vt 0.756798 0.153324 
vt 0.741413 1.00822 
vt 0.784916 0.0853236 
vt 0.784916 0.0488985 
vt 0.821341 0.030686 
vt 0.989323 0.116775 
vt 0.784916 0.030686 
vt 0.756798 0.128958 
vt 0.989323 0.116775 
vt 0.989323 0.128958 
vt 0.784916 0.0671111 
vt 0.911814 0.116775 
vt 0.989323 0.116775 
vt 0.989323 0.128958 
vt 0.989323 0.128958 
vt 0.911814 0.116775 
vt 0.756798 0.128958 
vt 0.756798 0.116775 
vt 0.839554 0.0488985 
vt 0.839554 0.030686 
vt 0.989323 0.116775 
vt 0.756798 0.116775 
vt 0.911814 0.116775 
vt 0.989323 0.116775 
vt 0.989323 0.116775 
vt 0.989323 0.128958 
vt 0.784916 0.030686 
vt 0.784916 0.030686 
vt 0.756798 0.116775 
vt 0.834306 0.116775 
vt 0.989323 0.116775 
vt 0.492653 0.667598 
vt 0.756798 0.153324 
vt 0.741413 0.326979 
vt 0.989323 0.116775 
vt 0.989323 0.153324 
vt -0.00486817 1.00822 
vt 0.756798 0.116775 
vt 0.741413 0.667598 
vt 0.803129 0.0671111 
vt 0.784916 0.0853236 
vt 0.803129 0.0853236 
vt 0.741413 1.00822 
vt 0.756798 0.141141 
vt 0.756798 0.153324 
vt 0.756798 0.128958 
vt 0.911814 0.153324 
vt 0.492653 -0.0136406 
vt 0.834306 0.153324 
vt 0.989323 0.153324 
vt -0.00486817 1.00822 
vt 0.784916 0.0488985 
vt 0.989323 0.153324 
vt 0.756798 0.153324 
vt 0.756798 0.116775 
vt 0.839554 0.0853236 
vt 0.243892 0.326979 
vt 0.989323 0.116775 
vt 0.492653 1.00822 
vt 0.834306 0.153324 
vt -0.00486817 0.667598 
vt 0.784916 0.0671111 
vt 0.784916 0.0853236 
vt 0.989323 0.128958 
vt 0.989323 0.153324 
vt 0.834306 0.141141 
vt 0.492653 0.326979 
vt 0.243892 -0.0136406 
vt 0.741413 1.00822 
vt -0.00486817 1.00822 
vt 0.756798 0.153324 
vt 0.989323 0.141141 
vt 0.989323 0.116775 
vt 0.989323 0.153324 
vt 1.00199 0.640107 
vt 0.756798 0.153324 
vt 0.784916 0.0853236 
vt 0.784916 0.0671111 
vt 0.803129 0.0671111 
vt 0.834306 0.116775 
vt 0.803129 0.0853236 
vt 0.243892 -0.0136406 
vt 0.741413 0.326979 
vt 0.911814 0.153324 
vt 0.492653 -0.0136406 
vt 0.243892 1.00822 
vt 0.756798 0.153324 
vt 0.989323 0.153324 
vt 0.911814 0.153324 
vt 0.989323 0.116775 
vt -0.00486817 1.00822 
vt 0.756798 0.116775 
vt 0.989323 0.116775 
vt 0.741413 0.667598 
vt 0.492653 -0.0136406 
vt 0.492653 0.326979 
vt 0.492653 -0.0136406 
vt 0.839554 0.0488985 
vt 0.989323 0.116775 
vt 0.839554 0.0853236 
vt -0.00486817 -0.0136406 
vt 0.243892 0.667598 
vt 0.756798 0.153324 
vt 0.756798 0.141141 
vt 0.756798 0.116775 
vt 0.834306 0.153324 
vt 0.756798 0.153324 
vt 0.756798 0.141141 
vt 0.756798 0.128958 
vt -0.00486817 0.667598 
vt 0.243892 1.00822 
vt 0.741413 1.00822 
vt 0.243892 1.00822 
vt -0.00486817 1.00822 
vt 0.756798 0.116775 
vt 0.989323 0.116775 
vt 0.911814 0.116775 
vt 0.989323 0.116775 
vt 0.839554 0.030686 
vt 0.821341 0.0488985 
vt 0.756798 0.153324 
vt 0.834306 0.116775 
vt 0.784916 0.0488985 
vt 0.834306 0.116775 
vt 0.756798 0.116775 
vt 0.803129 0.0853236 
vt 0.784916 0.0853236 
vt 0.989323 0.116775 
vt 0.756798 0.116775 
vt 0.784916 0.030686 
vt -0.00486817 0.326979 
vt 0.756798 0.153324 
vt 0.834306 0.153324 
vt 0.756798 0.116775 
vt 0.911814 0.116775 
vt 0.989323 0.116775 
vt 0.989323 0.141141 
vt 0.784916 0.0853236 
vt 0.756798 0.153324 
vt 0.989323 0.128958 
vt 0.834306 0.116775 
vt 0.989323 0.116775 
vt 0.989323 0.153324 
vt -0.00486817 -0.0136406 
vt 0.243892 -0.0136406 
vt 0.989323 0.141141 
vt 0.989323 0.153324 
vt 0.756798 0.153324 
vt 0.741413 0.667598 
vt 0.989323 0.153324 
vt 0.741413 1.00822 
vt 0.989323 0.153324 
vt 0.756798 0.153324 
vt 0.243892 0.326979 
vt 0.243892 1.00822 
vt -0.00486817 1.00822 
vt 0.741413 1.00822 
vt 0.756798 0.153324 
vt 0.756798 0.153324 
vt 0.989323 0.153324 
vt 0.756798 0.116775 
vt 0.989323 0.116775 
vt -0.00486817 1.00822 
vt 0.756798 0.153324 
vt 0.911814 0.153324 
vt 0.756798 0.141141 
vt 0.756798 0.153324 
vt 0.989323 0.141141 
vt 0.756798 0.153324 
vt 0.741413 1.00822 
vt 0.756798 0.153324 
vt 0.989323 0.153324 
vt 0.911814 0.141141 
vt 0.756798 0.153324 
vt 0.784916 0.030686 
vt 0.989323 0.116775 
vt -0.00486817 1.00822 
vt 0.756798 0.153324 
vt 0.989323 0.153324 
vt 0.741413 0.667598 
vt 0.756798 0.153324 
vt 0.989323 0.141141 
vt 0.989323 0.116775 
vt 0.756798 0.116775 
vt 0.989323 0.141141 
vt 0.989323 0.153324 
vt -0.00486817 1.00822 
vt 0.492653 -0.0136406 
vt 0.243892 0.326979 
vt 0.756798 0.116775 
vt 0.756798 0.116775 
vt 0.989323 0.116775 
vt 0.989323 0.116775 
vt 0.741413 -0.0136406 
vt 0.756798 0.153324 
vt 0.989323 0.153324 
vt 0.989323 0.153324 
vt -0.00486817 1.00822 
vt 0.834306 0.153324 
vt 0.756798 0.153324 
vt -0.00486817 1.00822 
vt -0.00486817 0.667598 
vt 0.911814 0.153324 
vt 0.756798 0.153324 
vt 0.989323 0.116775 
vt 0.243892 1.00822 
vt -0.00486817 0.667598 
vt 0.834306 0.153324 
vt 0.839554 0.030686 
vt 0.989323 0.153324 
vt 0.741413 -0.0136406 
vt 0.756798 0.153324 
vt 0.839554 0.0853236 
vt 0.989323 0.128958 
vt 0.839554 0.030686 
vt 0.756798 0.153324 
vt -0.00486817 1.00822 
vt -0.00486817 0.326979 
vt 0.834306 0.116775 
vt 0.756798 0.116775 
vt 0.821341 0.0488985 
vt 0.839554 0.030686 
vt 0.741413 0.667598 
vt 0.911814 0.153324 
vt -0.00486817 1.00822 
vt 0.756798 0.153324 
vt 0.756798 0.128958 
vt 0.756798 0.141141 
vt 0.989323 0.141141 
vt 0.989323 0.141141 
vt 0.243892 -0.0136406 
vt -0.00486817 -0.0136406 
vt 0.989323 0.116775 
vt 0.756798 0.116775 
vt 0.741413 -0.0136406 
vt 0.989323 0.141141 
vt 0.989323 0.153324 
vt 0.803129 0.0853236 
vt 0.803129 0.0671111 
vt 0.756798 0.116775 
vt 0.784916 0.0671111 
vt 0.784916 0.0853236 
vt 0.784916 0.030686 
vt 0.989323 0.116775 
vt 0.989323 0.141141 
vt 0.989323 0.116775 
vt 0.756798 0.153324 
vt 0.784916 0.0853236 
vt 0.834306 0.153324 
vt 0.911814 0.153324 
vt 0.989323 0.153324 
vt 0.756798 0.153324 
vt 0.989323 0.116775 
vt 0.756798 0.153324 
vt 0.741413 -0.0136406 
vt 0.911814 0.128958 
vt 0.834306 0.116775 
vt 0.911814 0.116775 
vt 0.989323 0.116775 
vt 0.839554 0.030686 
vt 0.756798 0.153324 
vt 0.741413 1.00822 
vt 0.756798 0.128958 
vt -0.00486817 -0.0136406 
vt 0.756798 0.141141 
vt 0.989323 0.153324 
vt 0.989323 0.153324 
vt 0.803129 0.030686 
vt 0.821341 0.030686 
vt 0.784916 0.0671111 
vt 0.784916 0.0488985 
vt 0.989323 0.116775 
vt 0.834306 0.116775 
vt 0.756798 0.153324 
vt 0.492653 -0.0136406 
vt 0.741413 -0.0136406 
vt 0.989323 0.116775 
vt 0.756798 0.116775 
vt 0.911814 0.141141 
vt 0.989323 0.116775 
vt 0.989323 0.128958 
vt 0.834306 0.128958 
vt 0.756798 0.128958 
vt 0.756798 0.116775 
vt 0.784916 0.030686 
vt 0.839554 0.030686 
vt 0.803129 0.030686 
vt 0.756798 0.116775 
vt 0.989323 0.116775 
vt 0.784916 0.030686 
vt 0.756798 0.116775 
vt 0.834306 0.116775 
vt 0.989323 0.116775 
vt 0.784916 0.030686 
vt 0.803129 0.0488985 
vt 0.989323 0.116775 
vt 0.756798 0.153324 
vt -0.00486817 1.00822 
vt -0.00486817 0.326979 
vt -0.00486817 -0.0136406 
vt 0.756798 0.153324 
vt 0.756798 0.141141 
vt -0.00486817 0.667598 
vt -0.00486817 1.00822 
vt 0.989323 0.153324 
vt 0.834306 0.153324 
vt 0.756798 0.153324 
vt 0.989323 0.116775 
vt 0.741413 -0.0136406 
vt 0.911814 0.128958 
vt 0.756798 0.153324 
vt 0.756798 0.141141 
vt 0.989323 0.141141 
vt 0.989323 0.116775 
vt 0.839554 0.0853236 
vt 0.756798 0.141141 
vt 0.756798 0.153324 
vt 0.756798 0.128958 
vt 0.839554 0.0853236 
vt 0.756798 0.116775 
vt 0.989323 0.116775 
vt 0.911814 0.153324 
vt 0.834306 0.153324 
vt 0.989323 0.153324 
vt 0.756798 0.153324 
vt 0.803129 0.0853236 
vt 0.756798 0.116775 
vt 0.989323 0.116775 
vt 0.989323 0.116775 
vt 0.911814 0.116775 
vt 0.756798 0.116775 
vt 0.989323 0.116775 
vt 0.784916 0.0853236 
vt 0.784916 0.030686 
vt 0.989323 0.116775 
vt 0.989323 0.128958 
vt 0.989323 0.141141 
vt 0.989323 0.116775 
vt -0.00486817 0.667598 
vt 0.784916 0.0853236 
vt 0.989323 0.153324 
vt 0.741413 1.00822 
vt 0.756798 0.153324 
vt 0.989323 0.153324 
vt 0.756798 0.153324 
vt 0.756798 0.128958 
vt 0.492653 0.667598 
vt 0.243892 0.326979 
vt -0.00486817 -0.0136406 
vt 0.243892 -0.0136406 
vt 0.989323 0.153324 
vt -0.00486817 0.326979 
vt 0.989323 0.116775 
vt 0.741413 -0.0136406 
vt 0.989323 0.116775 
vt 0.756798 0.116775 
vt 0.839554 0.0853236 
vt 0.803129 0.0853236 
vt 0.756798 0.128958 
vt 0.911814 0.116775 
vt 0.756798 0.116775 
vt 0.989323 0.116775 
vt 0.784916 0.030686 
vt 0.839554 0.030686 
vt 0.989323 0.116775 
vt 0.756798 0.116775 
vt 0.741413 0.667598 
vt 0.741413 1.00822 
vt 0.834306 0.116775 
vt 0.989323 0.116775 
vt 0.756798 0.116775 
vt 0.834306 0.153324 
vt -0.00486817 1.00822 
vt -0.00486817 1.00822 
vt -0.00486817 -0.0136406 
vt 0.756798 0.153324 
vt 0.756798 0.141141 
vt 0.756798 0.128958 
vt 0.756798 0.153324 
vt 0.989323 0.153324 
vt 0.243892 0.326979 
vt 0.756798 0.153324 
vt -0.00486817 -0.0136406 
vt 0.756798 0.116775 
vt 0.839554 0.0853236 
vt 0.821341 0.0853236 
vt 0.756798 0.116775 
vt 0.989323 0.153324 
vt 0.839554 0.030686 
vt 0.756798 0.116775 
vt 0.834306 0.128958 
vt 0.741413 -0.0136406 
vt 0.989323 0.116775 
vt 0.989323 0.116775 
vt -0.00486817 -0.0136406 
vt 0.989323 0.153324 
vt 0.756798 0.153324 
vt 0.741413 -0.0136406 
vt 0.989323 0.153324 
vt 0.989323 0.153324 
vt -0.00486817 1.00822 
vt 0.989323 0.116775 
vt 0.756798 0.116775 
vt 0.989323 0.141141 
vt 0.989323 0.116775 
vt 0.756798 0.153324 
vt 0.741413 -0.0136406 
vt 0.741413 1.00822 
vt 0.756798 0.153324 
vt 0.839554 0.0853236 
vt 0.989323 0.116775 
vt 0.911814 0.116775 
vt 0.989323 0.116775 
vt 0.839554 0.030686 
vt 0.756798 0.153324 
vt 0.741413 1.00822 
vt 0.756798 0.153324 
vt 0.989323 0.153324 
vt 0.911814 0.153324 
vt 0.741413 -0.0136406 
vt 0.989323 0.153324 
vt 0.834306 0.116775 
vt 0.989323 0.128958 
vt 0.756798 0.128958 
vt 0.784916 0.030686 
vt 0.989323 0.116775 
vt 0.756798 0.116775 
vt 0.784916 0.0853236 
vt 0.834306 0.141141 
vt 0.756798 0.116775 
vt 0.839554 0.0853236 
vt 0.756798 0.116775 
vt 0.989323 0.116775 
vt 0.989323 0.153324 
vt 0.989323 0.116775 
vt 0.784916 0.030686 
vt 0.989323 0.116775 
vt 0.803129 0.030686 
vt 0.821341 0.030686 
vt 0.911814 0.116775 
vt 0.834306 0.116775 
vt 0.756798 0.116775 
vt 0.784916 0.030686 
vt 0.839554 0.030686 
vt 0.756798 0.153324 
vt 0.989323 0.116775 
vt 0.989323 0.153324 
vt -0.00486817 -0.0136406 
vt 0.784916 0.0853236 
vt 0.989323 0.153324 
vt 0.756798 0.153324 
vt 0.989323 0.128958 
vt 0.989323 0.116775 
vt 0.756798 0.153324 
vt 0.989323 0.153324 
vt 0.911814 0.153324 
vt 0.741413 0.667598 
vt 0.741413 1.00822 
vt 0.741413 0.326979 
vt 0.756798 0.116775 
vt 0.741413 0.326979 
vt 0.756798 0.153324 
vt -0.00486817 1.00822 
vt 0.989323 0.153324 
vt 0.756798 0.153324 
vt 0.989323 0.153324 
vt 0.741413 -0.0136406 
vt 0.989323 0.128958 
vt 0.756798 0.128958 
vt 0.756798 0.141141 
vt 0.741413 -0.0136406 
vt 0.756798 0.153324 
vt 0.989323 0.116775 
vt 0.839554 0.0853236 
vt 0.756798 0.153324 
vt 0.756798 0.116775 
vt 0.989323 0.116775 
vt 0.784916 0.030686 
vt 0.741413 0.667598 
vt 0.834306 0.141141 
vt 0.756798 0.153324 
vt 0.989323 0.153324 
vt 0.756798 0.153324 
vt 0.989323 0.116775 
vt 0.756798 0.153324 
vt 0.989323 0.116775 
vt 0.911814 0.128958 
vt 0.756798 0.141141 
vt 0.834306 0.153324 
vt 0.243892 -0.0136406 
vt 0.756798 0.153324 
vt -0.00486817 -0.0136406 
vt 0.784916 0.0853236 
vt -0.00486817 0.667598 
vt 0.756798 0.153324 
vt -0.00486817 1.00822 
vt 0.756798 0.153324 
vt 0.989323 0.141141 
vt 0.911814 0.153324 
vt 0.756798 0.153324 
vt -0.00486817 1.00822 
vt 0.756798 0.116775 
vt 0.756798 0.153324 
vt 0.989323 0.153324 

usemtl Paperwork1Mtl

f 4301/4301/4301 4302/4302/4302 4303/4303/4303 
f 4304/4304/4304 4305/4305/4305 4306/4306/4306 
f 4307/4307/4307 4308/4308/4308 4309/4309/4309 
f 4310/4310/4310 4311/4311/4311 4312/4312/4312 
f 4313/4313/4313 4308/4308/4308 4314/4314/4314 
f 4315/4315/4315 4316/4316/4316 4312/4312/4312 
f 4317/4317/4317 4318/4318/4318 4319/4319/4319 
f 4320/4320/4320 4321/4321/4321 4322/4322/4322 
f 4323/4323/4323 4324/4324/4324 4325/4325/4325 
f 4326/4326/4326 4327/4327/4327 4328/4328/4328 
f 4329/4329/4329 4330/4330/4330 4331/4331/4331 
f 4332/4332/4332 4333/4333/4333 4334/4334/4334 
f 4335/4335/4335 4336/4336/4336 4337/4337/4337 
f 4338/4338/4338 4339/4339/4339 4340/4340/4340 
f 4341/4341/4341 4342/4342/4342 4343/4343/4343 
f 4344/4344/4344 4345/4345/4345 4346/4346/4346 
f 4347/4347/4347 4348/4348/4348 4349/4349/4349 
f 4350/4350/4350 4351/4351/4351 4352/4352/4352 
f 4353/4353/4353 4354/4354/4354 4355/4355/4355 
f 4356/4356/4356 4357/4357/4357 4358/4358/4358 
f 4359/4359/4359 4360/4360/4360 4361/4361/4361 
f 4362/4362/4362 4363/4363/4363 4364/4364/4364 
f 4365/4365/4365 4366/4366/4366 4367/4367/4367 
f 4368/4368/4368 4369/4369/4369 4370/4370/4370 
f 4371/4371/4371 4372/4372/4372 4373/4373/4373 
f 4374/4374/4374 4375/4375/4375 4376/4376/4376 
f 4377/4377/4377 4378/4378/4378 4379/4379/4379 
f 4380/4380/4380 4381/4381/4381 4382/4382/4382 
f 4383/4383/4383 4384/4384/4384 4385/4385/4385 
f 4386/4386/4386 4387/4387/4387 4388/4388/4388 
f 4389/4389/4389 4390/4390/4390 4391/4391/4391 
f 4392/4392/4392 4393/4393/4393 4394/4394/4394 
f 4395/4395/4395 4396/4396/4396 4397/4397/4397 
f 4398/4398/4398 4399/4399/4399 4400/4400/4400 
f 4401/4401/4401 4402/4402/4402 4403/4403/4403 
f 4404/4404/4404 4405/4405/4405 4406/4406/4406 
f 4407/4407/4407 4408/4408/4408 4409/4409/4409 
f 4410/4410/4410 4411/4411/4411 4412/4412/4412 
f 4413/4413/4413 4414/4414/4414 4415/4415/4415 
f 4416/4416/4416 4417/4417/4417 4418/4418/4418 
f 4419/4419/4419 4420/4420/4420 4421/4421/4421 
f 4422/4422/4422 4423/4423/4423 4424/4424/4424 
f 4425/4425/4425 4426/4426/4426 4427/4427/4427 
f 4428/4428/4428 4429/4429/4429 4430/4430/4430 
f 4431/4431/4431 4432/4432/4432 4433/4433/4433 
f 4434/4434/4434 4435/4435/4435 4436/4436/4436 
f 4437/4437/4437 4438/4438/4438 4439/4439/4439 
f 4440/4440/4440 4441/4441/4441 4442/4442/4442 
f 4443/4443/4443 4444/4444/4444 4445/4445/4445 
f 4446/4446/4446 4447/4447/4447 4448/4448/4448 
f 4449/4449/4449 4450/4450/4450 4451/4451/4451 
f 4452/4452/4452 4453/4453/4453 4454/4454/4454 
f 4455/4455/4455 4456/4456/4456 4457/4457/4457 
f 4458/4458/4458 4459/4459/4459 4460/4460/4460 
f 4461/4461/4461 4462/4462/4462 4463/4463/4463 
f 4464/4464/4464 4465/4465/4465 4466/4466/4466 
f 4467/4467/4467 4468/4468/4468 4469/4469/4469 
f 4470/4470/4470 4471/4471/4471 4472/4472/4472 
f 4473/4473/4473 4474/4474/4474 4475/4475/4475 
f 4476/4476/4476 4477/4477/4477 4478/4478/4478 
f 4479/4479/4479 4480/4480/4480 4481/4481/4481 
f 4482/4482/4482 4483/4483/4483 4484/4484/4484 
f 4485/4485/4485 4486/4486/4486 4487/4487/4487 
f 4488/4488/4488 4489/4489/4489 4490/4490/4490 
f 4491/4491/4491 4492/4492/4492 4493/4493/4493 
f 4494/4494/4494 4495/4495/4495 4496/4496/4496 
f 4497/4497/4497 4498/4498/4498 4499/4499/4499 
f 4500/4500/4500 4501/4501/4501 4502/4502/4502 
f 4503/4503/4503 4504/4504/4504 4505/4505/4505 
f 4506/4506/4506 4507/4507/4507 4508/4508/4508 
f 4509/4509/4509 4510/4510/4510 4511/4511/4511 
f 4512/4512/4512 4513/4513/4513 4514/4514/4514 
f 4515/4515/4515 4516/4516/4516 4517/4517/4517 
f 4518/4518/4518 4519/4519/4519 4520/4520/4520 
f 4521/4521/4521 4489/4489/4489 4522/4522/4522 
f 4485/4485/4485 4523/4523/4523 4486/4486/4486 
f 4524/4524/4524 4525/4525/4525 4526/4526/4526 
f 4527/4527/4527 4528/4528/4528 4529/4529/4529 
f 4530/4530/4530 4531/4531/4531 4532/4532/4532 
f 4533/4533/4533 4534/4534/4534 4535/4535/4535 
f 4536/4536/4536 4537/4537/4537 4538/4538/4538 
f 4539/4539/4539 4540/4540/4540 4541/4541/4541 
f 4542/4542/4542 4543/4543/4543 4544/4544/4544 
f 4545/4545/4545 4546/4546/4546 4547/4547/4547 
f 4514/4514/4514 4548/4548/4548 4512/4512/4512 
f 4511/4511/4511 4549/4549/4549 4509/4509/4509 
f 4550/4550/4550 4551/4551/4551 4552/4552/4552 
f 4553/4553/4553 4554/4554/4554 4555/4555/4555 
f 4556/4556/4556 4557/4557/4557 4558/4558/4558 
f 4559/4559/4559 4560/4560/4560 4561/4561/4561 
f 4562/4562/4562 4563/4563/4563 4564/4564/4564 
f 4565/4565/4565 4566/4566/4566 4567/4567/4567 
f 4568/4568/4568 4569/4569/4569 4570/4570/4570 
f 4571/4571/4571 4572/4572/4572 4573/4573/4573 
f 4496/4496/4496 4574/4574/4574 4494/4494/4494 
f 4575/4575/4575 4576/4576/4576 4491/4491/4491 
f 4479/4479/4479 4481/4481/4481 4577/4577/4577 
f 4578/4578/4578 4484/4484/4484 4483/4483/4483 
f 4579/4579/4579 4580/4580/4580 4581/4581/4581 
f 4582/4582/4582 4583/4583/4583 4584/4584/4584 
f 4585/4585/4585 4586/4586/4586 4587/4587/4587 
f 4588/4588/4588 4589/4589/4589 4590/4590/4590 
f 4591/4591/4591 4592/4592/4592 4593/4593/4593 
f 4594/4594/4594 4595/4595/4595 4596/4596/4596 
f 4560/4560/4560 4597/4597/4597 4561/4561/4561 
f 4557/4557/4557 4556/4556/4556 4598/4598/4598 
f 4599/4599/4599 4600/4600/4600 4601/4601/4601 
f 4602/4602/4602 4603/4603/4603 4604/4604/4604 
f 4605/4605/4605 4606/4606/4606 4607/4607/4607 
f 4555/4555/4555 4608/4608/4608 4553/4553/4553 
f 4535/4535/4535 4609/4609/4609 4533/4533/4533 
f 4531/4531/4531 4610/4610/4610 4532/4532/4532 
f 4611/4611/4611 4612/4612/4612 4613/4613/4613 
f 4614/4614/4614 4615/4615/4615 4616/4616/4616 
f 4424/4424/4424 4617/4617/4617 4422/4422/4422 
f 4618/4618/4618 4421/4421/4421 4420/4420/4420 
f 4541/4541/4541 4619/4619/4619 4539/4539/4539 
f 4620/4620/4620 4537/4537/4537 4536/4536/4536 
f 4621/4621/4621 4622/4622/4622 4411/4411/4411 
f 4623/4623/4623 4407/4407/4407 4409/4409/4409 
f 4348/4348/4348 4624/4624/4624 4349/4349/4349 
f 4350/4350/4350 4625/4625/4625 4626/4626/4626 
f 4369/4369/4369 4368/4368/4368 4627/4627/4627 
f 4367/4367/4367 4628/4628/4628 4629/4629/4629 
f 4630/4630/4630 4499/4499/4499 4631/4631/4631 
f 4632/4632/4632 4501/4501/4501 4500/4500/4500 
f 4403/4403/4403 4402/4402/4402 4633/4633/4633 
f 4634/4634/4634 4405/4405/4405 4404/4404/4404 
f 4596/4596/4596 4635/4635/4635 4636/4636/4636 
f 4637/4637/4637 4638/4638/4638 4639/4639/4639 
f 4569/4569/4569 4568/4568/4568 4640/4640/4640 
f 4573/4573/4573 4641/4641/4641 4642/4642/4642 
f 4643/4643/4643 4644/4644/4644 4426/4426/4426 
f 4428/4428/4428 4645/4645/4645 4429/4429/4429 
f 4646/4646/4646 4647/4647/4647 4648/4648/4648 
f 4649/4649/4649 4650/4650/4650 4394/4394/4394 
f 4463/4463/4463 4462/4462/4462 4651/4651/4651 
f 4652/4652/4652 4466/4466/4466 4465/4465/4465 
f 4604/4604/4604 4653/4653/4653 4654/4654/4654 
f 4601/4601/4601 4655/4655/4655 4599/4599/4599 
f 4656/4656/4656 4657/4657/4657 4658/4658/4658 
f 4659/4659/4659 4660/4660/4660 4377/4377/4377 
f 4661/4661/4661 4355/4355/4355 4354/4354/4354 
f 4358/4358/4358 4662/4662/4662 4356/4356/4356 
f 4335/4335/4335 4337/4337/4337 4663/4663/4663 
f 4664/4664/4664 4339/4339/4339 4665/4665/4665 
f 4666/4666/4666 4667/4667/4667 4668/4668/4668 
f 4669/4669/4669 4670/4670/4670 4671/4671/4671 
f 4672/4672/4672 4451/4451/4451 4450/4450/4450 
f 4452/4452/4452 4673/4673/4673 4674/4674/4674 
f 4675/4675/4675 4319/4319/4319 4676/4676/4676 
f 4677/4677/4677 4678/4678/4678 4679/4679/4679 
f 4587/4587/4587 4680/4680/4680 4681/4681/4681 
f 4682/4682/4682 4683/4683/4683 4684/4684/4684 
f 4685/4685/4685 4686/4686/4686 4687/4687/4687 
f 4688/4688/4688 4689/4689/4689 4690/4690/4690 
f 4691/4691/4691 4692/4692/4692 4413/4413/4413 
f 4418/4418/4418 4693/4693/4693 4416/4416/4416 
f 4581/4581/4581 4694/4694/4694 4695/4695/4695 
f 4584/4584/4584 4696/4696/4696 4697/4697/4697 
f 4396/4396/4396 4395/4395/4395 4698/4698/4698 
f 4699/4699/4699 4700/4700/4700 4701/4701/4701 
f 4702/4702/4702 4703/4703/4703 4704/4704/4704 
f 4705/4705/4705 4706/4706/4706 4707/4707/4707 
f 4567/4567/4567 4566/4566/4566 4708/4708/4708 
f 4564/4564/4564 4709/4709/4709 4562/4562/4562 
f 4478/4478/4478 4710/4710/4710 4476/4476/4476 
f 4711/4711/4711 4473/4473/4473 4475/4475/4475 
f 4712/4712/4712 4713/4713/4713 4714/4714/4714 
f 4387/4387/4387 4386/4386/4386 4715/4715/4715 
f 4716/4716/4716 4703/4703/4703 4717/4717/4717 
f 4707/4707/4707 4718/4718/4718 4705/4705/4705 
f 4719/4719/4719 4505/4505/4505 4504/4504/4504 
f 4507/4507/4507 4720/4720/4720 4721/4721/4721 
f 4517/4517/4517 4722/4722/4722 4515/4515/4515 
f 4520/4520/4520 4723/4723/4723 4518/4518/4518 
f 4436/4436/4436 4724/4724/4724 4434/4434/4434 
f 4433/4433/4433 4725/4725/4725 4431/4431/4431 
f 4726/4726/4726 4727/4727/4727 4728/4728/4728 
f 4542/4542/4542 4544/4544/4544 4729/4729/4729 
f 4730/4730/4730 4731/4731/4731 4688/4688/4688 
f 4732/4732/4732 4733/4733/4733 4734/4734/4734 
f 4735/4735/4735 4736/4736/4736 4737/4737/4737 
f 4524/4524/4524 4738/4738/4738 4739/4739/4739 
f 4460/4460/4460 4740/4740/4740 4458/4458/4458 
f 4741/4741/4741 4457/4457/4457 4742/4742/4742 
f 4364/4364/4364 4743/4743/4743 4362/4362/4362 
f 4361/4361/4361 4744/4744/4744 4359/4359/4359 
f 4745/4745/4745 4470/4470/4470 4472/4472/4472 
f 4746/4746/4746 4469/4469/4469 4468/4468/4468 
f 4372/4372/4372 4747/4747/4747 4373/4373/4373 
f 4748/4748/4748 4749/4749/4749 4374/4374/4374 
f 4750/4750/4750 4751/4751/4751 4752/4752/4752 
f 4753/4753/4753 4754/4754/4754 4755/4755/4755 
f 4756/4756/4756 4382/4382/4382 4381/4381/4381 
f 4752/4752/4752 4757/4757/4757 4750/4750/4750 
f 4378/4378/4378 4377/4377/4377 4660/4660/4660 
f 4758/4758/4758 4759/4759/4759 4760/4760/4760 
f 4757/4757/4757 4752/4752/4752 4761/4761/4761 
f 4753/4753/4753 4658/4658/4658 4657/4657/4657 
f 4762/4762/4762 4763/4763/4763 4764/4764/4764 
f 4765/4765/4765 4766/4766/4766 4767/4767/4767 
f 4768/4768/4768 4769/4769/4769 4770/4770/4770 
f 4771/4771/4771 4772/4772/4772 4773/4773/4773 
f 4774/4774/4774 4775/4775/4775 4776/4776/4776 
f 4777/4777/4777 4778/4778/4778 4779/4779/4779 
f 4780/4780/4780 4781/4781/4781 4782/4782/4782 
f 4355/4355/4355 4783/4783/4783 4353/4353/4353 
f 4784/4784/4784 4785/4785/4785 4786/4786/4786 
f 4787/4787/4787 4788/4788/4788 4789/4789/4789 
f 4790/4790/4790 4791/4791/4791 4792/4792/4792 
f 4793/4793/4793 4794/4794/4794 4795/4795/4795 
f 4796/4796/4796 4797/4797/4797 4798/4798/4798 
f 4799/4799/4799 4800/4800/4800 4801/4801/4801 
f 4314/4314/4314 4802/4802/4802 4313/4313/4313 
f 4803/4803/4803 4804/4804/4804 4805/4805/4805 
f 4806/4806/4806 4807/4807/4807 4808/4808/4808 
f 4809/4809/4809 4810/4810/4810 4811/4811/4811 
f 4812/4812/4812 4813/4813/4813 4814/4814/4814 
f 4815/4815/4815 4816/4816/4816 4817/4817/4817 
f 4818/4818/4818 4819/4819/4819 4820/4820/4820 
f 4821/4821/4821 4822/4822/4822 4823/4823/4823 
f 4824/4824/4824 4825/4825/4825 4826/4826/4826 
f 4827/4827/4827 4828/4828/4828 4829/4829/4829 
f 4830/4830/4830 4831/4831/4831 4832/4832/4832 
f 4833/4833/4833 4834/4834/4834 4835/4835/4835 
f 4836/4836/4836 4837/4837/4837 4838/4838/4838 
f 4839/4839/4839 4840/4840/4840 4841/4841/4841 
f 4842/4842/4842 4843/4843/4843 4844/4844/4844 
f 4845/4845/4845 4846/4846/4846 4847/4847/4847 
f 4848/4848/4848 4849/4849/4849 4850/4850/4850 
f 4851/4851/4851 4852/4852/4852 4853/4853/4853 
f 4854/4854/4854 4855/4855/4855 4856/4856/4856 
f 4857/4857/4857 4858/4858/4858 4859/4859/4859 
f 4860/4860/4860 4861/4861/4861 4862/4862/4862 
f 4863/4863/4863 4864/4864/4864 4865/4865/4865 
f 4866/4866/4866 4867/4867/4867 4868/4868/4868 
f 4869/4869/4869 4870/4870/4870 4871/4871/4871 
f 4872/4872/4872 4873/4873/4873 4874/4874/4874 
f 4875/4875/4875 4876/4876/4876 4877/4877/4877 
f 4878/4878/4878 4879/4879/4879 4880/4880/4880 
f 4881/4881/4881 4882/4882/4882 4883/4883/4883 
f 4884/4884/4884 4885/4885/4885 4886/4886/4886 
f 4887/4887/4887 4888/4888/4888 4889/4889/4889 
f 4890/4890/4890 4891/4891/4891 4892/4892/4892 
f 4893/4893/4893 4894/4894/4894 4895/4895/4895 
f 4896/4896/4896 4897/4897/4897 4898/4898/4898 
f 4899/4899/4899 4900/4900/4900 4901/4901/4901 
f 4902/4902/4902 4903/4903/4903 4904/4904/4904 
f 4905/4905/4905 4906/4906/4906 4907/4907/4907 
f 4908/4908/4908 4909/4909/4909 4910/4910/4910 
f 4911/4911/4911 4912/4912/4912 4913/4913/4913 
f 4914/4914/4914 4331/4331/4331 4330/4330/4330 
f 4915/4915/4915 4916/4916/4916 4917/4917/4917 
f 4918/4918/4918 4919/4919/4919 4920/4920/4920 
f 4921/4921/4921 4922/4922/4922 4923/4923/4923 
f 4924/4924/4924 4925/4925/4925 4926/4926/4926 
f 4927/4927/4927 4928/4928/4928 4929/4929/4929 
f 4930/4930/4930 4931/4931/4931 4893/4893/4893 
f 4932/4932/4932 4933/4933/4933 4934/4934/4934 
f 4935/4935/4935 4936/4936/4936 4937/4937/4937 
f 4938/4938/4938 4939/4939/4939 4940/4940/4940 
f 4941/4941/4941 4942/4942/4942 4943/4943/4943 
f 4944/4944/4944 4945/4945/4945 4946/4946/4946 
f 4947/4947/4947 4948/4948/4948 4949/4949/4949 
f 4946/4946/4946 4950/4950/4950 4944/4944/4944 
f 4951/4951/4951 4952/4952/4952 4953/4953/4953 
f 4954/4954/4954 4955/4955/4955 4956/4956/4956 
f 4957/4957/4957 4958/4958/4958 4959/4959/4959 
f 4960/4960/4960 4961/4961/4961 4962/4962/4962 
f 4963/4963/4963 4964/4964/4964 4965/4965/4965 
f 4966/4966/4966 4926/4926/4926 4925/4925/4925 
f 4967/4967/4967 4968/4968/4968 4969/4969/4969 
f 4970/4970/4970 4971/4971/4971 4972/4972/4972 
f 4973/4973/4973 4974/4974/4974 4975/4975/4975 
f 4976/4976/4976 4977/4977/4977 4978/4978/4978 
f 4979/4979/4979 4980/4980/4980 4981/4981/4981 
f 4982/4982/4982 4983/4983/4983 4984/4984/4984 
f 4985/4985/4985 4986/4986/4986 4987/4987/4987 
f 4988/4988/4988 4989/4989/4989 4990/4990/4990 
f 4991/4991/4991 4992/4992/4992 4993/4993/4993 
f 4994/4994/4994 4995/4995/4995 4996/4996/4996 
f 4325/4325/4325 4997/4997/4997 4323/4323/4323 
f 4998/4998/4998 4999/4999/4999 5000/5000/5000 
f 5001/5001/5001 5002/5002/5002 5003/5003/5003 
f 5004/5004/5004 5005/5005/5005 5006/5006/5006 
f 5007/5007/5007 5008/5008/5008 5009/5009/5009 
f 5010/5010/5010 5011/5011/5011 5012/5012/5012 
f 5013/5013/5013 5014/5014/5014 5015/5015/5015 
f 5016/5016/5016 5017/5017/5017 5018/5018/5018 
f 5019/5019/5019 5020/5020/5020 5021/5021/5021 
f 5022/5022/5022 5023/5023/5023 5024/5024/5024 
f 4817/4817/4817 4816/4816/4816 5025/5025/5025 
f 5026/5026/5026 5027/5027/5027 5028/5028/5028 
f 4819/4819/4819 5029/5029/5029 5030/5030/5030 
f 5031/5031/5031 5032/5032/5032 5033/5033/5033 
f 5034/5034/5034 5035/5035/5035 5036/5036/5036 
f 5037/5037/5037 5038/5038/5038 5039/5039/5039 
f 5040/5040/5040 5041/5041/5041 5042/5042/5042 
f 5043/5043/5043 4901/4901/4901 5044/5044/5044 
f 4977/4977/4977 4976/4976/4976 5045/5045/5045 
f 5046/5046/5046 5047/5047/5047 5048/5048/5048 
f 5049/5049/5049 5050/5050/5050 5051/5051/5051 
f 5052/5052/5052 5053/5053/5053 5054/5054/5054 
f 5055/5055/5055 5056/5056/5056 5057/5057/5057 
f 5058/5058/5058 5059/5059/5059 5060/5060/5060 
f 5061/5061/5061 5062/5062/5062 5063/5063/5063 
f 5064/5064/5064 5065/5065/5065 5066/5066/5066 
f 5067/5067/5067 5068/5068/5068 5069/5069/5069 
f 5070/5070/5070 5071/5071/5071 5072/5072/5072 
f 5073/5073/5073 5074/5074/5074 5075/5075/5075 
f 5076/5076/5076 5077/5077/5077 5078/5078/5078 
f 5079/5079/5079 5080/5080/5080 5081/5081/5081 
f 5082/5082/5082 5083/5083/5083 5084/5084/5084 
f 5085/5085/5085 5058/5058/5058 5060/5060/5060 
f 5086/5086/5086 5087/5087/5087 5088/5088/5088 
f 5089/5089/5089 5090/5090/5090 5091/5091/5091 
f 5092/5092/5092 4844/4844/4844 5093/5093/5093 
f 5094/5094/5094 5095/5095/5095 5096/5096/5096 
f 5050/5050/5050 5049/5049/5049 5097/5097/5097 
f 5098/5098/5098 5099/5099/5099 5100/5100/5100 
f 4312/4312/4312 4311/4311/4311 5101/5101/5101 
f 5035/5035/5035 5102/5102/5102 5036/5036/5036 
f 5103/5103/5103 5104/5104/5104 5105/5105/5105 
f 5106/5106/5106 5107/5107/5107 5108/5108/5108 
f 5109/5109/5109 5110/5110/5110 5111/5111/5111 
f 5080/5080/5080 5079/5079/5079 5112/5112/5112 
f 5006/5006/5006 5113/5113/5113 5004/5004/5004 
f 5114/5114/5114 5115/5115/5115 5116/5116/5116 
f 5117/5117/5117 4775/4775/4775 5118/5118/5118 
f 5119/5119/5119 5120/5120/5120 5121/5121/5121 
f 4833/4833/4833 5122/5122/5122 4834/4834/4834 
f 5123/5123/5123 5124/5124/5124 5125/5125/5125 
f 5126/5126/5126 5127/5127/5127 5128/5128/5128 
f 4962/4962/4962 5129/5129/5129 4960/4960/4960 
f 5130/5130/5130 4870/4870/4870 4869/4869/4869 
f 5131/5131/5131 5132/5132/5132 5133/5133/5133 
f 5134/5134/5134 5135/5135/5135 5136/5136/5136 
f 5137/5137/5137 5138/5138/5138 5139/5139/5139 
f 5140/5140/5140 5141/5141/5141 5142/5142/5142 
f 5143/5143/5143 5144/5144/5144 5145/5145/5145 
f 5146/5146/5146 5145/5145/5145 5144/5144/5144 
f 4856/4856/4856 5147/5147/5147 4854/4854/4854 
f 5148/5148/5148 5149/5149/5149 5150/5150/5150 
f 5151/5151/5151 5152/5152/5152 5153/5153/5153 
f 5154/5154/5154 5155/5155/5155 5156/5156/5156 
f 5157/5157/5157 5158/5158/5158 5159/5159/5159 
f 5160/5160/5160 5161/5161/5161 5162/5162/5162 
f 5163/5163/5163 5164/5164/5164 5165/5165/5165 
f 5166/5166/5166 4932/4932/4932 5167/5167/5167 
f 5168/5168/5168 5169/5169/5169 5170/5170/5170 
f 5065/5065/5065 5064/5064/5064 5171/5171/5171 
f 5172/5172/5172 5173/5173/5173 5174/5174/5174 
f 5175/5175/5175 5176/5176/5176 5177/5177/5177 
f 5178/5178/5178 4922/4922/4922 4921/4921/4921 
f 5179/5179/5179 5180/5180/5180 5181/5181/5181 
f 5182/5182/5182 5183/5183/5183 5184/5184/5184 
f 5185/5185/5185 4763/4763/4763 4762/4762/4762 
f 5133/5133/5133 5186/5186/5186 5131/5131/5131 
f 5187/5187/5187 5188/5188/5188 5189/5189/5189 
f 5190/5190/5190 5191/5191/5191 5192/5192/5192 
f 5193/5193/5193 5194/5194/5194 5195/5195/5195 
f 5196/5196/5196 5197/5197/5197 5198/5198/5198 
f 5199/5199/5199 5200/5200/5200 4918/4918/4918 
f 5201/5201/5201 5202/5202/5202 5203/5203/5203 
f 4847/4847/4847 5204/5204/5204 4845/4845/4845 
f 5205/5205/5205 5206/5206/5206 5207/5207/5207 
f 4769/4769/4769 5208/5208/5208 4770/4770/4770 
f 5209/5209/5209 5210/5210/5210 5031/5031/5031 
f 5211/5211/5211 5212/5212/5212 5213/5213/5213 
f 5214/5214/5214 5215/5215/5215 5216/5216/5216 
f 5217/5217/5217 5218/5218/5218 5219/5219/5219 
f 5220/5220/5220 5221/5221/5221 5222/5222/5222 
f 5223/5223/5223 5224/5224/5224 5225/5225/5225 
f 5226/5226/5226 5227/5227/5227 5228/5228/5228 
f 5229/5229/5229 5230/5230/5230 5231/5231/5231 
f 5232/5232/5232 5233/5233/5233 5234/5234/5234 
f 4937/4937/4937 5235/5235/5235 4935/4935/4935 
f 5236/5236/5236 5237/5237/5237 5238/5238/5238 
f 4771/4771/4771 5239/5239/5239 5240/5240/5240 
f 5241/5241/5241 5242/5242/5242 5243/5243/5243 
f 5244/5244/5244 5245/5245/5245 5126/5126/5126 
f 5246/5246/5246 5247/5247/5247 5248/5248/5248 
f 5249/5249/5249 5250/5250/5250 5251/5251/5251 
f 5252/5252/5252 5253/5253/5253 5254/5254/5254 
f 5255/5255/5255 4765/4765/4765 4767/4767/4767 
f 5256/5256/5256 5018/5018/5018 5017/5017/5017 
f 5257/5257/5257 5258/5258/5258 5259/5259/5259 
f 5260/5260/5260 5261/5261/5261 5262/5262/5262 
f 4853/4853/4853 5263/5263/5263 4851/4851/4851 
f 5264/5264/5264 5265/5265/5265 5266/5266/5266 
f 5267/5267/5267 5268/5268/5268 5269/5269/5269 
f 5270/5270/5270 5271/5271/5271 5272/5272/5272 
f 5273/5273/5273 5274/5274/5274 5275/5275/5275 
f 5276/5276/5276 5277/5277/5277 5278/5278/5278 
f 5279/5279/5279 5042/5042/5042 5280/5280/5280 
f 5281/5281/5281 5282/5282/5282 5028/5028/5028 
f 5283/5283/5283 5284/5284/5284 5285/5285/5285 
f 5286/5286/5286 5287/5287/5287 5288/5288/5288 
f 5289/5289/5289 5290/5290/5290 5291/5291/5291 
f 4912/4912/4912 4911/4911/4911 5292/5292/5292 
f 5293/5293/5293 5294/5294/5294 5295/5295/5295 
f 5296/5296/5296 5297/5297/5297 5298/5298/5298 
f 5299/5299/5299 5300/5300/5300 5301/5301/5301 
f 5302/5302/5302 5165/5165/5165 5164/5164/5164 
f 5303/5303/5303 5304/5304/5304 4890/4890/4890 
f 5305/5305/5305 5306/5306/5306 5307/5307/5307 
f 5234/5234/5234 5308/5308/5308 5232/5232/5232 
f 5150/5150/5150 5309/5309/5309 5148/5148/5148 
f 5310/5310/5310 5311/5311/5311 5312/5312/5312 
f 5313/5313/5313 5314/5314/5314 5315/5315/5315 
f 5316/5316/5316 5317/5317/5317 5318/5318/5318 
f 5319/5319/5319 5104/5104/5104 5103/5103/5103 
f 5174/5174/5174 5320/5320/5320 5172/5172/5172 
f 4865/4865/4865 5321/5321/5321 4863/4863/4863 
f 4885/4885/4885 4884/4884/4884 5322/5322/5322 
f 5159/5159/5159 5323/5323/5323 5157/5157/5157 
f 5324/5324/5324 5325/5325/5325 5326/5326/5326 
f 5327/5327/5327 5328/5328/5328 5329/5329/5329 
f 5330/5330/5330 5331/5331/5331 5332/5332/5332 
f 5269/5269/5269 5333/5333/5333 5267/5267/5267 
f 5334/5334/5334 5335/5335/5335 5336/5336/5336 
f 5230/5230/5230 5337/5337/5337 5231/5231/5231 
f 5338/5338/5338 5339/5339/5339 5274/5274/5274 
f 5340/5340/5340 5341/5341/5341 5342/5342/5342 
f 4990/4990/4990 4989/4989/4989 5343/5343/5343 
f 5237/5237/5237 5344/5344/5344 5345/5345/5345 
f 5346/5346/5346 5347/5347/5347 5207/5207/5207 
f 5348/5348/5348 5349/5349/5349 5350/5350/5350 
f 4995/4995/4995 4994/4994/4994 5351/5351/5351 
f 5352/5352/5352 4821/4821/4821 5353/5353/5353 
f 5354/5354/5354 5355/5355/5355 5356/5356/5356 
f 5357/5357/5357 5358/5358/5358 5359/5359/5359 
f 5243/5243/5243 5360/5360/5360 5361/5361/5361 
f 5362/5362/5362 5363/5363/5363 5364/5364/5364 
f 5365/5365/5365 5366/5366/5366 5367/5367/5367 
f 4829/4829/4829 5368/5368/5368 5369/5369/5369 
f 5370/5370/5370 5371/5371/5371 5372/5372/5372 
f 5266/5266/5266 5373/5373/5373 5264/5264/5264 
f 5374/5374/5374 4874/4874/4874 4873/4873/4873 
f 4805/4805/4805 5375/5375/5375 4803/4803/4803 
f 5376/5376/5376 5377/5377/5377 5378/5378/5378 
f 5379/5379/5379 5380/5380/5380 5381/5381/5381 
f 5382/5382/5382 5383/5383/5383 5384/5384/5384 
f 5385/5385/5385 5386/5386/5386 5387/5387/5387 
f 5388/5388/5388 5389/5389/5389 5390/5390/5390 
f 5391/5391/5391 5392/5392/5392 5393/5393/5393 
f 5366/5366/5366 5394/5394/5394 5395/5395/5395 
f 5396/5396/5396 5397/5397/5397 5398/5398/5398 
f 5061/5061/5061 5399/5399/5399 5062/5062/5062 
f 5400/5400/5400 5401/5401/5401 5402/5402/5402 
f 5136/5136/5136 5135/5135/5135 5403/5403/5403 
f 5404/5404/5404 5405/5405/5405 5406/5406/5406 
f 5116/5116/5116 5407/5407/5407 5114/5114/5114 
f 5408/5408/5408 5109/5109/5109 5409/5409/5409 
f 5410/5410/5410 5057/5057/5057 5411/5411/5411 
f 5341/5341/5341 5340/5340/5340 5412/5412/5412 
f 5413/5413/5413 5414/5414/5414 5415/5415/5415 
f 5416/5416/5416 5417/5417/5417 5019/5019/5019 
f 5418/5418/5418 5419/5419/5419 5314/5314/5314 
f 5420/5420/5420 5421/5421/5421 5422/5422/5422 
f 5423/5423/5423 5424/5424/5424 5425/5425/5425 
f 5348/5348/5348 5426/5426/5426 5349/5349/5349 
f 5427/5427/5427 5428/5428/5428 5429/5429/5429 
f 4859/4859/4859 5430/5430/5430 4857/4857/4857 
f 5312/5312/5312 5431/5431/5431 5432/5432/5432 
f 5024/5024/5024 5433/5433/5433 5434/5434/5434 
f 5318/5318/5318 5435/5435/5435 5316/5316/5316 
f 5436/5436/5436 5437/5437/5437 5438/5438/5438 
f 5439/5439/5439 5440/5440/5440 5441/5441/5441 
f 5442/5442/5442 5443/5443/5443 5258/5258/5258 
f 5444/5444/5444 5445/5445/5445 5421/5421/5421 
f 5446/5446/5446 5262/5262/5262 5261/5261/5261 
f 5447/5447/5447 5448/5448/5448 5246/5246/5246 
f 4916/4916/4916 5449/5449/5449 5450/5450/5450 
f 5451/5451/5451 5452/5452/5452 5453/5453/5453 
f 5009/5009/5009 5008/5008/5008 5454/5454/5454 
f 5216/5216/5216 5455/5455/5455 5214/5214/5214 
f 4811/4811/4811 5456/5456/5456 4809/4809/4809 
f 5457/5457/5457 5458/5458/5458 5459/5459/5459 
f 5460/5460/5460 5461/5461/5461 5462/5462/5462 
f 5463/5463/5463 4800/4800/4800 4799/4799/4799 
f 5464/5464/5464 5465/5465/5465 5466/5466/5466 
f 5170/5170/5170 5169/5169/5169 5467/5467/5467 
f 5468/5468/5468 5469/5469/5469 5470/5470/5470 
f 5471/5471/5471 5472/5472/5472 4832/4832/4832 
f 5074/5074/5074 5473/5473/5473 5474/5474/5474 
f 4785/4785/4785 4784/4784/4784 5475/5475/5475 
f 5476/5476/5476 5477/5477/5477 4861/4861/4861 
f 5478/5478/5478 5479/5479/5479 5480/5480/5480 
f 5481/5481/5481 5482/5482/5482 5483/5483/5483 
f 5484/5484/5484 5485/5485/5485 5486/5486/5486 
f 4778/4778/4778 4777/4777/4777 5487/5487/5487 
f 5406/5406/5406 5488/5488/5488 5404/5404/5404 
f 5489/5489/5489 5490/5490/5490 5491/5491/5491 
f 5492/5492/5492 5493/5493/5493 4882/4882/4882 
f 5494/5494/5494 5197/5197/5197 5495/5495/5495 
f 5179/5179/5179 5496/5496/5496 5497/5497/5497 
f 4796/4796/4796 5498/5498/5498 4797/4797/4797 
f 5499/5499/5499 5500/5500/5500 5501/5501/5501 
f 5502/5502/5502 5503/5503/5503 4954/4954/4954 
f 5504/5504/5504 5505/5505/5505 4806/4806/4806 
f 5506/5506/5506 5507/5507/5507 5508/5508/5508 
f 4910/4910/4910 5509/5509/5509 4908/4908/4908 
f 5510/5510/5510 5511/5511/5511 5512/5512/5512 
f 5513/5513/5513 5512/5512/5512 5511/5511/5511 
f 5514/5514/5514 5515/5515/5515 5516/5516/5516 
f 5517/5517/5517 5516/5516/5516 5515/5515/5515 
f 5144/5144/5144 5518/5518/5518 5439/5439/5439 
f 5440/5440/5440 5439/5439/5439 5518/5518/5518 
f 5468/5468/5468 5470/5470/5470 5519/5519/5519 
f 5119/5119/5119 5520/5520/5520 5120/5120/5120 
f 5521/5521/5521 5522/5522/5522 5490/5490/5490 
f 5523/5523/5523 5524/5524/5524 5525/5525/5525 
f 5526/5526/5526 5527/5527/5527 5484/5484/5484 
f 5528/5528/5528 5046/5046/5046 5048/5048/5048 
f 5529/5529/5529 5530/5530/5530 5531/5531/5531 
f 4782/4782/4782 5532/5532/5532 4780/4780/4780 
f 5533/5533/5533 5307/5307/5307 5306/5306/5306 
f 4940/4940/4940 5534/5534/5534 4938/4938/4938 
f 5535/5535/5535 5536/5536/5536 5537/5537/5537 
f 5538/5538/5538 5539/5539/5539 5540/5540/5540 
f 5541/5541/5541 5123/5123/5123 5542/5542/5542 
f 5358/5358/5358 5543/5543/5543 5544/5544/5544 
f 5545/5545/5545 5546/5546/5546 5547/5547/5547 
f 5513/5513/5513 5548/5548/5548 5549/5549/5549 
f 5550/5550/5550 5551/5551/5551 5082/5082/5082 
f 5552/5552/5552 5553/5553/5553 5554/5554/5554 
f 5555/5555/5555 5556/5556/5556 5557/5557/5557 
f 5558/5558/5558 4905/4905/4905 5559/5559/5559 
f 5560/5560/5560 4792/4792/4792 4791/4791/4791 
f 5561/5561/5561 4970/4970/4970 5562/5562/5562 
f 5563/5563/5563 4992/4992/4992 5564/5564/5564 
f 5429/5429/5429 5565/5565/5565 5427/5427/5427 
f 5283/5283/5283 5566/5566/5566 5567/5567/5567 
f 4814/4814/4814 5568/5568/5568 5569/5569/5569 
f 5570/5570/5570 5571/5571/5571 5572/5572/5572 
f 5573/5573/5573 5574/5574/5574 5575/5575/5575 
f 5091/5091/5091 5090/5090/5090 5576/5576/5576 
f 5203/5203/5203 5577/5577/5577 5578/5578/5578 
f 5579/5579/5579 5580/5580/5580 5581/5581/5581 
f 5384/5384/5384 5582/5582/5582 5382/5382/5382 
f 4981/4981/4981 4980/4980/4980 5583/5583/5583 
f 4947/4947/4947 5584/5584/5584 4948/4948/4948 
f 5585/5585/5585 5586/5586/5586 5010/5010/5010 
f 5218/5218/5218 5587/5587/5587 5219/5219/5219 
f 4781/4781/4781 4780/4780/4780 5588/5588/5588 
f 5192/5192/5192 5589/5589/5589 5190/5190/5190 
f 5254/5254/5254 5590/5590/5590 5252/5252/5252 
f 5591/5591/5591 5592/5592/5592 5183/5183/5183 
f 4868/4868/4868 5593/5593/5593 4866/4866/4866 
f 4959/4959/4959 5594/5594/5594 4957/4957/4957 
f 5414/5414/5414 5413/5413/5413 5595/5595/5595 
f 5596/5596/5596 4985/4985/4985 4987/4987/4987 
f 5597/5597/5597 5598/5598/5598 5599/5599/5599 
f 4838/4838/4838 4837/4837/4837 5600/5600/5600 
f 5271/5271/5271 5601/5601/5601 5602/5602/5602 
f 5226/5226/5226 5603/5603/5603 5604/5604/5604 
f 5529/5529/5529 5605/5605/5605 5530/5530/5530 
f 5194/5194/5194 5193/5193/5193 5606/5606/5606 
f 5607/5607/5607 5608/5608/5608 5538/5538/5538 
f 4963/4963/4963 4965/4965/4965 5609/5609/5609 
f 5402/5402/5402 5610/5610/5610 5611/5611/5611 
f 5189/5189/5189 5612/5612/5612 5613/5613/5613 
f 5614/5614/5614 4794/4794/4794 4793/4793/4793 
f 5615/5615/5615 4967/4967/4967 5616/5616/5616 
f 5617/5617/5617 5618/5618/5618 5277/5277/5277 
f 4896/4896/4896 5619/5619/5619 4897/4897/4897 
f 5290/5290/5290 5289/5289/5289 5620/5620/5620 
f 5621/5621/5621 4839/4839/4839 5622/5622/5622 
f 5623/5623/5623 5624/5624/5624 5437/5437/5437 
f 5511/5511/5511 5510/5510/5510 5625/5625/5625 
f 5626/5626/5626 5627/5627/5627 5628/5628/5628 
f 5144/5144/5144 5629/5629/5629 5630/5630/5630 
f 5631/5631/5631 4836/4836/4836 4838/4838/4838 
f 4698/4698/4698 5632/5632/5632 5633/5633/5633 
f 5634/5634/5634 5635/5635/5635 4911/4911/4911 
f 5068/5068/5068 5295/5295/5295 5636/5636/5636 
f 5636/5636/5636 5637/5637/5637 5068/5068/5068 
f 5638/5638/5638 5639/5639/5639 5640/5640/5640 
f 5641/5641/5641 5573/5573/5573 5385/5385/5385 
f 4367/4367/4367 4629/4629/4629 5642/5642/5642 
f 5600/5600/5600 5643/5643/5643 4838/4838/4838 
f 4839/4839/4839 4841/4841/4841 5644/5644/5644 
f 5438/5438/5438 5645/5645/5645 5436/5436/5436 
f 5646/5646/5646 4750/4750/4750 4757/4757/4757 
f 4448/4448/4448 4306/4306/4306 4446/4446/4446 
f 5101/5101/5101 4315/4315/4315 4312/4312/4312 
f 5647/5647/5647 5648/5648/5648 4495/4495/4495 
f 5649/5649/5649 4495/4495/4495 5648/5648/5648 
f 4687/4687/4687 4733/4733/4733 4685/4685/4685 
f 4733/4733/4733 4687/4687/4687 4734/4734/4734 
f 4547/4547/4547 4726/4726/4726 4545/4545/4545 
f 5650/5650/5650 5651/5651/5651 4806/4806/4806 
f 4883/4883/4883 5652/5652/5652 5653/5653/5653 
f 5654/5654/5654 5490/5490/5490 5655/5655/5655 
f 5656/5656/5656 5653/5653/5653 5652/5652/5652 
f 4606/4606/4606 5657/5657/5657 4607/4607/4607 
f 5658/5658/5658 4574/4574/4574 5659/5659/5659 
f 4574/4574/4574 4496/4496/4496 5659/5659/5659 
f 4708/4708/4708 5660/5660/5660 4567/4567/4567 
f 4928/4928/4928 4927/4927/4927 5536/5536/5536 
f 5661/5661/5661 5264/5264/5264 5662/5662/5662 
f 4873/4873/4873 4872/4872/4872 5663/5663/5663 
f 4722/4722/4722 4517/4517/4517 5664/5664/5664 
f 5665/5665/5665 4722/4722/4722 5664/5664/5664 
f 4613/4613/4613 4442/4442/4442 4611/4611/4611 
f 5558/5558/5558 5666/5666/5666 4905/4905/4905 
f 5289/5289/5289 5667/5667/5667 5668/5668/5668 
f 5669/5669/5669 5670/5670/5670 5671/5671/5671 
f 5670/5670/5670 4698/4698/4698 5633/5633/5633 
f 4698/4698/4698 5670/5670/5670 4396/4396/4396 
f 4381/4381/4381 4380/4380/4380 4658/4658/4658 
f 4760/4760/4760 4658/4658/4658 4380/4380/4380 
f 5672/5672/5672 4598/4598/4598 5673/5673/5673 
f 5674/5674/5674 5085/5085/5085 5060/5060/5060 
f 5675/5675/5675 5545/5545/5545 5676/5676/5676 
f 4660/4660/4660 5677/5677/5677 4378/4378/4378 
f 5678/5678/5678 5675/5675/5675 5626/5626/5626 
f 5677/5677/5677 5679/5679/5679 5680/5680/5680 
f 4517/4517/4517 5681/5681/5681 5682/5682/5682 
f 5682/5682/5682 5664/5664/5664 4517/4517/4517 
f 5683/5683/5683 4699/4699/4699 5684/5684/5684 
f 5685/5685/5685 5686/5686/5686 5599/5599/5599 
f 5686/5686/5686 5597/5597/5597 5599/5599/5599 
f 5684/5684/5684 4400/4400/4400 5683/5683/5683 
f 4306/4306/4306 4448/4448/4448 4304/4304/4304 
f 4802/4802/4802 5687/5687/5687 4313/4313/4313 
f 5688/5688/5688 5689/5689/5689 4322/4322/4322 
f 5690/5690/5690 4326/4326/4326 5691/5691/5691 
f 5692/5692/5692 5693/5693/5693 4838/4838/4838 
f 5694/5694/5694 5695/5695/5695 4699/4699/4699 
f 5696/5696/5696 4798/4798/4798 4797/4797/4797 
f 5153/5153/5153 5152/5152/5152 5501/5501/5501 
f 4387/4387/4387 5697/5697/5697 5698/5698/5698 
f 5061/5061/5061 5699/5699/5699 5700/5700/5700 
f 5701/5701/5701 4676/4676/4676 4319/4319/4319 
f 4323/4323/4323 4332/4332/4332 4324/4324/4324 
f 4323/4323/4323 5702/5702/5702 5703/5703/5703 
f 4676/4676/4676 5701/5701/5701 5704/5704/5704 
f 5705/5705/5705 5706/5706/5706 4387/4387/4387 
f 5697/5697/5697 4387/4387/4387 5706/5706/5706 
f 4591/4591/4591 5707/5707/5707 4637/4637/4637 
f 5707/5707/5707 4591/4591/4591 5708/5708/5708 
f 5480/5480/5480 4887/4887/4887 5478/5478/5478 
f 5709/5709/5709 4683/4683/4683 4590/4590/4590 
f 5710/5710/5710 4637/4637/4637 5711/5711/5711 
f 4637/4637/4637 5710/5710/5710 4591/4591/4591 
f 5288/5288/5288 5712/5712/5712 5286/5286/5286 
f 4397/4397/4397 5713/5713/5713 4395/4395/4395 
f 4396/4396/4396 5670/5670/5670 5714/5714/5714 
f 5714/5714/5714 4397/4397/4397 4396/4396/4396 
f 5095/5095/5095 5715/5715/5715 5096/5096/5096 
f 5716/5716/5716 5717/5717/5717 4347/4347/4347 
f 5332/5332/5332 4787/4787/4787 5718/5718/5718 
f 5719/5719/5719 4346/4346/4346 4345/4345/4345 
f 5720/5720/5720 5623/5623/5623 5437/5437/5437 
f 4381/4381/4381 4755/4755/4755 4756/4756/4756 
f 5721/5721/5721 5722/5722/5722 4407/4407/4407 
f 5421/5421/5421 5420/5420/5420 5723/5723/5723 
f 5724/5724/5724 5725/5725/5725 5060/5060/5060 
f 5108/5108/5108 5086/5086/5086 5106/5106/5106 
f 5009/5009/5009 5726/5726/5726 5007/5007/5007 
f 4746/4746/4746 4468/4468/4468 5727/5727/5727 
f 5507/5507/5507 5728/5728/5728 5508/5508/5508 
f 5729/5729/5729 5730/5730/5730 4689/4689/4689 
f 5731/5731/5731 5557/5557/5557 5392/5392/5392 
f 5732/5732/5732 5733/5733/5733 4905/4905/4905 
f 5734/5734/5734 5293/5293/5293 5295/5295/5295 
f 4733/4733/4733 4732/4732/4732 5735/5735/5735 
f 5736/5736/5736 4366/4366/4366 5737/5737/5737 
f 4366/4366/4366 5736/5736/5736 5738/5738/5738 
f 5739/5739/5739 4404/4404/4404 4406/4406/4406 
f 4404/4404/4404 5739/5739/5739 4634/4634/4634 
f 4634/4634/4634 5740/5740/5740 5741/5741/5741 
f 5742/5742/5742 5175/5175/5175 5037/5037/5037 
f 5743/5743/5743 5741/5741/5741 5740/5740/5740 
f 5740/5740/5740 4406/4406/4406 5743/5743/5743 
f 4406/4406/4406 5740/5740/5740 5739/5739/5739 
f 4634/4634/4634 5739/5739/5739 5740/5740/5740 
f 5625/5625/5625 5514/5514/5514 5511/5511/5511 
f 5516/5516/5516 5511/5511/5511 5514/5514/5514 
f 4755/4755/4755 4381/4381/4381 4753/4753/4753 
f 4658/4658/4658 4753/4753/4753 4381/4381/4381 
f 4754/4754/4754 4753/4753/4753 5744/5744/5744 
f 4657/4657/4657 5744/5744/5744 4753/4753/4753 
f 5329/5329/5329 5076/5076/5076 5078/5078/5078 
f 4343/4343/4343 5745/5745/5745 4341/4341/4341 
f 4554/4554/4554 4553/4553/4553 5746/5746/5746 
f 4881/4881/4881 5492/5492/5492 4882/4882/4882 
f 4553/4553/4553 5747/5747/5747 5748/5748/5748 
f 5747/5747/5747 4553/4553/4553 4608/4608/4608 
f 5749/5749/5749 5349/5349/5349 5426/5426/5426 
f 5750/5750/5750 4526/4526/4526 5751/5751/5751 
f 5349/5349/5349 5749/5749/5749 5752/5752/5752 
f 5753/5753/5753 5754/5754/5754 5428/5428/5428 
f 5619/5619/5619 5755/5755/5755 4897/4897/4897 
f 5756/5756/5756 5044/5044/5044 4901/4901/4901 
f 5649/5649/5649 4496/4496/4496 4495/4495/4495 
f 5649/5649/5649 5659/5659/5659 4496/4496/4496 
f 5668/5668/5668 5620/5620/5620 5289/5289/5289 
f 5622/5622/5622 5757/5757/5757 5621/5621/5621 
f 5758/5758/5758 5759/5759/5759 5760/5760/5760 
f 4593/4593/4593 5708/5708/5708 4591/4591/4591 
f 4378/4378/4378 5680/5680/5680 4379/4379/4379 
f 5680/5680/5680 4378/4378/4378 5677/5677/5677 
f 4728/4728/4728 4545/4545/4545 4726/4726/4726 
f 4954/4954/4954 4956/4956/4956 5502/5502/5502 
f 5761/5761/5761 5762/5762/5762 4596/4596/4596 
f 5760/5760/5760 5495/5495/5495 5197/5197/5197 
f 4598/4598/4598 5672/5672/5672 4557/4557/4557 
f 4558/4558/4558 4557/4557/4557 5672/5672/5672 
f 5688/5688/5688 4679/4679/4679 4678/4678/4678 
f 4678/4678/4678 5689/5689/5689 5688/5688/5688 
f 5763/5763/5763 4786/4786/4786 4785/4785/4785 
f 4670/4670/4670 4669/4669/4669 5764/5764/5764 
f 4346/4346/4346 5764/5764/5764 4344/4344/4344 
f 5765/5765/5765 5763/5763/5763 4785/4785/4785 
f 4400/4400/4400 5684/5684/5684 4398/4398/4398 
f 5643/5643/5643 5692/5692/5692 4838/4838/4838 
f 5695/5695/5695 4398/4398/4398 5684/5684/5684 
f 5684/5684/5684 4699/4699/4699 5695/5695/5695 
f 5766/5766/5766 4688/4688/4688 4731/4731/4731 
f 4689/4689/4689 4688/4688/4688 5729/5729/5729 
f 4913/4913/4913 5767/5767/5767 4911/4911/4911 
f 4688/4688/4688 5766/5766/5766 5768/5768/5768 
f 5769/5769/5769 4729/4729/4729 4544/4544/4544 
f 5770/5770/5770 5457/5457/5457 5459/5459/5459 
f 5124/5124/5124 5123/5123/5123 5771/5771/5771 
f 5126/5126/5126 5128/5128/5128 5772/5772/5772 
f 5773/5773/5773 5397/5397/5397 5396/5396/5396 
f 5774/5774/5774 4714/4714/4714 4713/4713/4713 
f 5775/5775/5775 4742/4742/4742 4457/4457/4457 
f 4457/4457/4457 4456/4456/4456 5775/5775/5775 
f 4597/4597/4597 5776/5776/5776 5777/5777/5777 
f 5056/5056/5056 5778/5778/5778 5057/5057/5057 
f 5779/5779/5779 5777/5777/5777 5776/5776/5776 
f 5060/5060/5060 5059/5059/5059 5724/5724/5724 
f 4927/4927/4927 5537/5537/5537 5536/5536/5536 
f 5540/5540/5540 5607/5607/5607 5538/5538/5538 
f 4821/4821/4821 5780/5780/5780 5353/5353/5353 
f 4820/4820/4820 5781/5781/5781 5782/5782/5782 
f 4319/4319/4319 4675/4675/4675 5783/5783/5783 
f 5784/5784/5784 5785/5785/5785 5786/5786/5786 
f 5787/5787/5787 4856/4856/4856 5788/5788/5788 
f 5309/5309/5309 5789/5789/5789 5790/5790/5790 
f 4519/4519/4519 4518/4518/4518 5791/5791/5791 
f 4518/4518/4518 4723/4723/4723 5792/5792/5792 
f 5788/5788/5788 5793/5793/5793 5787/5787/5787 
f 5792/5792/5792 5791/5791/5791 4518/4518/4518 
f 5277/5277/5277 5276/5276/5276 5617/5617/5617 
f 5280/5280/5280 5042/5042/5042 5041/5041/5041 
f 5794/5794/5794 5795/5795/5795 5179/5179/5179 
f 5495/5495/5495 5796/5796/5796 5494/5494/5494 
f 5137/5137/5137 5797/5797/5797 5798/5798/5798 
f 5737/5737/5737 5799/5799/5799 5736/5736/5736 
f 5039/5039/5039 5742/5742/5742 5037/5037/5037 
f 5741/5741/5741 5800/5800/5800 4634/4634/4634 
f 5801/5801/5801 5802/5802/5802 5246/5246/5246 
f 5446/5446/5446 5261/5261/5261 5803/5803/5803 
f 5804/5804/5804 4666/4666/4666 4342/4342/4342 
f 5805/5805/5805 5765/5765/5765 4785/4785/4785 
f 5806/5806/5806 4341/4341/4341 5745/5745/5745 
f 4342/4342/4342 4341/4341/4341 5804/5804/5804 
f 4376/4376/4376 4748/4748/4748 4374/4374/4374 
f 5807/5807/5807 4868/4868/4868 4867/4867/4867 
f 5808/5808/5808 4821/4821/4821 5352/5352/5352 
f 4490/4490/4490 5809/5809/5809 4488/4488/4488 
f 4736/4736/4736 4529/4529/4529 4737/4737/4737 
f 5810/5810/5810 5429/5429/5429 5428/5428/5428 
f 4598/4598/4598 5811/5811/5811 5673/5673/5673 
f 5811/5811/5811 4598/4598/4598 4556/4556/4556 
f 5735/5735/5735 4685/4685/4685 4733/4733/4733 
f 5295/5295/5295 5068/5068/5068 5734/5734/5734 
f 5812/5812/5812 4611/4611/4611 4442/4442/4442 
f 4442/4442/4442 4441/4441/4441 5812/5812/5812 
f 4611/4611/4611 5812/5812/5812 5813/5813/5813 
f 5812/5812/5812 5814/5814/5814 5813/5813/5813 
f 4704/4704/4704 4703/4703/4703 5815/5815/5815 
f 5816/5816/5816 4891/4891/4891 5817/5817/5817 
f 5818/5818/5818 5014/5014/5014 5819/5819/5819 
f 4408/4408/4408 4407/4407/4407 5820/5820/5820 
f 5344/5344/5344 5238/5238/5238 5345/5345/5345 
f 5237/5237/5237 5345/5345/5345 5238/5238/5238 
f 4966/4966/4966 5821/5821/5821 4926/4926/4926 
f 4927/4927/4927 4929/4929/4929 5822/5822/5822 
f 5823/5823/5823 4439/4439/4439 4438/4438/4438 
f 5362/5362/5362 4902/4902/4902 5363/5363/5363 
f 5717/5717/5717 5824/5824/5824 4348/4348/4348 
f 4348/4348/4348 4347/4347/4347 5717/5717/5717 
f 4330/4330/4330 5784/5784/5784 4914/4914/4914 
f 5783/5783/5783 4317/4317/4317 4319/4319/4319 
f 5825/5825/5825 5184/5184/5184 5183/5183/5183 
f 5254/5254/5254 5826/5826/5826 5590/5590/5590 
f 5133/5133/5133 5132/5132/5132 5827/5827/5827 
f 5828/5828/5828 4364/4364/4364 4363/4363/4363 
f 4402/4402/4402 4401/4401/4401 5829/5829/5829 
f 5829/5829/5829 4633/4633/4633 4402/4402/4402 
f 5544/5544/5544 5359/5359/5359 5358/5358/5358 
f 5542/5542/5542 5830/5830/5830 5541/5541/5541 
f 4516/4516/4516 4515/4515/4515 5831/5831/5831 
f 4855/4855/4855 5832/5832/5832 4856/4856/4856 
f 4516/4516/4516 5833/5833/5833 5681/5681/5681 
f 5681/5681/5681 4517/4517/4517 4516/4516/4516 
f 5746/5746/5746 5748/5748/5748 5834/5834/5834 
f 5748/5748/5748 5746/5746/5746 4553/4553/4553 
f 5835/5835/5835 5748/5748/5748 5747/5747/5747 
f 5835/5835/5835 5834/5834/5834 5748/5748/5748 
f 5422/5422/5422 5836/5836/5836 5420/5420/5420 
f 5819/5819/5819 5425/5425/5425 5818/5818/5818 
f 4713/4713/4713 4383/4383/4383 5774/5774/5774 
f 4383/4383/4383 4713/4713/4713 4384/4384/4384 
f 5837/5837/5837 5171/5171/5171 5064/5064/5064 
f 5699/5699/5699 5061/5061/5061 5063/5063/5063 
f 5838/5838/5838 5390/5390/5390 5389/5389/5389 
f 5839/5839/5839 4627/4627/4627 5840/5840/5840 
f 5841/5841/5841 5842/5842/5842 4391/4391/4391 
f 4391/4391/4391 4390/4390/4390 5841/5841/5841 
f 4646/4646/4646 4391/4391/4391 5842/5842/5842 
f 4391/4391/4391 4646/4646/4646 4389/4389/4389 
f 5518/5518/5518 5843/5843/5843 5440/5440/5440 
f 5437/5437/5437 5844/5844/5844 5720/5720/5720 
f 5844/5844/5844 5437/5437/5437 5436/5436/5436 
f 5436/5436/5436 5845/5845/5845 5844/5844/5844 
f 4690/4690/4690 4730/4730/4730 4688/4688/4688 
f 5846/5846/5846 5506/5506/5506 5508/5508/5508 
f 5847/5847/5847 4731/4731/4731 4730/4730/4730 
f 4730/4730/4730 4690/4690/4690 5847/5847/5847 
f 5069/5069/5069 5848/5848/5848 5067/5067/5067 
f 5508/5508/5508 5072/5072/5072 5846/5846/5846 
f 5849/5849/5849 5850/5850/5850 5851/5851/5851 
f 4308/4308/4308 4313/4313/4313 5852/5852/5852 
f 4443/4443/4443 5851/5851/5851 5850/5850/5850 
f 5852/5852/5852 4309/4309/4309 4308/4308/4308 
f 5851/5851/5851 5853/5853/5853 5849/5849/5849 
f 5853/5853/5853 5851/5851/5851 4303/4303/4303 
f 4717/4717/4717 4703/4703/4703 5854/5854/5854 
f 4717/4717/4717 5855/5855/5855 4716/4716/4716 
f 5856/5856/5856 5167/5167/5167 4932/4932/4932 
f 5854/5854/5854 5857/5857/5857 4717/4717/4717 
f 4757/4757/4757 4379/4379/4379 5646/5646/5646 
f 4379/4379/4379 4757/4757/4757 4377/4377/4377 
f 5144/5144/5144 5439/5439/5439 5146/5146/5146 
f 5441/5441/5441 5146/5146/5146 5439/5439/5439 
f 5640/5640/5640 4731/4731/4731 5638/5638/5638 
f 5069/5069/5069 5068/5068/5068 5637/5637/5637 
f 5833/5833/5833 4516/4516/4516 5858/5858/5858 
f 5859/5859/5859 4856/4856/4856 5832/5832/5832 
f 5860/5860/5860 5861/5861/5861 5862/5862/5862 
f 5858/5858/5858 5863/5863/5863 5833/5833/5833 
f 5861/5861/5861 4859/4859/4859 4858/4858/4858 
f 5831/5831/5831 5858/5858/5858 4516/4516/4516 
f 5385/5385/5385 5387/5387/5387 5864/5864/5864 
f 5142/5142/5142 5865/5865/5865 5390/5390/5390 
f 5385/5385/5385 5864/5864/5864 5641/5641/5641 
f 5642/5642/5642 4365/4365/4365 4367/4367/4367 
f 5141/5141/5141 5865/5865/5865 5142/5142/5142 
f 4365/4365/4365 5737/5737/5737 4366/4366/4366 
f 5866/5866/5866 4581/4581/4581 4695/4695/4695 
f 4969/4969/4969 5616/5616/5616 4967/4967/4967 
f 4638/4638/4638 4637/4637/4637 5707/5707/5707 
f 4638/4638/4638 5707/5707/5707 5867/5867/5867 
f 5868/5868/5868 5750/5750/5750 5869/5869/5869 
f 5751/5751/5751 5869/5869/5869 5750/5750/5750 
f 4347/4347/4347 4349/4349/4349 5870/5870/5870 
f 5050/5050/5050 5871/5871/5871 5051/5051/5051 
f 5054/5054/5054 5160/5160/5160 5162/5162/5162 
f 5870/5870/5870 5872/5872/5872 4347/4347/4347 
f 5873/5873/5873 4564/4564/4564 5874/5874/5874 
f 5875/5875/5875 4965/4965/4965 4964/4964/4964 
f 5178/5178/5178 5876/5876/5876 5877/5877/5877 
f 4639/4639/4639 5711/5711/5711 4637/4637/4637 
f 5181/5181/5181 5496/5496/5496 5179/5179/5179 
f 5878/5878/5878 5879/5879/5879 5876/5876/5876 
f 5480/5480/5480 4888/4888/4888 4887/4887/4887 
f 5480/5480/5480 4889/4889/4889 4888/4888/4888 
f 5391/5391/5391 5880/5880/5880 5881/5881/5881 
f 5392/5392/5392 5391/5391/5391 5731/5731/5731 
f 4592/4592/4592 4591/4591/4591 5710/5710/5710 
f 5882/5882/5882 5710/5710/5710 5883/5883/5883 
f 5884/5884/5884 5885/5885/5885 4546/4546/4546 
f 5886/5886/5886 4547/4547/4547 4546/4546/4546 
f 5329/5329/5329 5887/5887/5887 5327/5327/5327 
f 5764/5764/5764 4346/4346/4346 4670/4670/4670 
f 5073/5073/5073 5075/5075/5075 5888/5888/5888 
f 5329/5329/5329 5078/5078/5078 5887/5887/5887 
f 5111/5111/5111 5889/5889/5889 5109/5109/5109 
f 5057/5057/5057 5410/5410/5410 5055/5055/5055 
f 5889/5889/5889 5890/5890/5890 5109/5109/5109 
f 5891/5891/5891 4559/4559/4559 5892/5892/5892 
f 4525/4525/4525 4524/4524/4524 4739/4739/4739 
f 5350/5350/5350 5893/5893/5893 5348/5348/5348 
f 5894/5894/5894 4880/4880/4880 4879/4879/4879 
f 5834/5834/5834 5895/5895/5895 5746/5746/5746 
f 5202/5202/5202 5201/5201/5201 5896/5896/5896 
f 5897/5897/5897 4846/4846/4846 4845/4845/4845 
f 4364/4364/4364 5898/5898/5898 5899/5899/5899 
f 5402/5402/5402 5900/5900/5900 5400/5400/5400 
f 4817/4817/4817 5025/5025/5025 5901/5901/5901 
f 4430/4430/4430 5902/5902/5902 4428/4428/4428 
f 5032/5032/5032 5031/5031/5031 5210/5210/5210 
f 4820/4820/4820 4819/4819/4819 5030/5030/5030 
f 5903/5903/5903 5829/5829/5829 4401/4401/4401 
f 5102/5102/5102 5904/5904/5904 5036/5036/5036 
f 5398/5398/5398 5905/5905/5905 5396/5396/5396 
f 5773/5773/5773 5396/5396/5396 5905/5905/5905 
f 5906/5906/5906 5852/5852/5852 4313/4313/4313 
f 5907/5907/5907 5908/5908/5908 5909/5909/5909 
f 4803/4803/4803 5909/5909/5909 4804/4804/4804 
f 5909/5909/5909 4803/4803/4803 5375/5375/5375 
f 5845/5845/5845 5436/5436/5436 5645/5645/5645 
f 5910/5910/5910 5646/5646/5646 4379/4379/4379 
f 5547/5547/5547 5676/5676/5676 5545/5545/5545 
f 4658/4658/4658 4760/4760/4760 4656/4656/4656 
f 5228/5228/5228 5227/5227/5227 5911/5911/5911 
f 5228/5228/5228 5911/5911/5911 5226/5226/5226 
f 5702/5702/5702 4323/4323/4323 4997/4997/4997 
f 5453/5453/5453 5000/5000/5000 5451/5451/5451 
f 4840/4840/4840 5912/5912/5912 4841/4841/4841 
f 5633/5633/5633 5671/5671/5671 5670/5670/5670 
f 4840/4840/4840 4839/4839/4839 5913/5913/5913 
f 5913/5913/5913 5914/5914/5914 4840/4840/4840 
f 4573/4573/4573 4642/4642/4642 4571/4571/4571 
f 5915/5915/5915 4898/4898/4898 4897/4897/4897 
f 4547/4547/4547 5886/5886/5886 5916/5916/5916 
f 5916/5916/5916 5917/5917/5917 4547/4547/4547 
f 5676/5676/5676 5918/5918/5918 5919/5919/5919 
f 5515/5515/5515 5920/5920/5920 5517/5517/5517 
f 5676/5676/5676 5547/5547/5547 5918/5918/5918 
f 5516/5516/5516 5517/5517/5517 5548/5548/5548 
f 4701/4701/4701 5921/5921/5921 4699/4699/4699 
f 5644/5644/5644 5622/5622/5622 4839/4839/4839 
f 5922/5922/5922 5644/5644/5644 4841/4841/4841 
f 4699/4699/4699 5921/5921/5921 5694/5694/5694 
f 4382/4382/4382 4758/4758/4758 4380/4380/4380 
f 4760/4760/4760 4380/4380/4380 4758/4758/4758 
f 5923/5923/5923 4571/4571/4571 4642/4642/4642 
f 5923/5923/5923 4572/4572/4572 4571/4571/4571 
f 5924/5924/5924 5259/5259/5259 5258/5258/5258 
f 5444/5444/5444 5421/5421/5421 5925/5925/5925 
f 5926/5926/5926 4384/4384/4384 4713/4713/4713 
f 4384/4384/4384 5926/5926/5926 4385/4385/4385 
f 4713/4713/4713 4712/4712/4712 5926/5926/5926 
f 4385/4385/4385 5926/5926/5926 4712/4712/4712 
f 4714/4714/4714 5927/5927/5927 4712/4712/4712 
f 4712/4712/4712 5928/5928/5928 4385/4385/4385 
f 5928/5928/5928 4712/4712/4712 5927/5927/5927 
f 5466/5466/5466 5398/5398/5398 5397/5397/5397 
f 4439/4439/4439 5929/5929/5929 4437/4437/4437 
f 4903/4903/4903 5930/5930/5930 4904/4904/4904 
f 4907/4907/4907 5732/5732/5732 4905/4905/4905 
f 4614/4614/4614 4616/4616/4616 5929/5929/5929 
f 5931/5931/5931 5838/5838/5838 5389/5389/5389 
f 5137/5137/5137 5798/5798/5798 5932/5932/5932 
f 5525/5525/5525 5299/5299/5299 5523/5523/5523 
f 5490/5490/5490 5489/5489/5489 5521/5521/5521 
f 5933/5933/5933 5300/5300/5300 5299/5299/5299 
f 5491/5491/5491 5934/5934/5934 5489/5489/5489 
f 4403/4403/4403 5935/5935/5935 4401/4401/4401 
f 4401/4401/4401 5935/5935/5935 5903/5903/5903 
f 5103/5103/5103 5936/5936/5936 5319/5319/5319 
f 5937/5937/5937 5936/5936/5936 5103/5103/5103 
f 5938/5938/5938 5620/5620/5620 5939/5939/5939 
f 5599/5599/5599 5940/5940/5940 5685/5685/5685 
f 5712/5712/5712 5288/5288/5288 5940/5940/5940 
f 5620/5620/5620 5938/5938/5938 5290/5290/5290 
f 4862/4862/4862 5941/5941/5941 4860/4860/4860 
f 5942/5942/5942 4684/4684/4684 4683/4683/4683 
f 4875/4875/4875 4877/4877/4877 5943/5943/5943 
f 5944/5944/5944 5663/5663/5663 4872/4872/4872 
f 5189/5189/5189 5613/5613/5613 5945/5945/5945 
f 5402/5402/5402 5946/5946/5946 5610/5610/5610 
f 5187/5187/5187 5945/5945/5945 5188/5188/5188 
f 5945/5945/5945 5187/5187/5187 5189/5189/5189 
f 5947/5947/5947 4414/4414/4414 4413/4413/4413 
f 4976/4976/4976 5948/5948/5948 5045/5045/5045 
f 4373/4373/4373 5949/5949/5949 4371/4371/4371 
f 5129/5129/5129 5950/5950/5950 4960/4960/4960 
f 4876/4876/4876 5334/5334/5334 5951/5951/5951 
f 4339/4339/4339 4664/4664/4664 4340/4340/4340 
f 5952/5952/5952 4494/4494/4494 4574/4574/4574 
f 4495/4495/4495 4494/4494/4494 5647/5647/5647 
f 5462/5462/5462 5156/5156/5156 5460/5460/5460 
f 5153/5153/5153 5501/5501/5501 5500/5500/5500 
f 5381/5381/5381 5372/5372/5372 5379/5379/5379 
f 4829/4829/4829 5953/5953/5953 5368/5368/5368 
f 5954/5954/5954 5014/5014/5014 5013/5013/5013 
f 5015/5015/5015 5955/5955/5955 5013/5013/5013 
f 5017/5017/5017 5016/5016/5016 5956/5956/5956 
f 5013/5013/5013 5955/5955/5955 5954/5954/5954 
f 5271/5271/5271 5270/5270/5270 5957/5957/5957 
f 4674/4674/4674 4453/4453/4453 4452/4452/4452 
f 5958/5958/5958 4314/4314/4314 4308/4308/4308 
f 4305/4305/4305 5959/5959/5959 4306/4306/4306 
f 4503/4503/4503 4505/4505/4505 5960/5960/5960 
f 5961/5961/5961 5960/5960/5960 4505/4505/4505 
f 4827/4827/4827 4829/4829/4829 5962/5962/5962 
f 5962/5962/5962 4828/4828/4828 4827/4827/4827 
f 5963/5963/5963 5117/5117/5117 5118/5118/5118 
f 5487/5487/5487 5964/5964/5964 4778/4778/4778 
f 5203/5203/5203 5578/5578/5578 5201/5201/5201 
f 5089/5089/5089 5965/5965/5965 5090/5090/5090 
f 4522/4522/4522 5966/5966/5966 4521/4521/4521 
f 5029/5029/5029 5967/5967/5967 5030/5030/5030 
f 5086/5086/5086 5108/5108/5108 5087/5087/5087 
f 5110/5110/5110 5109/5109/5109 5408/5408/5408 
f 5951/5951/5951 4877/4877/4877 4876/4876/4876 
f 5951/5951/5951 5943/5943/5943 4877/4877/4877 
f 5028/5028/5028 5282/5282/5282 5026/5026/5026 
f 5282/5282/5282 5027/5027/5027 5026/5026/5026 
f 5968/5968/5968 4969/4969/4969 4968/4968/4968 
f 4581/4581/4581 5866/5866/5866 4579/4579/4579 
f 5969/5969/5969 5112/5112/5112 5079/5079/5079 
f 5648/5648/5648 5970/5970/5970 5649/5649/5649 
f 5971/5971/5971 5972/5972/5972 5302/5302/5302 
f 4704/4704/4704 5973/5973/5973 5974/5974/5974 
f 5302/5302/5302 5164/5164/5164 5971/5971/5971 
f 4704/4704/4704 5974/5974/5974 4702/4702/4702 
f 5163/5163/5163 5975/5975/5975 5164/5164/5164 
f 5975/5975/5975 5971/5971/5971 5164/5164/5164 
f 4439/4439/4439 4614/4614/4614 5929/5929/5929 
f 5393/5393/5393 5976/5976/5976 5391/5391/5391 
f 5485/5485/5485 5484/5484/5484 5527/5527/5527 
f 4973/4973/4973 4975/4975/4975 5483/5483/5483 
f 5527/5527/5527 5977/5977/5977 5485/5485/5485 
f 5526/5526/5526 5977/5977/5977 5527/5527/5527 
f 5978/5978/5978 5979/5979/5979 4459/4459/4459 
f 5115/5115/5115 5980/5980/5980 5116/5116/5116 
f 4626/4626/4626 4351/4351/4351 4350/4350/4350 
f 5096/5096/5096 5324/5324/5324 5326/5326/5326 
f 5981/5981/5981 4492/4492/4492 4491/4491/4491 
f 5554/5554/5554 5002/5002/5002 5552/5552/5552 
f 5372/5372/5372 5381/5381/5381 5370/5370/5370 
f 4604/4604/4604 4654/4654/4654 4602/4602/4602 
f 5982/5982/5982 5249/5249/5249 4849/4849/4849 
f 5960/5960/5960 5983/5983/5983 4503/4503/4503 
f 4849/4849/4849 4848/4848/4848 5982/5982/5982 
f 4851/4851/4851 5984/5984/5984 4852/4852/4852 
f 4676/4676/4676 5985/5985/5985 4675/4675/4675 
f 5453/5453/5453 4998/4998/4998 5000/5000/5000 
f 5986/5986/5986 5481/5481/5481 4974/4974/4974 
f 4415/4415/4415 4691/4691/4691 4413/4413/4413 
f 4470/4470/4470 4745/4745/4745 5987/5987/5987 
f 5586/5586/5586 5011/5011/5011 5010/5010/5010 
f 5575/5575/5575 5385/5385/5385 5573/5573/5573 
f 5222/5222/5222 5988/5988/5988 5572/5572/5572 
f 4370/4370/4370 5989/5989/5989 4368/4368/4368 
f 5988/5988/5988 5222/5222/5222 5221/5221/5221 
f 4368/4368/4368 5989/5989/5989 5990/5990/5990 
f 5990/5990/5990 4627/4627/4627 4368/4368/4368 
f 5376/5376/5376 5100/5100/5100 5377/5377/5377 
f 4310/4310/4310 5991/5991/5991 4311/4311/4311 
f 5377/5377/5377 5100/5100/5100 5992/5992/5992 
f 5993/5993/5993 4445/4445/4445 5994/5994/5994 
f 5995/5995/5995 4515/4515/4515 4722/4722/4722 
f 5432/5432/5432 5996/5996/5996 5312/5312/5312 
f 5996/5996/5996 5310/5310/5310 5312/5312/5312 
f 4722/4722/4722 5665/5665/5665 5995/5995/5995 
f 4511/4511/4511 5997/5997/5997 4549/4549/4549 
f 5595/5595/5595 5998/5998/5998 5414/5414/5414 
f 4761/4761/4761 4377/4377/4377 4757/4757/4757 
f 4377/4377/4377 4761/4761/4761 4659/4659/4659 
f 5511/5511/5511 5516/5516/5516 5513/5513/5513 
f 5548/5548/5548 5513/5513/5513 5516/5516/5516 
f 5999/5999/5999 5526/5526/5526 5484/5484/5484 
f 6000/6000/6000 5484/5484/5484 5486/5486/5486 
f 5484/5484/5484 6000/6000/6000 5999/5999/5999 
f 5046/5046/5046 5528/5528/5528 6001/6001/6001 
f 5652/5652/5652 4883/4883/4883 4882/4882/4882 
f 6002/6002/6002 5652/5652/5652 4882/4882/4882 
f 4633/4633/4633 5829/5829/5829 6003/6003/6003 
f 6004/6004/6004 6003/6003/6003 5829/5829/5829 
f 5892/5892/5892 4561/4561/4561 4597/4597/4597 
f 4561/4561/4561 5892/5892/5892 4559/4559/4559 
f 4869/4869/4869 6005/6005/6005 5130/5130/5130 
f 6006/6006/6006 4961/4961/4961 4960/4960/4960 
f 6007/6007/6007 4626/4626/4626 4625/4625/4625 
f 5157/5157/5157 6008/6008/6008 6009/6009/6009 
f 5198/5198/5198 5758/5758/5758 5196/5196/5196 
f 5708/5708/5708 5867/5867/5867 5707/5707/5707 
f 4904/4904/4904 5363/5363/5363 4902/4902/4902 
f 4906/4906/4906 4905/4905/4905 5666/5666/5666 
f 4507/4507/4507 4506/4506/4506 6010/6010/6010 
f 4720/4720/4720 4507/4507/4507 6011/6011/6011 
f 6010/6010/6010 6011/6011/6011 4507/4507/4507 
f 5261/5261/5261 5260/5260/5260 6012/6012/6012 
f 4720/4720/4720 6011/6011/6011 6013/6013/6013 
f 6011/6011/6011 6010/6010/6010 6014/6014/6014 
f 4523/4523/4523 4485/4485/4485 6015/6015/6015 
f 5210/5210/5210 6016/6016/6016 5032/5032/5032 
f 6017/6017/6017 5355/5355/5355 5211/5211/5211 
f 5353/5353/5353 6018/6018/6018 5352/5352/5352 
f 4824/4824/4824 4826/4826/4826 5581/5581/5581 
f 5581/5581/5581 5580/5580/5580 4824/4824/4824 
f 4943/4943/4943 4982/4982/4982 4941/4941/4941 
f 4943/4943/4943 6019/6019/6019 4982/4982/4982 
f 5706/5706/5706 5705/5705/5705 6020/6020/6020 
f 5466/5466/5466 5397/5397/5397 5464/5464/5464 
f 5705/5705/5705 4715/4715/4715 6020/6020/6020 
f 4715/4715/4715 5705/5705/5705 4387/4387/4387 
f 5084/5084/5084 5550/5550/5550 5082/5082/5082 
f 4494/4494/4494 5952/5952/5952 5647/5647/5647 
f 5551/5551/5551 5550/5550/5550 6021/6021/6021 
f 5084/5084/5084 6022/6022/6022 5550/5550/5550 
f 6022/6022/6022 6021/6021/6021 5550/5550/5550 
f 4574/4574/4574 5658/5658/5658 5952/5952/5952 
f 5113/5113/5113 5006/5006/5006 6023/6023/6023 
f 5003/5003/5003 6024/6024/6024 5001/5001/5001 
f 4970/4970/4970 4972/4972/4972 5562/5562/5562 
f 4967/4967/4967 6025/6025/6025 4968/4968/4968 
f 6026/6026/6026 5047/5047/5047 5046/5046/5046 
f 4417/4417/4417 4416/4416/4416 6027/6027/6027 
f 5072/5072/5072 5508/5508/5508 6028/6028/6028 
f 6029/6029/6029 6030/6030/6030 5509/5509/5509 
f 5896/5896/5896 6031/6031/6031 5202/5202/5202 
f 6032/6032/6032 4535/4535/4535 4534/4534/4534 
f 5886/5886/5886 4546/4546/4546 5885/5885/5885 
f 5459/5459/5459 4953/4953/4953 4952/4952/4952 
f 5855/5855/5855 4717/4717/4717 5857/5857/5857 
f 4931/4931/4931 6033/6033/6033 4893/4893/4893 
f 6034/6034/6034 4532/4532/4532 4610/4610/4610 
f 5092/5092/5092 4842/4842/4842 4844/4844/4844 
f 5031/5031/5031 6035/6035/6035 5209/5209/5209 
f 6036/6036/6036 4522/4522/4522 4489/4489/4489 
f 5211/5211/5211 5213/5213/5213 6017/6017/6017 
f 5031/5031/5031 6037/6037/6037 6035/6035/6035 
f 6038/6038/6038 5356/5356/5356 5355/5355/5355 
f 4489/4489/4489 4488/4488/4488 6036/6036/6036 
f 6039/6039/6039 4909/4909/4909 4908/4908/4908 
f 4908/4908/4908 5509/5509/5509 6039/6039/6039 
f 4686/4686/4686 6040/6040/6040 6041/6041/6041 
f 5072/5072/5072 6028/6028/6028 5070/5070/5070 
f 6042/6042/6042 6043/6043/6043 4686/4686/4686 
f 4686/4686/4686 4685/4685/4685 6042/6042/6042 
f 5760/5760/5760 5196/5196/5196 5758/5758/5758 
f 5760/5760/5760 5197/5197/5197 5196/5196/5196 
f 5362/5362/5362 5364/5364/5364 6044/6044/6044 
f 5814/5814/5814 5812/5812/5812 4441/4441/4441 
f 5364/5364/5364 5363/5363/5363 6045/6045/6045 
f 6045/6045/6045 6044/6044/6044 5364/5364/5364 
f 5503/5503/5503 6046/6046/6046 4954/4954/4954 
f 6047/6047/6047 6048/6048/6048 4727/4727/4727 
f 5505/5505/5505 4807/4807/4807 4806/4806/4806 
f 5504/5504/5504 4807/4807/4807 5505/5505/5505 
f 5126/5126/5126 5245/5245/5245 6049/6049/6049 
f 6050/6050/6050 6049/6049/6049 5245/5245/5245 
f 4773/4773/4773 6051/6051/6051 4771/4771/4771 
f 4770/4770/4770 6052/6052/6052 6053/6053/6053 
f 6054/6054/6054 6055/6055/6055 6056/6056/6056 
f 4463/4463/4463 6057/6057/6057 4461/4461/4461 
f 4771/4771/4771 6051/6051/6051 5239/5239/5239 
f 6051/6051/6051 4773/4773/4773 6054/6054/6054 
f 5738/5738/5738 4367/4367/4367 4366/4366/4366 
f 5225/5225/5225 5139/5139/5139 5138/5138/5138 
f 5222/5222/5222 5572/5572/5572 5571/5571/5571 
f 4367/4367/4367 5738/5738/5738 6058/6058/6058 
f 4566/4566/4566 6059/6059/6059 4708/4708/4708 
f 5538/5538/5538 5608/5608/5608 6060/6060/6060 
f 5609/5609/5609 6061/6061/6061 4963/4963/4963 
f 4566/4566/4566 6062/6062/6062 6059/6059/6059 
f 6063/6063/6063 6064/6064/6064 5082/5082/5082 
f 5552/5552/5552 6065/6065/6065 5553/5553/5553 
f 6066/6066/6066 4568/4568/4568 6067/6067/6067 
f 4568/4568/4568 6066/6066/6066 4640/4640/4640 
f 5277/5277/5277 5618/5618/5618 6068/6068/6068 
f 5618/5618/5618 5617/5617/5617 6068/6068/6068 
f 5980/5980/5980 6069/6069/6069 5116/5116/5116 
f 5978/5978/5978 6070/6070/6070 5979/5979/5979 
f 4573/4573/4573 6071/6071/6071 6072/6072/6072 
f 5278/5278/5278 6073/6073/6073 5276/5276/5276 
f 6071/6071/6071 4573/4573/4573 4572/4572/4572 
f 5043/5043/5043 4899/4899/4899 4901/4901/4901 
f 5042/5042/5042 6074/6074/6074 5040/5040/5040 
f 6075/6075/6075 4572/4572/4572 6076/6076/6076 
f 4899/4899/4899 5043/5043/5043 6077/6077/6077 
f 6078/6078/6078 6079/6079/6079 6074/6074/6074 
f 4764/4764/4764 6080/6080/6080 4762/4762/4762 
f 5183/5183/5183 5182/5182/5182 5591/5591/5591 
f 5554/5554/5554 5003/5003/5003 5002/5002/5002 
f 5659/5659/5659 6081/6081/6081 5658/5658/5658 
f 4622/4622/4622 4412/4412/4412 4411/4411/4411 
f 5445/5445/5445 5422/5422/5422 5421/5421/5421 
f 6082/6082/6082 5227/5227/5227 5226/5226/5226 
f 5271/5271/5271 6083/6083/6083 6084/6084/6084 
f 4331/4331/4331 4914/4914/4914 5691/5691/5691 
f 4331/4331/4331 5691/5691/5691 4329/4329/4329 
f 4334/4334/4334 4324/4324/4324 4332/4332/4332 
f 4328/4328/4328 5691/5691/5691 4326/4326/4326 
f 6085/6085/6085 4325/4325/4325 4324/4324/4324 
f 4324/4324/4324 4334/4334/4334 6085/6085/6085 
f 6086/6086/6086 5264/5264/5264 5373/5373/5373 
f 4340/4340/4340 6087/6087/6087 4338/4338/4338 
f 6088/6088/6088 4917/4917/4917 6089/6089/6089 
f 5691/5691/5691 4914/4914/4914 5690/5690/5690 
f 5786/5786/5786 4914/4914/4914 5784/5784/5784 
f 4917/4917/4917 6088/6088/6088 4915/4915/4915 
f 4926/4926/4926 6090/6090/6090 4924/4924/4924 
f 5660/5660/5660 6091/6091/6091 4567/4567/4567 
f 6092/6092/6092 4924/4924/4924 6090/6090/6090 
f 5536/5536/5536 6093/6093/6093 4928/4928/4928 
f 6094/6094/6094 6095/6095/6095 4980/4980/4980 
f 4949/4949/4949 4948/4948/4948 6096/6096/6096 
f 4647/4647/4647 4646/4646/4646 5842/5842/5842 
f 6095/6095/6095 6097/6097/6097 4980/4980/4980 
f 4681/4681/4681 4680/4680/4680 6098/6098/6098 
f 4587/4587/4587 4681/4681/4681 4585/4585/4585 
f 4861/4861/4861 4860/4860/4860 6099/6099/6099 
f 4863/4863/4863 6100/6100/6100 4864/4864/4864 
f 6098/6098/6098 4585/4585/4585 4681/4681/4681 
f 4861/4861/4861 6099/6099/6099 5476/5476/5476 
f 4668/4668/4668 4342/4342/4342 4666/4666/4666 
f 4668/4668/4668 4343/4343/4343 4342/4342/4342 
f 6101/6101/6101 4851/4851/4851 5263/5263/5263 
f 6014/6014/6014 6013/6013/6013 6011/6011/6011 
f 4932/4932/4932 6102/6102/6102 4933/4933/4933 
f 6103/6103/6103 6104/6104/6104 4893/4893/4893 
f 6105/6105/6105 6106/6106/6106 4718/4718/4718 
f 6102/6102/6102 6107/6107/6107 4933/4933/4933 
f 4981/4981/4981 6108/6108/6108 6109/6109/6109 
f 4394/4394/4394 4393/4393/4393 4649/4649/4649 
f 4984/4984/4984 4941/4941/4941 4982/4982/4982 
f 4981/4981/4981 6110/6110/6110 6108/6108/6108 
f 4505/4505/4505 4719/4719/4719 5961/5961/5961 
f 6111/6111/6111 4719/4719/4719 4504/4504/4504 
f 5604/5604/5604 6082/6082/6082 5226/5226/5226 
f 5271/5271/5271 6084/6084/6084 5601/5601/5601 
f 5118/5118/5118 4774/4774/4774 5963/5963/5963 
f 4775/4775/4775 4774/4774/4774 5118/5118/5118 
f 4895/4895/4895 4930/4930/4930 4893/4893/4893 
f 4703/4703/4703 4716/4716/4716 5815/5815/5815 
f 6112/6112/6112 6042/6042/6042 4685/4685/4685 
f 4685/4685/4685 5735/5735/5735 6112/6112/6112 
f 5019/5019/5019 5417/5417/5417 6113/6113/6113 
f 4499/4499/4499 4630/4630/4630 6114/6114/6114 
f 5486/5486/5486 6115/6115/6115 6000/6000/6000 
f 5046/5046/5046 6001/6001/6001 6116/6116/6116 
f 4909/4909/4909 6117/6117/6117 6118/6118/6118 
f 5768/5768/5768 5729/5729/5729 4688/4688/4688 
f 6119/6119/6119 4607/4607/4607 6120/6120/6120 
f 5522/5522/5522 5655/5655/5655 5490/5490/5490 
f 6121/6121/6121 6122/6122/6122 6120/6120/6120 
f 5522/5522/5522 5521/5521/5521 6123/6123/6123 
f 6120/6120/6120 4551/4551/4551 6119/6119/6119 
f 4551/4551/4551 6120/6120/6120 6122/6122/6122 
f 6124/6124/6124 6120/6120/6120 4607/4607/4607 
f 6120/6120/6120 6124/6124/6124 6121/6121/6121 
f 5371/5371/5371 5370/5370/5370 6125/6125/6125 
f 4829/4829/4829 5369/5369/5369 5962/5962/5962 
f 6064/6064/6064 5083/5083/5083 5082/5082/5082 
f 4493/4493/4493 4575/4575/4575 4491/4491/4491 
f 4554/4554/4554 5746/5746/5746 5895/5895/5895 
f 4879/4879/4879 5297/5297/5297 5894/5894/5894 
f 6126/6126/6126 4448/4448/4448 4447/4447/4447 
f 5100/5100/5100 5376/5376/5376 5098/5098/5098 
f 5940/5940/5940 5599/5599/5599 5712/5712/5712 
f 4836/4836/4836 6127/6127/6127 4837/4837/4837 
f 6128/6128/6128 5712/5712/5712 5599/5599/5599 
f 5713/5713/5713 6129/6129/6129 5632/5632/5632 
f 4707/4707/4707 4706/4706/4706 6130/6130/6130 
f 4718/4718/4718 4707/4707/4707 6105/6105/6105 
f 4891/4891/4891 5816/5816/5816 4892/4892/4892 
f 4893/4893/4893 6104/6104/6104 4894/4894/4894 
f 6130/6130/6130 6105/6105/6105 4707/4707/4707 
f 4890/4890/4890 4892/4892/4892 5303/5303/5303 
f 5096/5096/5096 6131/6131/6131 5094/5094/5094 
f 4624/4624/4624 4348/4348/4348 5824/5824/5824 
f 6131/6131/6131 5096/5096/5096 5326/5326/5326 
f 6008/6008/6008 5157/5157/5157 5323/5323/5323 
f 5159/5159/5159 6132/6132/6132 5323/5323/5323 
f 6133/6133/6133 5094/5094/5094 6131/6131/6131 
f 6132/6132/6132 6134/6134/6134 5323/5323/5323 
f 5824/5824/5824 6135/6135/6135 4624/4624/4624 
f 5481/5481/5481 4975/4975/4975 4974/4974/4974 
f 5481/5481/5481 5483/5483/5483 4975/4975/4975 
f 5876/5876/5876 5178/5178/5178 5878/5878/5878 
f 5711/5711/5711 5883/5883/5883 5710/5710/5710 
f 5676/5676/5676 5626/5626/5626 5675/5675/5675 
f 5919/5919/5919 5626/5626/5626 5676/5676/5676 
f 6041/6041/6041 4687/4687/4687 4686/4686/4686 
f 6136/6136/6136 4734/4734/4734 4687/4687/4687 
f 6118/6118/6118 4910/4910/4910 4909/4909/4909 
f 5292/5292/5292 6137/6137/6137 4912/4912/4912 
f 5509/5509/5509 4910/4910/4910 6029/6029/6029 
f 4910/4910/4910 6118/6118/6118 6138/6138/6138 
f 6138/6138/6138 6029/6029/6029 4910/4910/4910 
f 4687/4687/4687 6041/6041/6041 6136/6136/6136 
f 5718/5718/5718 5330/5330/5330 5332/5332/5332 
f 4341/4341/4341 5806/5806/5806 6139/6139/6139 
f 6139/6139/6139 5804/5804/5804 4341/4341/4341 
f 4789/4789/4789 5718/5718/5718 4787/4787/4787 
f 6140/6140/6140 4666/4666/4666 5804/5804/5804 
f 5804/5804/5804 6139/6139/6139 6140/6140/6140 
f 6054/6054/6054 5239/5239/5239 6051/6051/6051 
f 6141/6141/6141 5240/5240/5240 5239/5239/5239 
f 5239/5239/5239 6054/6054/6054 6141/6141/6141 
f 6056/6056/6056 6141/6141/6141 6054/6054/6054 
f 5154/5154/5154 5462/5462/5462 5461/5461/5461 
f 5154/5154/5154 5156/5156/5156 5462/5462/5462 
f 5881/5881/5881 5731/5731/5731 5391/5391/5391 
f 5366/5366/5366 6142/6142/6142 5394/5394/5394 
f 5359/5359/5359 5544/5544/5544 6143/6143/6143 
f 6143/6143/6143 5357/5357/5357 5359/5359/5359 
f 5200/5200/5200 6144/6144/6144 4918/4918/4918 
f 5710/5710/5710 5882/5882/5882 4592/4592/4592 
f 4919/4919/4919 4918/4918/4918 6144/6144/6144 
f 5883/5883/5883 6145/6145/6145 5882/5882/5882 
f 4499/4499/4499 6146/6146/6146 6147/6147/6147 
f 6148/6148/6148 5434/5434/5434 5433/5433/5433 
f 5473/5473/5473 6149/6149/6149 6150/6150/6150 
f 5074/5074/5074 6151/6151/6151 5473/5473/5473 
f 6149/6149/6149 5473/5473/5473 6151/6151/6151 
f 4785/4785/4785 5475/5475/5475 6152/6152/6152 
f 4677/4677/4677 6153/6153/6153 4678/4678/4678 
f 4997/4997/4997 6154/6154/6154 5702/5702/5702 
f 4322/4322/4322 6153/6153/6153 4320/4320/4320 
f 6155/6155/6155 4320/4320/4320 6153/6153/6153 
f 5689/5689/5689 4678/4678/4678 6153/6153/6153 
f 6153/6153/6153 4322/4322/4322 5689/5689/5689 
f 4727/4727/4727 4726/4726/4726 6047/6047/6047 
f 4806/4806/4806 4808/4808/4808 5650/5650/5650 
f 4726/4726/4726 4547/4547/4547 5917/5917/5917 
f 5917/5917/5917 6047/6047/6047 4726/4726/4726 
f 6156/6156/6156 5406/5406/5406 5405/5405/5405 
f 4457/4457/4457 4741/4741/4741 4455/4455/4455 
f 6157/6157/6157 4569/4569/4569 4640/4640/4640 
f 6157/6157/6157 4570/4570/4570 4569/4569/4569 
f 4544/4544/4544 6158/6158/6158 5769/5769/5769 
f 6158/6158/6158 4544/4544/4544 4543/4543/4543 
f 6159/6159/6159 4810/4810/4810 4809/4809/4809 
f 4809/4809/4809 5456/5456/5456 6159/6159/6159 
f 4550/4550/4550 6119/6119/6119 4551/4551/4551 
f 4607/4607/4607 6119/6119/6119 4605/4605/4605 
f 6160/6160/6160 5297/5297/5297 4879/4879/4879 
f 4879/4879/4879 4878/4878/4878 6160/6160/6160 
f 6160/6160/6160 5298/5298/5298 5297/5297/5297 
f 6119/6119/6119 4550/4550/4550 4605/4605/4605 
f 6161/6161/6161 4480/4480/4480 4479/4479/4479 
f 5307/5307/5307 5533/5533/5533 6162/6162/6162 
f 4857/4857/4857 5862/5862/5862 6163/6163/6163 
f 4858/4858/4858 5862/5862/5862 5861/5861/5861 
f 4369/4369/4369 5839/5839/5839 6164/6164/6164 
f 4627/4627/4627 5839/5839/5839 4369/4369/4369 
f 5991/5991/5991 6165/6165/6165 4311/4311/4311 
f 5994/5994/5994 4301/4301/4301 4303/4303/4303 
f 5767/5767/5767 5634/5634/5634 4911/4911/4911 
f 4731/4731/4731 5640/5640/5640 5766/5766/5766 
f 4529/4529/4529 4736/4736/4736 4527/4527/4527 
f 4993/4993/4993 6166/6166/6166 4991/4991/4991 
f 6167/6167/6167 5961/5961/5961 4719/4719/4719 
f 6167/6167/6167 5960/5960/5960 5961/5961/5961 
f 6168/6168/6168 5447/5447/5447 5246/5246/5246 
f 4719/4719/4719 6111/6111/6111 6167/6167/6167 
f 5248/5248/5248 6168/6168/6168 5246/5246/5246 
f 5249/5249/5249 6169/6169/6169 5250/5250/5250 
f 4932/4932/4932 4934/4934/4934 5856/5856/5856 
f 5857/5857/5857 6170/6170/6170 5855/5855/5855 
f 5333/5333/5333 5269/5269/5269 6171/6171/6171 
f 5264/5264/5264 5661/5661/5661 5265/5265/5265 
f 5450/5450/5450 5449/5449/5449 6172/6172/6172 
f 4679/4679/4679 6173/6173/6173 4677/4677/4677 
f 5450/5450/5450 4917/4917/4917 4916/4916/4916 
f 6172/6172/6172 4917/4917/4917 5450/5450/5450 
f 4974/4974/4974 6174/6174/6174 5986/5986/5986 
f 4976/4976/4976 4978/4978/4978 6175/6175/6175 
f 5017/5017/5017 6176/6176/6176 5256/5256/5256 
f 5956/5956/5956 6177/6177/6177 5017/5017/5017 
f 5314/5314/5314 5313/5313/5313 5418/5418/5418 
f 6146/6146/6146 4499/4499/4499 4498/4498/4498 
f 5351/5351/5351 6178/6178/6178 4995/4995/4995 
f 4992/4992/4992 4991/4991/4991 5564/5564/5564 
f 5868/5868/5868 6179/6179/6179 6180/6180/6180 
f 6180/6180/6180 4739/4739/4739 4738/4738/4738 
f 5419/5419/5419 6181/6181/6181 5314/5314/5314 
f 6114/6114/6114 4497/4497/4497 4499/4499/4499 
f 5474/5474/5474 5075/5075/5075 5074/5074/5074 
f 4671/4671/4671 6182/6182/6182 4669/4669/4669 
f 6150/6150/6150 5474/5474/5474 5473/5473/5473 
f 4786/4786/4786 6183/6183/6183 4784/4784/4784 
f 5802/5802/5802 6184/6184/6184 5246/5246/5246 
f 4721/4721/4721 4508/4508/4508 4507/4507/4507 
f 5247/5247/5247 5246/5246/5246 6184/6184/6184 
f 5251/5251/5251 4849/4849/4849 5249/5249/5249 
f 6184/6184/6184 6185/6185/6185 5247/5247/5247 
f 6186/6186/6186 4721/4721/4721 4720/4720/4720 
f 5125/5125/5125 5542/5542/5542 5123/5123/5123 
f 5127/5127/5127 5126/5126/5126 6049/6049/6049 
f 5386/5386/5386 6187/6187/6187 5387/5387/5387 
f 6188/6188/6188 4370/4370/4370 4369/4369/4369 
f 5298/5298/5298 6189/6189/6189 5296/5296/5296 
f 5299/5299/5299 5301/5301/5301 6190/6190/6190 
f 6190/6190/6190 6191/6191/6191 5299/5299/5299 
f 4552/4552/4552 6192/6192/6192 4550/4550/4550 
f 6191/6191/6191 5523/5523/5523 5299/5299/5299 
f 6122/6122/6122 4552/4552/4552 4551/4551/4551 
f 4856/4856/4856 5787/5787/5787 5147/5147/5147 
f 5309/5309/5309 5150/5150/5150 5789/5789/5789 
f 6193/6193/6193 5451/5451/5451 5000/5000/5000 
f 6153/6153/6153 4677/4677/4677 6155/6155/6155 
f 6194/6194/6194 6028/6028/6028 5508/5508/5508 
f 6194/6194/6194 5070/5070/5070 6028/6028/6028 
f 6040/6040/6040 4686/4686/4686 6043/6043/6043 
f 6195/6195/6195 5509/5509/5509 6030/6030/6030 
f 6196/6196/6196 6194/6194/6194 5508/5508/5508 
f 6043/6043/6043 6197/6197/6197 6040/6040/6040 
f 5136/5136/5136 6198/6198/6198 5134/5134/5134 
f 4364/4364/4364 5828/5828/5828 5898/5898/5898 
f 5237/5237/5237 5236/5236/5236 6199/6199/6199 
f 4463/4463/4463 4651/4651/4651 6200/6200/6200 
f 5225/5225/5225 6201/6201/6201 5223/5223/5223 
f 5840/5840/5840 6164/6164/6164 5839/5839/5839 
f 5932/5932/5932 5223/5223/5223 6201/6201/6201 
f 6201/6201/6201 5137/5137/5137 5932/5932/5932 
f 5137/5137/5137 6201/6201/6201 5138/5138/5138 
f 5225/5225/5225 5138/5138/5138 6201/6201/6201 
f 5568/5568/5568 4814/4814/4814 4813/4813/4813 
f 5283/5283/5283 5567/5567/5567 6202/6202/6202 
f 6203/6203/6203 4429/4429/4429 4645/4645/4645 
f 6202/6202/6202 5284/5284/5284 5283/5283/5283 
f 6194/6194/6194 6196/6196/6196 6204/6204/6204 
f 6030/6030/6030 6205/6205/6205 6195/6195/6195 
f 4825/4825/4825 4824/4824/4824 5580/5580/5580 
f 5580/5580/5580 5579/5579/5579 4825/4825/4825 
f 6206/6206/6206 4825/4825/4825 5579/5579/5579 
f 6206/6206/6206 4826/4826/4826 4825/4825/4825 
f 6207/6207/6207 4790/4790/4790 4792/4792/4792 
f 4584/4584/4584 4697/4697/4697 4582/4582/4582 
f 4394/4394/4394 6208/6208/6208 4392/4392/4392 
f 6209/6209/6209 4943/4943/4943 4942/4942/4942 
f 6210/6210/6210 4392/4392/4392 6208/6208/6208 
f 6211/6211/6211 4393/4393/4393 4392/4392/4392 
f 6209/6209/6209 4942/4942/4942 6212/6212/6212 
f 4942/4942/4942 4941/4941/4941 6213/6213/6213 
f 6213/6213/6213 6212/6212/6212 4942/4942/4942 
f 4392/4392/4392 6210/6210/6210 6211/6211/6211 
f 5542/5542/5542 5125/5125/5125 6214/6214/6214 
f 6215/6215/6215 6216/6216/6216 4540/4540/4540 
f 5172/5172/5172 6217/6217/6217 5173/5173/5173 
f 5177/5177/5177 5037/5037/5037 5175/5175/5175 
f 5422/5422/5422 6218/6218/6218 5836/5836/5836 
f 5014/5014/5014 5818/5818/5818 5015/5015/5015 
f 5557/5557/5557 5731/5731/5731 5555/5555/5555 
f 4442/4442/4442 4613/4613/4613 4440/4440/4440 
f 5632/5632/5632 4698/4698/4698 4395/4395/4395 
f 5632/5632/5632 4395/4395/4395 5713/5713/5713 
f 5205/5205/5205 5346/5346/5346 5206/5206/5206 
f 5207/5207/5207 5206/5206/5206 5346/5346/5346 
f 6219/6219/6219 5367/5367/5367 5366/5366/5366 
f 4614/4614/4614 4439/4439/4439 6220/6220/6220 
f 5880/5880/5880 5391/5391/5391 5976/5976/5976 
f 5395/5395/5395 6219/6219/6219 5366/5366/5366 
f 4596/4596/4596 4636/4636/4636 4594/4594/4594 
f 6221/6221/6221 4636/4636/4636 4635/4635/4635 
f 5180/5180/5180 5179/5179/5179 5795/5795/5795 
f 6221/6221/6221 4594/4594/4594 4636/4636/4636 
f 4922/4922/4922 5178/5178/5178 5877/5877/5877 
f 5877/5877/5877 4923/4923/4923 4922/4922/4922 
f 5851/5851/5851 4443/4443/4443 5993/5993/5993 
f 4445/4445/4445 5993/5993/5993 4443/4443/4443 
f 5993/5993/5993 4303/4303/4303 5851/5851/5851 
f 4303/4303/4303 5993/5993/5993 5994/5994/5994 
f 5010/5010/5010 5012/5012/5012 6222/6222/6222 
f 5009/5009/5009 6223/6223/6223 5726/5726/5726 
f 5243/5243/5243 6224/6224/6224 5241/5241/5241 
f 6216/6216/6216 4541/4541/4541 4540/4540/4540 
f 6224/6224/6224 5243/5243/5243 6225/6225/6225 
f 5245/5245/5245 5244/5244/5244 6050/6050/6050 
f 4459/4459/4459 4458/4458/4458 5978/5978/5978 
f 4776/4776/4776 6226/6226/6226 4774/4774/4774 
f 6227/6227/6227 6228/6228/6228 4778/4778/4778 
f 5978/5978/5978 6229/6229/6229 6230/6230/6230 
f 6229/6229/6229 5978/5978/5978 4458/4458/4458 
f 6228/6228/6228 4779/4779/4779 4778/4778/4778 
f 4458/4458/4458 6231/6231/6231 6229/6229/6229 
f 6231/6231/6231 4458/4458/4458 4740/4740/4740 
f 5909/5909/5909 5375/5375/5375 5907/5907/5907 
f 5850/5850/5850 4444/4444/4444 4443/4443/4443 
f 5375/5375/5375 4805/4805/4805 6232/6232/6232 
f 6232/6232/6232 5907/5907/5907 5375/5375/5375 
f 5782/5782/5782 4818/4818/4818 4820/4820/4820 
f 4821/4821/4821 4823/4823/4823 5780/5780/5780 
f 4322/4322/4322 6233/6233/6233 5688/5688/5688 
f 6233/6233/6233 4322/4322/4322 4321/4321/4321 
f 5425/5425/5425 5819/5819/5819 5423/5423/5423 
f 5722/5722/5722 5820/5820/5820 4407/4407/4407 
f 4570/4570/4570 6067/6067/6067 4568/4568/4568 
f 4570/4570/4570 6066/6066/6066 6067/6067/6067 
f 5105/5105/5105 5937/5937/5937 5103/5103/5103 
f 5829/5829/5829 5903/5903/5903 6004/6004/6004 
f 5274/5274/5274 5339/5339/5339 5275/5275/5275 
f 5230/5230/5230 6234/6234/6234 5337/5337/5337 
f 4454/4454/4454 6235/6235/6235 4452/4452/4452 
f 6236/6236/6236 5275/5275/5275 5339/5339/5339 
f 4597/4597/4597 5777/5777/5777 5892/5892/5892 
f 5892/5892/5892 5777/5777/5777 5891/5891/5891 
f 5355/5355/5355 6017/6017/6017 6038/6038/6038 
f 5031/5031/5031 6237/6237/6237 6037/6037/6037 
f 4635/4635/4635 4596/4596/4596 5762/5762/5762 
f 4635/4635/4635 5762/5762/5762 6221/6221/6221 
f 6238/6238/6238 5945/5945/5945 5613/5613/5613 
f 6238/6238/6238 5188/5188/5188 5945/5945/5945 
f 5946/5946/5946 5402/5402/5402 5401/5401/5401 
f 4361/4361/4361 6239/6239/6239 4744/4744/4744 
f 5434/5434/5434 5022/5022/5022 5024/5024/5024 
f 5434/5434/5434 6148/6148/6148 5022/5022/5022 
f 6240/6240/6240 5017/5017/5017 6177/6177/6177 
f 5258/5258/5258 6241/6241/6241 5442/5442/5442 
f 5258/5258/5258 5257/5257/5257 6241/6241/6241 
f 5017/5017/5017 6240/6240/6240 6176/6176/6176 
f 5469/5469/5469 6242/6242/6242 5470/5470/5470 
f 4432/4432/4432 4431/4431/4431 6243/6243/6243 
f 4832/4832/4832 5472/5472/5472 4830/4830/4830 
f 5469/5469/5469 6244/6244/6244 6242/6242/6242 
f 6109/6109/6109 4979/4979/4979 4981/4981/4981 
f 4983/4983/4983 4982/4982/4982 6019/6019/6019 
f 4648/4648/4648 4389/4389/4389 4646/4646/4646 
f 4980/4980/4980 4979/4979/4979 6094/6094/6094 
f 6053/6053/6053 4768/4768/4768 4770/4770/4770 
f 6055/6055/6055 6054/6054/6054 4773/4773/4773 
f 5390/5390/5390 5838/5838/5838 5142/5142/5142 
f 5838/5838/5838 5931/5931/5931 5142/5142/5142 
f 6074/6074/6074 5042/5042/5042 6078/6078/6078 
f 4572/4572/4572 6075/6075/6075 6071/6071/6071 
f 5358/5358/5358 5357/5357/5357 6245/6245/6245 
f 4541/4541/4541 6246/6246/6246 4619/4619/4619 
f 5054/5054/5054 5162/5162/5162 5052/5052/5052 
f 5157/5157/5157 6247/6247/6247 5158/5158/5158 
f 5862/5862/5862 4858/4858/4858 6163/6163/6163 
f 4857/4857/4857 6163/6163/6163 4858/4858/4858 
f 5675/5675/5675 5678/5678/5678 6248/6248/6248 
f 5145/5145/5145 6249/6249/6249 5143/5143/5143 
f 5626/5626/5626 5628/5628/5628 5678/5678/5678 
f 5144/5144/5144 5143/5143/5143 5629/5629/5629 
f 5602/5602/5602 5272/5272/5272 5271/5271/5271 
f 4450/4450/4450 6250/6250/6250 4672/4672/4672 
f 6251/6251/6251 4351/4351/4351 4626/4626/4626 
f 4626/4626/4626 6007/6007/6007 6251/6251/6251 
f 4814/4814/4814 6252/6252/6252 4812/4812/4812 
f 4425/4425/4425 4643/4643/4643 4426/4426/4426 
f 4814/4814/4814 6253/6253/6253 6252/6252/6252 
f 4812/4812/4812 6252/6252/6252 6253/6253/6253 
f 5271/5271/5271 5957/5957/5957 6254/6254/6254 
f 5275/5275/5275 6255/6255/6255 5273/5273/5273 
f 5170/5170/5170 6256/6256/6256 5168/5168/5168 
f 5698/5698/5698 4388/4388/4388 4387/4387/4387 
f 5336/5336/5336 5951/5951/5951 5334/5334/5334 
f 6171/6171/6171 6257/6257/6257 5333/5333/5333 
f 5022/5022/5022 6258/6258/6258 6259/6259/6259 
f 5019/5019/5019 5021/5021/5021 5416/5416/5416 
f 5023/5023/5023 5022/5022/5022 6259/6259/6259 
f 6259/6259/6259 6258/6258/6258 5023/5023/5023 
f 6260/6260/6260 5021/5021/5021 5020/5020/5020 
f 5021/5021/5021 6260/6260/6260 5416/5416/5416 
f 4959/4959/4959 4958/4958/4958 6261/6261/6261 
f 4372/4372/4372 4371/4371/4371 6262/6262/6262 
f 6261/6261/6261 6263/6263/6263 4959/4959/4959 
f 6264/6264/6264 6262/6262/6262 4371/4371/4371 
f 5459/5459/5459 4952/4952/4952 5770/5770/5770 
f 4729/4729/4729 5769/5769/5769 6265/6265/6265 
f 5874/5874/5874 4563/4563/4563 4562/4562/4562 
f 4563/4563/4563 5874/5874/5874 4564/4564/4564 
f 6266/6266/6266 5874/5874/5874 4562/4562/4562 
f 5874/5874/5874 6266/6266/6266 5873/5873/5873 
f 5821/5821/5821 6267/6267/6267 4926/4926/4926 
f 4562/4562/4562 6268/6268/6268 6266/6266/6266 
f 4546/4546/4546 4545/4545/4545 5884/5884/5884 
f 4545/4545/4545 4728/4728/4728 5884/5884/5884 
f 4953/4953/4953 6269/6269/6269 4951/4951/4951 
f 6269/6269/6269 4952/4952/4952 4951/4951/4951 
f 6270/6270/6270 5227/5227/5227 6082/6082/6082 
f 6082/6082/6082 5604/5604/5604 6270/6270/6270 
f 6271/6271/6271 5650/5650/5650 4808/4808/4808 
f 4808/4808/4808 4807/4807/4807 6271/6271/6271 
f 5655/5655/5655 6272/6272/6272 5654/5654/5654 
f 5652/5652/5652 6002/6002/6002 5656/5656/5656 
f 6179/6179/6179 5868/5868/5868 5869/5869/5869 
f 5427/5427/5427 5753/5753/5753 5428/5428/5428 
f 4738/4738/4738 4524/4524/4524 5750/5750/5750 
f 4526/4526/4526 5750/5750/5750 4524/4524/4524 
f 6180/6180/6180 4738/4738/4738 5868/5868/5868 
f 5750/5750/5750 5868/5868/5868 4738/4738/4738 
f 4620/4620/4620 4536/4536/4536 6273/6273/6273 
f 5360/5360/5360 5243/5243/5243 5242/5242/5242 
f 5912/5912/5912 4840/4840/4840 5914/5914/5914 
f 4836/4836/4836 5631/5631/5631 6274/6274/6274 
f 4989/4989/4989 6275/6275/6275 5343/5343/5343 
f 5342/5342/5342 6276/6276/6276 5340/5340/5340 
f 4589/4589/4589 5709/5709/5709 4590/4590/4590 
f 4588/4588/4588 5942/5942/5942 4589/4589/4589 
f 5942/5942/5942 4683/4683/4683 5709/5709/5709 
f 5709/5709/5709 4589/4589/4589 5942/5942/5942 

g Part104

v 4.81359 5.46852 53.6061 
v 4.99036 5.46853 53.4293 
v 4.95226 5.46853 53.3981 
v 4.89264 5.46851 53.3689 
v 4.81358 5.4685 53.3561 
v 4.73452 5.46849 53.3689 
v 4.67491 5.46848 53.3981 
v 4.63681 5.46848 53.4293 
v 4.63681 5.46848 53.4293 
v 4.60557 5.46848 53.4674 
v 4.57641 5.46848 53.527 
v 4.56359 5.46848 53.6061 
v 4.57642 5.46849 53.6851 
v 4.60558 5.4685 53.7448 
v 4.63682 5.46851 53.7829 
v 4.63682 5.46851 53.7829 
v 4.67492 5.46851 53.8141 
v 4.73454 5.46853 53.8432 
v 4.81359 5.46854 53.8561 
v 4.89265 5.46855 53.8432 
v 4.95227 5.46856 53.8141 
v 4.99037 5.46856 53.7828 
v 4.99037 5.46856 53.7828 
v 5.0216 5.46856 53.7447 
v 5.05076 5.46856 53.6851 
v 5.06359 5.46856 53.6061 
v 5.05076 5.46855 53.527 
v 5.0216 5.46854 53.4674 
v 4.99036 5.46853 53.4293 
v 4.98973 9.46856 53.7825 
v 4.99037 5.46856 53.7828 
v 5.02096 9.46856 53.7444 
v 5.0216 5.46856 53.7447 
v 5.05012 9.46856 53.6848 
v 5.05076 5.46856 53.6851 
v 5.06295 9.46856 53.6058 
v 5.06359 5.46856 53.6061 
v 5.05011 9.46855 53.5267 
v 5.05076 5.46855 53.527 
v 5.02096 9.46854 53.4671 
v 5.0216 5.46854 53.4674 
v 4.98972 9.46853 53.429 
v 4.99036 5.46853 53.4293 
v 4.99037 5.46856 53.7828 
v 4.98973 9.46856 53.7825 
v 4.95227 5.46856 53.8141 
v 4.95163 9.46856 53.8138 
v 4.89265 5.46855 53.8432 
v 4.89201 9.46855 53.8429 
v 4.81359 5.46854 53.8561 
v 4.81295 9.46854 53.8558 
v 4.73454 5.46853 53.8432 
v 4.7339 9.46853 53.8429 
v 4.67492 5.46851 53.8141 
v 4.67428 9.46851 53.8138 
v 4.63682 5.46851 53.7829 
v 4.63617 9.46851 53.7825 
v 4.81295 9.46852 53.6058 
v 4.98973 9.46856 53.7825 
v 4.95163 9.46856 53.8138 
v 4.89201 9.46855 53.8429 
v 4.81295 9.46854 53.8558 
v 4.7339 9.46853 53.8429 
v 4.67428 9.46851 53.8138 
v 4.63617 9.46851 53.7825 
v 4.63617 9.46851 53.7825 
v 4.60494 9.4685 53.7444 
v 4.57578 9.46849 53.6848 
v 4.56295 9.46848 53.6058 
v 4.57577 9.46848 53.5267 
v 4.60493 9.46848 53.4671 
v 4.63616 9.46848 53.429 
v 4.63616 9.46848 53.429 
v 4.67427 9.46848 53.3978 
v 4.73388 9.46849 53.3686 
v 4.81294 9.4685 53.3558 
v 4.892 9.46851 53.3686 
v 4.95162 9.46853 53.3977 
v 4.98972 9.46853 53.429 
v 4.98972 9.46853 53.429 
v 5.02096 9.46854 53.4671 
v 5.05011 9.46855 53.5267 
v 5.06295 9.46856 53.6058 
v 5.05012 9.46856 53.6848 
v 5.02096 9.46856 53.7444 
v 4.98973 9.46856 53.7825 
v 4.63616 9.46848 53.429 
v 4.63681 5.46848 53.4293 
v 4.60493 9.46848 53.4671 
v 4.60557 5.46848 53.4674 
v 4.57577 9.46848 53.5267 
v 4.57641 5.46848 53.527 
v 4.56295 9.46848 53.6058 
v 4.56359 5.46848 53.6061 
v 4.57578 9.46849 53.6848 
v 4.57642 5.46849 53.6851 
v 4.60494 9.4685 53.7444 
v 4.60558 5.4685 53.7448 
v 4.63617 9.46851 53.7825 
v 4.63682 5.46851 53.7829 
v 4.98972 9.46853 53.429 
v 4.99036 5.46853 53.4293 
v 4.95162 9.46853 53.3977 
v 4.95226 5.46853 53.3981 
v 4.892 9.46851 53.3686 
v 4.89264 5.46851 53.3689 
v 4.81294 9.4685 53.3558 
v 4.81358 5.4685 53.3561 
v 4.73388 9.46849 53.3686 
v 4.73452 5.46849 53.3689 
v 4.67427 9.46848 53.3978 
v 4.67491 5.46848 53.3981 
v 4.63616 9.46848 53.429 
v 4.63681 5.46848 53.4293 

vn 0 -1 0 
vn 0 -1 0 
vn 0 -1 0 
vn 0 -1 0 
vn 0 -1 0 
vn 0 -1 0 
vn 0 -1 0 
vn 0 -1 0 
vn 0 -1 0 
vn 0 -1 0 
vn 0 -1 0 
vn 0 -1 0 
vn 0 -1 0 
vn 0 -1 0 
vn 0 -1 0 
vn 0 -1 0 
vn 0 -1 0 
vn 0 -1 0 
vn 0 -1 0 
vn 0 -1 0 
vn 0 -1 0 
vn 0 -1 0 
vn 0 -1 0 
vn 0 -1 0 
vn 0 -1 0 
vn 0 -1 0 
vn 0 -1 0 
vn 0 -1 0 
vn 0 -1 0 
vn 0.708661 0 0.708661 
vn 0.708661 0 0.708661 
vn 0.834646 0 0.551181 
vn 0.834646 0 0.551181 
vn 0.944882 0 0.314961 
vn 0.944882 0 0.314961 
vn 1 0 0 
vn 1 0 0 
vn 0.944882 0 -0.314961 
vn 0.944882 0 -0.314961 
vn 0.834646 0 -0.551181 
vn 0.834646 0 -0.551181 
vn 0.708661 0 -0.708661 
vn 0.708661 0 -0.708661 
vn 0.708661 0 0.708661 
vn 0.708661 0 0.708661 
vn 0.551181 0 0.834646 
vn 0.551181 0 0.834646 
vn 0.314961 0 0.944882 
vn 0.314961 0 0.944882 
vn 0 0 1 
vn 0 0 1 
vn -0.314961 0 0.944882 
vn -0.314961 0 0.944882 
vn -0.551181 0 0.834646 
vn -0.551181 0 0.834646 
vn -0.708661 0 0.708661 
vn -0.708661 0 0.708661 
vn 0 1 0 
vn 0 1 0 
vn 0 1 0 
vn 0 1 0 
vn 0 1 0 
vn 0 1 0 
vn 0 1 0 
vn 0 1 0 
vn 0 1 0 
vn 0 1 0 
vn 0 1 0 
vn 0 1 0 
vn 0 1 0 
vn 0 1 0 
vn 0 1 0 
vn 0 1 0 
vn 0 1 0 
vn 0 1 0 
vn 0 1 0 
vn 0 1 0 
vn 0 1 0 
vn 0 1 0 
vn 0 1 0 
vn 0 1 0 
vn 0 1 0 
vn 0 1 0 
vn 0 1 0 
vn 0 1 0 
vn 0 1 0 
vn -0.708661 0 -0.708661 
vn -0.708661 0 -0.708661 
vn -0.834646 0 -0.551181 
vn -0.834646 0 -0.551181 
vn -0.944882 0 -0.314961 
vn -0.944882 0 -0.314961 
vn -1 0 0 
vn -1 0 0 
vn -0.944882 0 0.314961 
vn -0.944882 0 0.314961 
vn -0.834646 0 0.551181 
vn -0.834646 0 0.551181 
vn -0.708661 0 0.708661 
vn -0.708661 0 0.708661 
vn 0.708661 0 -0.708661 
vn 0.708661 0 -0.708661 
vn 0.551181 0 -0.834646 
vn 0.551181 0 -0.834646 
vn 0.314961 0 -0.944882 
vn 0.314961 0 -0.944882 
vn 0 0 -1 
vn 0 0 -1 
vn -0.314961 0 -0.944882 
vn -0.314961 0 -0.944882 
vn -0.551181 0 -0.834646 
vn -0.551181 0 -0.834646 
vn -0.708661 0 -0.708661 
vn -0.708661 0 -0.708661 

vt 5.53125 -6.03125 
vt 5.55335 -6.05335 
vt 5.54858 -6.05725 
vt 5.54113 -6.0609 
vt 5.53125 -6.0625 
vt 5.52137 -6.0609 
vt 5.51392 -6.05725 
vt 5.50915 -6.05335 
vt 5.50915 -6.05335 
vt 5.50525 -6.04858 
vt 5.5016 -6.04113 
vt 5.5 -6.03125 
vt 5.5016 -6.02137 
vt 5.50525 -6.01392 
vt 5.50915 -6.00915 
vt 5.50915 -6.00915 
vt 5.51392 -6.00525 
vt 5.52137 -6.0016 
vt 5.53125 -6 
vt 5.54113 -6.0016 
vt 5.54858 -6.00525 
vt 5.55335 -6.00915 
vt 5.55335 -6.00915 
vt 5.55725 -6.01392 
vt 5.5609 -6.02137 
vt 5.5625 -6.03125 
vt 5.5609 -6.04113 
vt 5.55725 -6.04858 
vt 5.55335 -6.05335 
vt 11.5 -13 
vt 11 -13 
vt 11.5 -13.0104 
vt 11 -13.0104 
vt 11.5 -13.0208 
vt 11 -13.0208 
vt 11.5 -13.0312 
vt 11 -13.0312 
vt 11.5 -13.0417 
vt 11 -13.0417 
vt 11.5 -13.0521 
vt 11 -13.0521 
vt 11.5 -13.0625 
vt 11 -13.0625 
vt 11.5 -13 
vt 11 -13 
vt 11.5 -13.0104 
vt 11 -13.0104 
vt 11.5 -13.0208 
vt 11 -13.0208 
vt 11.5 -13.0312 
vt 11 -13.0312 
vt 11.5 -13.0417 
vt 11 -13.0417 
vt 11.5 -13.0521 
vt 11 -13.0521 
vt 11.5 -13.0625 
vt 11 -13.0625 
vt 5.53125 -6.03125 
vt 5.50915 -6.00915 
vt 5.51392 -6.00525 
vt 5.52137 -6.0016 
vt 5.53125 -6 
vt 5.54113 -6.0016 
vt 5.54858 -6.00525 
vt 5.55335 -6.00915 
vt 5.55335 -6.00915 
vt 5.55725 -6.01392 
vt 5.5609 -6.02137 
vt 5.5625 -6.03125 
vt 5.5609 -6.04113 
vt 5.55725 -6.04858 
vt 5.55335 -6.05335 
vt 5.55335 -6.05335 
vt 5.54858 -6.05725 
vt 5.54113 -6.0609 
vt 5.53125 -6.0625 
vt 5.52137 -6.0609 
vt 5.51392 -6.05725 
vt 5.50915 -6.05335 
vt 5.50915 -6.05335 
vt 5.50525 -6.04858 
vt 5.5016 -6.04113 
vt 5.5 -6.03125 
vt 5.5016 -6.02137 
vt 5.50525 -6.01392 
vt 5.50915 -6.00915 
vt 11.5 -13 
vt 11 -13 
vt 11.5 -13.0104 
vt 11 -13.0104 
vt 11.5 -13.0208 
vt 11 -13.0208 
vt 11.5 -13.0312 
vt 11 -13.0312 
vt 11.5 -13.0417 
vt 11 -13.0417 
vt 11.5 -13.0521 
vt 11 -13.0521 
vt 11.5 -13.0625 
vt 11 -13.0625 
vt 11.5 -13 
vt 11 -13 
vt 11.5 -13.0104 
vt 11 -13.0104 
vt 11.5 -13.0208 
vt 11 -13.0208 
vt 11.5 -13.0312 
vt 11 -13.0312 
vt 11.5 -13.0417 
vt 11 -13.0417 
vt 11.5 -13.0521 
vt 11 -13.0521 
vt 11.5 -13.0625 
vt 11 -13.0625 

usemtl Part68Mtl

f 6277/6277/6277 6279/6279/6279 6278/6278/6278 
f 6277/6277/6277 6280/6280/6280 6279/6279/6279 
f 6277/6277/6277 6281/6281/6281 6280/6280/6280 
f 6277/6277/6277 6282/6282/6282 6281/6281/6281 
f 6277/6277/6277 6283/6283/6283 6282/6282/6282 
f 6277/6277/6277 6284/6284/6284 6283/6283/6283 
f 6277/6277/6277 6286/6286/6286 6285/6285/6285 
f 6277/6277/6277 6287/6287/6287 6286/6286/6286 
f 6277/6277/6277 6288/6288/6288 6287/6287/6287 
f 6277/6277/6277 6289/6289/6289 6288/6288/6288 
f 6277/6277/6277 6290/6290/6290 6289/6289/6289 
f 6277/6277/6277 6291/6291/6291 6290/6290/6290 
f 6277/6277/6277 6293/6293/6293 6292/6292/6292 
f 6277/6277/6277 6294/6294/6294 6293/6293/6293 
f 6277/6277/6277 6295/6295/6295 6294/6294/6294 
f 6277/6277/6277 6296/6296/6296 6295/6295/6295 
f 6277/6277/6277 6297/6297/6297 6296/6296/6296 
f 6277/6277/6277 6298/6298/6298 6297/6297/6297 
f 6277/6277/6277 6300/6300/6300 6299/6299/6299 
f 6277/6277/6277 6301/6301/6301 6300/6300/6300 
f 6277/6277/6277 6302/6302/6302 6301/6301/6301 
f 6277/6277/6277 6303/6303/6303 6302/6302/6302 
f 6277/6277/6277 6304/6304/6304 6303/6303/6303 
f 6277/6277/6277 6305/6305/6305 6304/6304/6304 
f 6306/6306/6306 6307/6307/6307 6308/6308/6308 
f 6308/6308/6308 6307/6307/6307 6309/6309/6309 
f 6308/6308/6308 6309/6309/6309 6310/6310/6310 
f 6310/6310/6310 6309/6309/6309 6311/6311/6311 
f 6310/6310/6310 6311/6311/6311 6312/6312/6312 
f 6312/6312/6312 6311/6311/6311 6313/6313/6313 
f 6312/6312/6312 6313/6313/6313 6314/6314/6314 
f 6314/6314/6314 6313/6313/6313 6315/6315/6315 
f 6314/6314/6314 6315/6315/6315 6316/6316/6316 
f 6316/6316/6316 6315/6315/6315 6317/6317/6317 
f 6316/6316/6316 6317/6317/6317 6318/6318/6318 
f 6318/6318/6318 6317/6317/6317 6319/6319/6319 
f 6320/6320/6320 6321/6321/6321 6322/6322/6322 
f 6322/6322/6322 6321/6321/6321 6323/6323/6323 
f 6322/6322/6322 6323/6323/6323 6324/6324/6324 
f 6324/6324/6324 6323/6323/6323 6325/6325/6325 
f 6324/6324/6324 6325/6325/6325 6326/6326/6326 
f 6326/6326/6326 6325/6325/6325 6327/6327/6327 
f 6326/6326/6326 6327/6327/6327 6328/6328/6328 
f 6328/6328/6328 6327/6327/6327 6329/6329/6329 
f 6328/6328/6328 6329/6329/6329 6330/6330/6330 
f 6330/6330/6330 6329/6329/6329 6331/6331/6331 
f 6330/6330/6330 6331/6331/6331 6332/6332/6332 
f 6332/6332/6332 6331/6331/6331 6333/6333/6333 
f 6334/6334/6334 6336/6336/6336 6335/6335/6335 
f 6334/6334/6334 6337/6337/6337 6336/6336/6336 
f 6334/6334/6334 6338/6338/6338 6337/6337/6337 
f 6334/6334/6334 6339/6339/6339 6338/6338/6338 
f 6334/6334/6334 6340/6340/6340 6339/6339/6339 
f 6334/6334/6334 6341/6341/6341 6340/6340/6340 
f 6334/6334/6334 6343/6343/6343 6342/6342/6342 
f 6334/6334/6334 6344/6344/6344 6343/6343/6343 
f 6334/6334/6334 6345/6345/6345 6344/6344/6344 
f 6334/6334/6334 6346/6346/6346 6345/6345/6345 
f 6334/6334/6334 6347/6347/6347 6346/6346/6346 
f 6334/6334/6334 6348/6348/6348 6347/6347/6347 
f 6334/6334/6334 6350/6350/6350 6349/6349/6349 
f 6334/6334/6334 6351/6351/6351 6350/6350/6350 
f 6334/6334/6334 6352/6352/6352 6351/6351/6351 
f 6334/6334/6334 6353/6353/6353 6352/6352/6352 
f 6334/6334/6334 6354/6354/6354 6353/6353/6353 
f 6334/6334/6334 6355/6355/6355 6354/6354/6354 
f 6334/6334/6334 6357/6357/6357 6356/6356/6356 
f 6334/6334/6334 6358/6358/6358 6357/6357/6357 
f 6334/6334/6334 6359/6359/6359 6358/6358/6358 
f 6334/6334/6334 6360/6360/6360 6359/6359/6359 
f 6334/6334/6334 6361/6361/6361 6360/6360/6360 
f 6334/6334/6334 6362/6362/6362 6361/6361/6361 
f 6363/6363/6363 6364/6364/6364 6365/6365/6365 
f 6365/6365/6365 6364/6364/6364 6366/6366/6366 
f 6365/6365/6365 6366/6366/6366 6367/6367/6367 
f 6367/6367/6367 6366/6366/6366 6368/6368/6368 
f 6367/6367/6367 6368/6368/6368 6369/6369/6369 
f 6369/6369/6369 6368/6368/6368 6370/6370/6370 
f 6369/6369/6369 6370/6370/6370 6371/6371/6371 
f 6371/6371/6371 6370/6370/6370 6372/6372/6372 
f 6371/6371/6371 6372/6372/6372 6373/6373/6373 
f 6373/6373/6373 6372/6372/6372 6374/6374/6374 
f 6373/6373/6373 6374/6374/6374 6375/6375/6375 
f 6375/6375/6375 6374/6374/6374 6376/6376/6376 
f 6377/6377/6377 6378/6378/6378 6379/6379/6379 
f 6379/6379/6379 6378/6378/6378 6380/6380/6380 
f 6379/6379/6379 6380/6380/6380 6381/6381/6381 
f 6381/6381/6381 6380/6380/6380 6382/6382/6382 
f 6381/6381/6381 6382/6382/6382 6383/6383/6383 
f 6383/6383/6383 6382/6382/6382 6384/6384/6384 
f 6383/6383/6383 6384/6384/6384 6385/6385/6385 
f 6385/6385/6385 6384/6384/6384 6386/6386/6386 
f 6385/6385/6385 6386/6386/6386 6387/6387/6387 
f 6387/6387/6387 6386/6386/6386 6388/6388/6388 
f 6387/6387/6387 6388/6388/6388 6389/6389/6389 
f 6389/6389/6389 6388/6388/6388 6390/6390/6390 

g Part105

v 5.28207 1.86871 55.6628 
v 5.7997 1.86861 53.7309 
v 5.41078 1.86856 53.6669 
v 4.8811 1.86851 53.7034 
v 4.28206 1.86846 53.9307 
v 3.78566 1.86844 54.3358 
v 3.48925 1.86845 54.7763 
v 3.35022 1.86847 55.1452 
v 3.35022 1.86847 55.1452 
v 3.28622 1.86849 55.5341 
v 3.32268 1.86854 56.0638 
v 3.55002 1.86861 56.6628 
v 3.95514 1.8687 57.1592 
v 4.39562 1.86877 57.4556 
v 4.76444 1.86882 57.5946 
v 4.76444 1.86882 57.5946 
v 5.15336 1.86887 57.6586 
v 5.68304 1.86892 57.6222 
v 6.28208 1.86896 57.3948 
v 6.77848 1.86898 56.9897 
v 7.07489 1.86898 56.5492 
v 7.21392 1.86896 56.1804 
v 7.21392 1.86896 56.1804 
v 7.27792 1.86893 55.7915 
v 7.24146 1.86889 55.2618 
v 7.01412 1.86881 54.6628 
v 6.609 1.86873 54.1664 
v 6.16852 1.86866 53.87 
v 5.7997 1.86861 53.7309 
v 7.21354 5.46896 56.1801 
v 7.21392 1.86896 56.1804 
v 7.27754 5.46894 55.7912 
v 7.27792 1.86893 55.7915 
v 7.24108 5.46889 55.2615 
v 7.24146 1.86889 55.2618 
v 7.01374 5.46881 54.6625 
v 7.01412 1.86881 54.6628 
v 6.60862 5.46873 54.1661 
v 6.609 1.86873 54.1664 
v 6.16813 5.46866 53.8697 
v 6.16852 1.86866 53.87 
v 5.79932 5.46861 53.7306 
v 5.7997 1.86861 53.7309 
v 7.21392 1.86896 56.1804 
v 7.21354 5.46896 56.1801 
v 7.07489 1.86898 56.5492 
v 7.07451 5.46898 56.5489 
v 6.77848 1.86898 56.9897 
v 6.7781 5.46898 56.9894 
v 6.28208 1.86896 57.3948 
v 6.2817 5.46896 57.3945 
v 5.68304 1.86892 57.6222 
v 5.68266 5.46892 57.6219 
v 5.15336 1.86887 57.6586 
v 5.15298 5.46887 57.6583 
v 4.76444 1.86882 57.5946 
v 4.76406 5.46882 57.5943 
v 5.28169 5.46871 55.6625 
v 7.21354 5.46896 56.1801 
v 7.07451 5.46898 56.5489 
v 6.7781 5.46898 56.9894 
v 6.2817 5.46896 57.3945 
v 5.68266 5.46892 57.6219 
v 5.15298 5.46887 57.6583 
v 4.76406 5.46882 57.5943 
v 4.76406 5.46882 57.5943 
v 4.39524 5.46877 57.4553 
v 3.95476 5.4687 57.1589 
v 3.54964 5.46861 56.6625 
v 3.3223 5.46854 56.0634 
v 3.28583 5.46849 55.5338 
v 3.34984 5.46847 55.1449 
v 3.34984 5.46847 55.1449 
v 3.48887 5.46845 54.776 
v 3.78528 5.46844 54.3355 
v 4.28168 5.46846 53.9304 
v 4.88072 5.46851 53.7031 
v 5.4104 5.46856 53.6666 
v 5.79932 5.46861 53.7306 
v 5.79932 5.46861 53.7306 
v 6.16813 5.46866 53.8697 
v 6.60862 5.46873 54.1661 
v 7.01374 5.46881 54.6625 
v 7.24108 5.46889 55.2615 
v 7.27754 5.46894 55.7912 
v 7.21354 5.46896 56.1801 
v 3.34984 5.46847 55.1449 
v 3.35022 1.86847 55.1452 
v 3.28583 5.46849 55.5338 
v 3.28622 1.86849 55.5341 
v 3.3223 5.46854 56.0634 
v 3.32268 1.86854 56.0638 
v 3.54964 5.46861 56.6625 
v 3.55002 1.86861 56.6628 
v 3.95476 5.4687 57.1589 
v 3.95514 1.8687 57.1592 
v 4.39524 5.46877 57.4553 
v 4.39562 1.86877 57.4556 
v 4.76406 5.46882 57.5943 
v 4.76444 1.86882 57.5946 
v 5.79932 5.46861 53.7306 
v 5.7997 1.86861 53.7309 
v 5.4104 5.46856 53.6666 
v 5.41078 1.86856 53.6669 
v 4.88072 5.46851 53.7031 
v 4.8811 1.86851 53.7034 
v 4.28168 5.46846 53.9304 
v 4.28206 1.86846 53.9307 
v 3.78528 5.46844 54.3355 
v 3.78566 1.86844 54.3358 
v 3.48887 5.46845 54.776 
v 3.48925 1.86845 54.7763 
v 3.34984 5.46847 55.1449 
v 3.35022 1.86847 55.1452 

vn 0 -1 0 
vn 0 -1 0 
vn 0 -1 0 
vn 0 -1 0 
vn 0 -1 0 
vn 0 -1 0 
vn 0 -1 0 
vn 0 -1 0 
vn 0 -1 0 
vn 0 -1 0 
vn 0 -1 0 
vn 0 -1 0 
vn 0 -1 0 
vn 0 -1 0 
vn 0 -1 0 
vn 0 -1 0 
vn 0 -1 0 
vn 0 -1 0 
vn 0 -1 0 
vn 0 -1 0 
vn 0 -1 0 
vn 0 -1 0 
vn 0 -1 0 
vn 0 -1 0 
vn 0 -1 0 
vn 0 -1 0 
vn 0 -1 0 
vn 0 -1 0 
vn 0 -1 0 
vn 0.968504 0 0.259843 
vn 0.968504 0 0.259843 
vn 1 0 0.0629921 
vn 1 0 0.0629921 
vn 0.976378 0 -0.19685 
vn 0.976378 0 -0.19685 
vn 0.866142 0 -0.503937 
vn 0.866142 0 -0.503937 
vn 0.661417 0 -0.748031 
vn 0.661417 0 -0.748031 
vn 0.440945 0 -0.897638 
vn 0.440945 0 -0.897638 
vn 0.259843 0 -0.968504 
vn 0.259843 0 -0.968504 
vn 0.968504 0 0.259843 
vn 0.968504 0 0.259843 
vn 0.897638 0 0.440945 
vn 0.897638 0 0.440945 
vn 0.748031 0 0.661417 
vn 0.748031 0 0.661417 
vn 0.503937 0 0.866142 
vn 0.503937 0 0.866142 
vn 0.19685 0 0.976378 
vn 0.19685 0 0.976378 
vn -0.0629921 0 1 
vn -0.0629921 0 1 
vn -0.259843 0 0.968504 
vn -0.259843 0 0.968504 
vn 0 1 0 
vn 0 1 0 
vn 0 1 0 
vn 0 1 0 
vn 0 1 0 
vn 0 1 0 
vn 0 1 0 
vn 0 1 0 
vn 0 1 0 
vn 0 1 0 
vn 0 1 0 
vn 0 1 0 
vn 0 1 0 
vn 0 1 0 
vn 0 1 0 
vn 0 1 0 
vn 0 1 0 
vn 0 1 0 
vn 0 1 0 
vn 0 1 0 
vn 0 1 0 
vn 0 1 0 
vn 0 1 0 
vn 0 1 0 
vn 0 1 0 
vn 0 1 0 
vn 0 1 0 
vn 0 1 0 
vn 0 1 0 
vn -0.968504 0 -0.259843 
vn -0.968504 0 -0.259843 
vn -1 0 -0.0629921 
vn -1 0 -0.0629921 
vn -0.976378 0 0.19685 
vn -0.976378 0 0.19685 
vn -0.866142 0 0.503937 
vn -0.866142 0 0.503937 
vn -0.661417 0 0.748031 
vn -0.661417 0 0.748031 
vn -0.440945 0 0.897638 
vn -0.440945 0 0.897638 
vn -0.259843 0 0.968504 
vn -0.259843 0 0.968504 
vn 0.259843 0 -0.968504 
vn 0.259843 0 -0.968504 
vn 0.0629921 0 -1 
vn 0.0629921 0 -1 
vn -0.19685 0 -0.976378 
vn -0.19685 0 -0.976378 
vn -0.503937 0 -0.866142 
vn -0.503937 0 -0.866142 
vn -0.748031 0 -0.661417 
vn -0.748031 0 -0.661417 
vn -0.897638 0 -0.440945 
vn -0.897638 0 -0.440945 
vn -0.968504 0 -0.259843 
vn -0.968504 0 -0.259843 

vt 5 -4.25 
vt 5.17678 -4.42678 
vt 5.13868 -4.45801 
vt 5.07906 -4.48717 
vt 5 -4.5 
vt 4.92094 -4.48717 
vt 4.86132 -4.45801 
vt 4.82322 -4.42678 
vt 4.82322 -4.42678 
vt 4.79199 -4.38868 
vt 4.76283 -4.32906 
vt 4.75 -4.25 
vt 4.76283 -4.17094 
vt 4.79199 -4.11132 
vt 4.82322 -4.07322 
vt 4.82322 -4.07322 
vt 4.86132 -4.04199 
vt 4.92094 -4.01283 
vt 5 -4 
vt 5.07906 -4.01283 
vt 5.13868 -4.04199 
vt 5.17678 -4.07322 
vt 5.17678 -4.07322 
vt 5.20801 -4.11132 
vt 5.23717 -4.17094 
vt 5.25 -4.25 
vt 5.23717 -4.32906 
vt 5.20801 -4.38868 
vt 5.17678 -4.42678 
vt 9.95 -9 
vt 9.5 -9 
vt 9.95 -9.08333 
vt 9.5 -9.08333 
vt 9.95 -9.16667 
vt 9.5 -9.16667 
vt 9.95 -9.25 
vt 9.5 -9.25 
vt 9.95 -9.33333 
vt 9.5 -9.33333 
vt 9.95 -9.41667 
vt 9.5 -9.41667 
vt 9.95 -9.5 
vt 9.5 -9.5 
vt 9.95 -9 
vt 9.5 -9 
vt 9.95 -9.08333 
vt 9.5 -9.08333 
vt 9.95 -9.16667 
vt 9.5 -9.16667 
vt 9.95 -9.25 
vt 9.5 -9.25 
vt 9.95 -9.33333 
vt 9.5 -9.33333 
vt 9.95 -9.41667 
vt 9.5 -9.41667 
vt 9.95 -9.5 
vt 9.5 -9.5 
vt 5 -4.25 
vt 4.82322 -4.07322 
vt 4.86132 -4.04199 
vt 4.92094 -4.01283 
vt 5 -4 
vt 5.07906 -4.01283 
vt 5.13868 -4.04199 
vt 5.17678 -4.07322 
vt 5.17678 -4.07322 
vt 5.20801 -4.11132 
vt 5.23717 -4.17094 
vt 5.25 -4.25 
vt 5.23717 -4.32906 
vt 5.20801 -4.38868 
vt 5.17678 -4.42678 
vt 5.17678 -4.42678 
vt 5.13868 -4.45801 
vt 5.07906 -4.48717 
vt 5 -4.5 
vt 4.92094 -4.48717 
vt 4.86132 -4.45801 
vt 4.82322 -4.42678 
vt 4.82322 -4.42678 
vt 4.79199 -4.38868 
vt 4.76283 -4.32906 
vt 4.75 -4.25 
vt 4.76283 -4.17094 
vt 4.79199 -4.11132 
vt 4.82322 -4.07322 
vt 9.95 -9 
vt 9.5 -9 
vt 9.95 -9.08333 
vt 9.5 -9.08333 
vt 9.95 -9.16667 
vt 9.5 -9.16667 
vt 9.95 -9.25 
vt 9.5 -9.25 
vt 9.95 -9.33333 
vt 9.5 -9.33333 
vt 9.95 -9.41667 
vt 9.5 -9.41667 
vt 9.95 -9.5 
vt 9.5 -9.5 
vt 9.95 -9 
vt 9.5 -9 
vt 9.95 -9.08333 
vt 9.5 -9.08333 
vt 9.95 -9.16667 
vt 9.5 -9.16667 
vt 9.95 -9.25 
vt 9.5 -9.25 
vt 9.95 -9.33333 
vt 9.5 -9.33333 
vt 9.95 -9.41667 
vt 9.5 -9.41667 
vt 9.95 -9.5 
vt 9.5 -9.5 

usemtl Part70Mtl

f 6391/6391/6391 6393/6393/6393 6392/6392/6392 
f 6391/6391/6391 6394/6394/6394 6393/6393/6393 
f 6391/6391/6391 6395/6395/6395 6394/6394/6394 
f 6391/6391/6391 6396/6396/6396 6395/6395/6395 
f 6391/6391/6391 6397/6397/6397 6396/6396/6396 
f 6391/6391/6391 6398/6398/6398 6397/6397/6397 
f 6391/6391/6391 6400/6400/6400 6399/6399/6399 
f 6391/6391/6391 6401/6401/6401 6400/6400/6400 
f 6391/6391/6391 6402/6402/6402 6401/6401/6401 
f 6391/6391/6391 6403/6403/6403 6402/6402/6402 
f 6391/6391/6391 6404/6404/6404 6403/6403/6403 
f 6391/6391/6391 6405/6405/6405 6404/6404/6404 
f 6391/6391/6391 6407/6407/6407 6406/6406/6406 
f 6391/6391/6391 6408/6408/6408 6407/6407/6407 
f 6391/6391/6391 6409/6409/6409 6408/6408/6408 
f 6391/6391/6391 6410/6410/6410 6409/6409/6409 
f 6391/6391/6391 6411/6411/6411 6410/6410/6410 
f 6391/6391/6391 6412/6412/6412 6411/6411/6411 
f 6391/6391/6391 6414/6414/6414 6413/6413/6413 
f 6391/6391/6391 6415/6415/6415 6414/6414/6414 
f 6391/6391/6391 6416/6416/6416 6415/6415/6415 
f 6391/6391/6391 6417/6417/6417 6416/6416/6416 
f 6391/6391/6391 6418/6418/6418 6417/6417/6417 
f 6391/6391/6391 6419/6419/6419 6418/6418/6418 
f 6420/6420/6420 6421/6421/6421 6422/6422/6422 
f 6422/6422/6422 6421/6421/6421 6423/6423/6423 
f 6422/6422/6422 6423/6423/6423 6424/6424/6424 
f 6424/6424/6424 6423/6423/6423 6425/6425/6425 
f 6424/6424/6424 6425/6425/6425 6426/6426/6426 
f 6426/6426/6426 6425/6425/6425 6427/6427/6427 
f 6426/6426/6426 6427/6427/6427 6428/6428/6428 
f 6428/6428/6428 6427/6427/6427 6429/6429/6429 
f 6428/6428/6428 6429/6429/6429 6430/6430/6430 
f 6430/6430/6430 6429/6429/6429 6431/6431/6431 
f 6430/6430/6430 6431/6431/6431 6432/6432/6432 
f 6432/6432/6432 6431/6431/6431 6433/6433/6433 
f 6434/6434/6434 6435/6435/6435 6436/6436/6436 
f 6436/6436/6436 6435/6435/6435 6437/6437/6437 
f 6436/6436/6436 6437/6437/6437 6438/6438/6438 
f 6438/6438/6438 6437/6437/6437 6439/6439/6439 
f 6438/6438/6438 6439/6439/6439 6440/6440/6440 
f 6440/6440/6440 6439/6439/6439 6441/6441/6441 
f 6440/6440/6440 6441/6441/6441 6442/6442/6442 
f 6442/6442/6442 6441/6441/6441 6443/6443/6443 
f 6442/6442/6442 6443/6443/6443 6444/6444/6444 
f 6444/6444/6444 6443/6443/6443 6445/6445/6445 
f 6444/6444/6444 6445/6445/6445 6446/6446/6446 
f 6446/6446/6446 6445/6445/6445 6447/6447/6447 
f 6448/6448/6448 6450/6450/6450 6449/6449/6449 
f 6448/6448/6448 6451/6451/6451 6450/6450/6450 
f 6448/6448/6448 6452/6452/6452 6451/6451/6451 
f 6448/6448/6448 6453/6453/6453 6452/6452/6452 
f 6448/6448/6448 6454/6454/6454 6453/6453/6453 
f 6448/6448/6448 6455/6455/6455 6454/6454/6454 
f 6448/6448/6448 6457/6457/6457 6456/6456/6456 
f 6448/6448/6448 6458/6458/6458 6457/6457/6457 
f 6448/6448/6448 6459/6459/6459 6458/6458/6458 
f 6448/6448/6448 6460/6460/6460 6459/6459/6459 
f 6448/6448/6448 6461/6461/6461 6460/6460/6460 
f 6448/6448/6448 6462/6462/6462 6461/6461/6461 
f 6448/6448/6448 6464/6464/6464 6463/6463/6463 
f 6448/6448/6448 6465/6465/6465 6464/6464/6464 
f 6448/6448/6448 6466/6466/6466 6465/6465/6465 
f 6448/6448/6448 6467/6467/6467 6466/6466/6466 
f 6448/6448/6448 6468/6468/6468 6467/6467/6467 
f 6448/6448/6448 6469/6469/6469 6468/6468/6468 
f 6448/6448/6448 6471/6471/6471 6470/6470/6470 
f 6448/6448/6448 6472/6472/6472 6471/6471/6471 
f 6448/6448/6448 6473/6473/6473 6472/6472/6472 
f 6448/6448/6448 6474/6474/6474 6473/6473/6473 
f 6448/6448/6448 6475/6475/6475 6474/6474/6474 
f 6448/6448/6448 6476/6476/6476 6475/6475/6475 
f 6477/6477/6477 6478/6478/6478 6479/6479/6479 
f 6479/6479/6479 6478/6478/6478 6480/6480/6480 
f 6479/6479/6479 6480/6480/6480 6481/6481/6481 
f 6481/6481/6481 6480/6480/6480 6482/6482/6482 
f 6481/6481/6481 6482/6482/6482 6483/6483/6483 
f 6483/6483/6483 6482/6482/6482 6484/6484/6484 
f 6483/6483/6483 6484/6484/6484 6485/6485/6485 
f 6485/6485/6485 6484/6484/6484 6486/6486/6486 
f 6485/6485/6485 6486/6486/6486 6487/6487/6487 
f 6487/6487/6487 6486/6486/6486 6488/6488/6488 
f 6487/6487/6487 6488/6488/6488 6489/6489/6489 
f 6489/6489/6489 6488/6488/6488 6490/6490/6490 
f 6491/6491/6491 6492/6492/6492 6493/6493/6493 
f 6493/6493/6493 6492/6492/6492 6494/6494/6494 
f 6493/6493/6493 6494/6494/6494 6495/6495/6495 
f 6495/6495/6495 6494/6494/6494 6496/6496/6496 
f 6495/6495/6495 6496/6496/6496 6497/6497/6497 
f 6497/6497/6497 6496/6496/6496 6498/6498/6498 
f 6497/6497/6497 6498/6498/6498 6499/6499/6499 
f 6499/6499/6499 6498/6498/6498 6500/6500/6500 
f 6499/6499/6499 6500/6500/6500 6501/6501/6501 
f 6501/6501/6501 6500/6500/6500 6502/6502/6502 
f 6501/6501/6501 6502/6502/6502 6503/6503/6503 
f 6503/6503/6503 6502/6502/6502 6504/6504/6504 

g Part106

v -35.3608 13.59 28.7417 
v -33.0608 13.59 28.7417 
v -35.3608 0.990026 28.7417 
v -33.0608 0.990026 28.7417 
v -33.0608 13.59 28.9417 
v -33.0608 13.59 28.7417 
v -35.3608 13.59 28.9417 
v -35.3608 13.59 28.7417 
v -33.0608 13.59 28.7417 
v -33.0608 13.59 28.9417 
v -33.0608 0.990026 28.7417 
v -33.0608 0.990026 28.9417 
v -33.0608 13.59 28.9417 
v -35.3608 13.59 28.9417 
v -33.0608 0.990026 28.9417 
v -35.3608 0.990026 28.9417 
v -35.3608 0.990026 28.9417 
v -35.3608 0.990026 28.7417 
v -33.0608 0.990026 28.9417 
v -33.0608 0.990026 28.7417 
v -35.3608 13.59 28.9417 
v -35.3608 13.59 28.7417 
v -35.3608 0.990026 28.9417 
v -35.3608 0.990026 28.7417 

vn 0 0 -1 
vn 0 0 -1 
vn 0 0 -1 
vn 0 0 -1 
vn 0 1 0 
vn 0 1 0 
vn 0 1 0 
vn 0 1 0 
vn 1 0 0 
vn 1 0 0 
vn 1 0 0 
vn 1 0 0 
vn 0 0 1 
vn 0 0 1 
vn 0 0 1 
vn 0 0 1 
vn 0 -1 0 
vn 0 -1 0 
vn 0 -1 0 
vn 0 -1 0 
vn -1 0 0 
vn -1 0 0 
vn -1 0 0 
vn -1 0 0 

vt 0.957026 1.55188 
vt 0.669526 1.55188 
vt 0.957026 -0.0231159 
vt 0.669526 -0.0231159 
vt 0.694526 1.55188 
vt 0.669526 1.55188 
vt 0.694526 1.26438 
vt 0.669526 1.26438 
vt 0.694526 1.55188 
vt 0.669526 1.55188 
vt 0.694526 -0.0231159 
vt 0.669526 -0.0231159 
vt 0.957026 1.55188 
vt 0.669526 1.55188 
vt 0.957026 -0.0231159 
vt 0.669526 -0.0231159 
vt 0.694526 1.55188 
vt 0.669526 1.55188 
vt 0.694526 1.26438 
vt 0.669526 1.26438 
vt 0.694526 1.55188 
vt 0.669526 1.55188 
vt 0.694526 -0.0231159 
vt 0.669526 -0.0231159 

usemtl Part106Mtl

f 6505/6505/6505 6506/6506/6506 6507/6507/6507 
f 6507/6507/6507 6506/6506/6506 6508/6508/6508 
f 6509/6509/6509 6510/6510/6510 6511/6511/6511 
f 6511/6511/6511 6510/6510/6510 6512/6512/6512 
f 6513/6513/6513 6514/6514/6514 6515/6515/6515 
f 6515/6515/6515 6514/6514/6514 6516/6516/6516 
f 6517/6517/6517 6518/6518/6518 6519/6519/6519 
f 6519/6519/6519 6518/6518/6518 6520/6520/6520 
f 6521/6521/6521 6522/6522/6522 6523/6523/6523 
f 6523/6523/6523 6522/6522/6522 6524/6524/6524 
f 6525/6525/6525 6526/6526/6526 6527/6527/6527 
f 6527/6527/6527 6526/6526/6526 6528/6528/6528 

g Part107

v -34.9608 13.19 25.7417 
v -33.4608 13.19 25.7417 
v -34.9608 1.19003 25.7417 
v -33.4608 1.19003 25.7417 
v -33.4608 13.19 28.7417 
v -33.4608 13.19 25.7417 
v -34.9608 13.19 28.7417 
v -34.9608 13.19 25.7417 
v -33.4608 13.19 25.7417 
v -33.4608 13.19 28.7417 
v -33.4608 1.19003 25.7417 
v -33.4608 1.19003 28.7417 
v -33.4608 13.19 28.7417 
v -34.9608 13.19 28.7417 
v -33.4608 1.19003 28.7417 
v -34.9608 1.19003 28.7417 
v -34.9608 1.19003 28.7417 
v -34.9608 1.19003 25.7417 
v -33.4608 1.19003 28.7417 
v -33.4608 1.19003 25.7417 
v -34.9608 13.19 28.7417 
v -34.9608 13.19 25.7417 
v -34.9608 1.19003 28.7417 
v -34.9608 1.19003 25.7417 

vn 0 0 -1 
vn 0 0 -1 
vn 0 0 -1 
vn 0 0 -1 
vn 0 1 0 
vn 0 1 0 
vn 0 1 0 
vn 0 1 0 
vn 1 0 0 
vn 1 0 0 
vn 1 0 0 
vn 1 0 0 
vn 0 0 1 
vn 0 0 1 
vn 0 0 1 
vn 0 0 1 
vn 0 -1 0 
vn 0 -1 0 
vn 0 -1 0 
vn 0 -1 0 
vn -1 0 0 
vn -1 0 0 
vn -1 0 0 
vn -1 0 0 

vt -0.0702218 1.31495 
vt -0.257722 1.31495 
vt -0.0702218 -0.185054 
vt -0.257722 -0.185054 
vt 0.117278 1.31495 
vt -0.257722 1.31495 
vt 0.117278 1.12745 
vt -0.257722 1.12745 
vt 0.117278 1.31495 
vt -0.257722 1.31495 
vt 0.117278 -0.185054 
vt -0.257722 -0.185054 
vt -0.0702218 1.31495 
vt -0.257722 1.31495 
vt -0.0702218 -0.185054 
vt -0.257722 -0.185054 
vt 0.117278 1.31495 
vt -0.257722 1.31495 
vt 0.117278 1.12745 
vt -0.257722 1.12745 
vt 0.117278 1.31495 
vt -0.257722 1.31495 
vt 0.117278 -0.185054 
vt -0.257722 -0.185054 

usemtl Part107Mtl

f 6529/6529/6529 6530/6530/6530 6531/6531/6531 
f 6531/6531/6531 6530/6530/6530 6532/6532/6532 
f 6533/6533/6533 6534/6534/6534 6535/6535/6535 
f 6535/6535/6535 6534/6534/6534 6536/6536/6536 
f 6537/6537/6537 6538/6538/6538 6539/6539/6539 
f 6539/6539/6539 6538/6538/6538 6540/6540/6540 
f 6541/6541/6541 6542/6542/6542 6543/6543/6543 
f 6543/6543/6543 6542/6542/6542 6544/6544/6544 
f 6545/6545/6545 6546/6546/6546 6547/6547/6547 
f 6547/6547/6547 6546/6546/6546 6548/6548/6548 
f 6549/6549/6549 6550/6550/6550 6551/6551/6551 
f 6551/6551/6551 6550/6550/6550 6552/6552/6552 

g Part108

v -35.3608 13.24 25.6417 
v -33.0608 13.24 25.6417 
v -35.3608 1.14003 25.6417 
v -33.0608 1.14003 25.6417 
v -33.0608 13.24 25.8417 
v -33.0608 13.24 25.6417 
v -35.3608 13.24 25.8417 
v -35.3608 13.24 25.6417 
v -33.0608 13.24 25.6417 
v -33.0608 13.24 25.8417 
v -33.0608 1.14003 25.6417 
v -33.0608 1.14003 25.8417 
v -33.0608 13.24 25.8417 
v -35.3608 13.24 25.8417 
v -33.0608 1.14003 25.8417 
v -35.3608 1.14003 25.8417 
v -35.3608 1.14003 25.8417 
v -35.3608 1.14003 25.6417 
v -33.0608 1.14003 25.8417 
v -33.0608 1.14003 25.6417 
v -35.3608 13.24 25.8417 
v -35.3608 13.24 25.6417 
v -35.3608 1.14003 25.8417 
v -35.3608 1.14003 25.6417 

vn 0 0 -1 
vn 0 0 -1 
vn 0 0 -1 
vn 0 0 -1 
vn 0 1 0 
vn 0 1 0 
vn 0 1 0 
vn 0 1 0 
vn 1 0 0 
vn 1 0 0 
vn 1 0 0 
vn 1 0 0 
vn 0 0 1 
vn 0 0 1 
vn 0 0 1 
vn 0 0 1 
vn 0 -1 0 
vn 0 -1 0 
vn 0 -1 0 
vn 0 -1 0 
vn -1 0 0 
vn -1 0 0 
vn -1 0 0 
vn -1 0 0 

vt 1.19467 1.02762 
vt 0.907171 1.02762 
vt 1.19467 -0.484882 
vt 0.907171 -0.484882 
vt 0.932171 1.02762 
vt 0.907171 1.02762 
vt 0.932171 0.740118 
vt 0.907171 0.740118 
vt 0.932171 1.02762 
vt 0.907171 1.02762 
vt 0.932171 -0.484882 
vt 0.907171 -0.484882 
vt 1.19467 1.02762 
vt 0.907171 1.02762 
vt 1.19467 -0.484882 
vt 0.907171 -0.484882 
vt 0.932171 1.02762 
vt 0.907171 1.02762 
vt 0.932171 0.740118 
vt 0.907171 0.740118 
vt 0.932171 1.02762 
vt 0.907171 1.02762 
vt 0.932171 -0.484882 
vt 0.907171 -0.484882 

usemtl Part106Mtl

f 6553/6553/6553 6554/6554/6554 6555/6555/6555 
f 6555/6555/6555 6554/6554/6554 6556/6556/6556 
f 6557/6557/6557 6558/6558/6558 6559/6559/6559 
f 6559/6559/6559 6558/6558/6558 6560/6560/6560 
f 6561/6561/6561 6562/6562/6562 6563/6563/6563 
f 6563/6563/6563 6562/6562/6562 6564/6564/6564 
f 6565/6565/6565 6566/6566/6566 6567/6567/6567 
f 6567/6567/6567 6566/6566/6566 6568/6568/6568 
f 6569/6569/6569 6570/6570/6570 6571/6571/6571 
f 6571/6571/6571 6570/6570/6570 6572/6572/6572 
f 6573/6573/6573 6574/6574/6574 6575/6575/6575 
f 6575/6575/6575 6574/6574/6574 6576/6576/6576 

g Part109

v -34.7653 13.19 11.8417 
v -34.7643 13.19 11.8417 
v -34.7653 1.19003 11.8417 
v -34.7643 1.19003 11.8417 
v -34.7643 13.19 25.8417 
v -34.7643 13.19 11.8417 
v -34.7653 13.19 25.8417 
v -34.7653 13.19 11.8417 
v -34.7643 13.19 11.8417 
v -34.7643 13.19 25.8417 
v -34.7643 1.19003 11.8417 
v -34.7643 1.19003 25.8417 
v -34.7643 13.19 25.8417 
v -34.7653 13.19 25.8417 
v -34.7643 1.19003 25.8417 
v -34.7653 1.19003 25.8417 
v -34.7653 1.19003 25.8417 
v -34.7653 1.19003 11.8417 
v -34.7643 1.19003 25.8417 
v -34.7643 1.19003 11.8417 
v -34.7653 13.19 25.8417 
v -34.7653 13.19 11.8417 
v -34.7653 1.19003 25.8417 
v -34.7653 1.19003 11.8417 

vn 0 0 -1 
vn 0 0 -1 
vn 0 0 -1 
vn 0 0 -1 
vn 0 1 0 
vn 0 1 0 
vn 0 1 0 
vn 0 1 0 
vn 1 0 0 
vn 1 0 0 
vn 1 0 0 
vn 1 0 0 
vn 0 0 1 
vn 0 0 1 
vn 0 0 1 
vn 0 0 1 
vn 0 -1 0 
vn 0 -1 0 
vn 0 -1 0 
vn 0 -1 0 
vn -1 0 0 
vn -1 0 0 
vn -1 0 0 
vn -1 0 0 

vt 0.958834 0.579678 
vt 0.958709 0.579678 
vt 0.958834 -0.920322 
vt 0.958709 -0.920322 
vt 2.70871 0.579678 
vt 0.958709 0.579678 
vt 2.70871 0.579553 
vt 0.958709 0.579553 
vt 2.70871 0.579678 
vt 0.958709 0.579678 
vt 2.70871 -0.920322 
vt 0.958709 -0.920322 
vt 0.958834 0.579678 
vt 0.958709 0.579678 
vt 0.958834 -0.920322 
vt 0.958709 -0.920322 
vt 2.70871 0.579678 
vt 0.958709 0.579678 
vt 2.70871 0.579553 
vt 0.958709 0.579553 
vt 2.70871 0.579678 
vt 0.958709 0.579678 
vt 2.70871 -0.920322 
vt 0.958709 -0.920322 

usemtl Part107Mtl

f 6577/6577/6577 6578/6578/6578 6579/6579/6579 
f 6579/6579/6579 6578/6578/6578 6580/6580/6580 
f 6581/6581/6581 6582/6582/6582 6583/6583/6583 
f 6583/6583/6583 6582/6582/6582 6584/6584/6584 
f 6585/6585/6585 6586/6586/6586 6587/6587/6587 
f 6587/6587/6587 6586/6586/6586 6588/6588/6588 
f 6589/6589/6589 6590/6590/6590 6591/6591/6591 
f 6591/6591/6591 6590/6590/6590 6592/6592/6592 
f 6593/6593/6593 6594/6594/6594 6595/6595/6595 
f 6595/6595/6595 6594/6594/6594 6596/6596/6596 
f 6597/6597/6597 6598/6598/6598 6599/6599/6599 
f 6599/6599/6599 6598/6598/6598 6600/6600/6600 

g Union1

v -34.5148 5.59002 19.8417 
v -35.0148 5.59002 19.8417 
v -34.5148 5.79003 19.8417 
v -35.0148 5.79003 19.8417 
v -34.5148 5.79003 19.8417 
v -35.0148 5.79003 19.8417 
v -34.5148 5.79003 20.8417 
v -35.0148 5.79003 20.8417 
v -34.5148 5.39003 20.8417 
v -35.0148 5.39003 20.8417 
v -34.5148 5.39003 20.5417 
v -35.0148 5.39003 20.5417 
v -34.5148 5.59411 20.8417 
v -34.5148 5.59002 20.8417 
v -34.5148 5.59003 20.8417 
v -34.5148 5.59003 20.8417 
v -35.0148 5.59003 20.8417 
v -35.0148 5.59003 20.8417 
v -35.0148 5.59002 20.8417 
v -34.5148 5.59003 20.8417 
v -34.5148 5.59002 20.8417 
v -35.0148 5.59003 20.8417 
v -35.0148 5.59002 20.8417 
v -35.0148 5.59002 19.8417 
v -34.5148 5.59002 19.8417 
v -35.0148 5.59003 20.5417 
v -34.5148 5.59003 20.5417 
v -34.5148 5.39003 20.8417 
v -34.5148 5.39003 20.5417 
v -34.5148 5.59003 20.8417 
v -34.5148 5.59003 20.5417 
v -34.5148 5.59003 20.5417 
v -34.5148 5.59003 20.8417 
v -35.0148 5.39003 20.5417 
v -35.0148 5.59003 20.5417 
v -34.5148 5.39003 20.5417 
v -34.5148 5.59003 20.5417 
v -35.0148 5.59003 20.8417 
v -35.0148 5.59003 20.5417 
v -35.0148 5.39003 20.8417 
v -35.0148 5.59003 20.8417 
v -35.0148 5.59003 20.5417 
v -35.0148 5.39003 20.5417 
v -34.5148 5.39003 20.8417 
v -34.5148 5.59003 20.8417 
v -35.0148 5.39003 20.8417 
v -35.0148 5.59003 20.8417 
v -34.5148 5.59002 20.8417 
v -34.5148 5.59411 20.8417 
v -35.0148 5.59002 20.8417 
v -34.5148 5.79003 20.8417 
v -35.0148 5.79003 20.8417 
v -35.0148 5.79003 20.8417 
v -35.0148 5.59003 20.5417 
v -35.0148 5.79003 19.8417 
v -34.5148 5.79003 20.8417 
v -34.5148 5.59003 20.5417 
v -34.5148 5.79003 19.8417 
v -34.5148 5.59002 19.8417 
v -34.5148 5.59003 20.5417 
v -35.0148 5.59003 20.5417 
v -35.0148 5.59002 19.8417 

vn 0 0 -1 
vn 0 0 -1 
vn 0 0 -1 
vn 0 0 -1 
vn 0 1 0 
vn 0 1 0 
vn 0 1 0 
vn 0 1 0 
vn 0 -1 0 
vn 0 -1 0 
vn 0 -1 0 
vn 0 -1 0 
vn 1 0 0 
vn 1 0 0 
vn 1 0 0 
vn 1 0 0 
vn -1 0 0 
vn -1 0 0 
vn -1 0 0 
vn 0 -1 0 
vn 0 -1 0 
vn 0 -1 0 
vn 0 -1 0 
vn 0 -1 0 
vn 0 -1 0 
vn 0 -1 0 
vn 0 -1 0 
vn 1 0 0 
vn 1 0 0 
vn 1 0 0 
vn 1 0 0 
vn 1 0 0 
vn 1 0 0 
vn 0 0 -1 
vn 0 0 -1 
vn 0 0 -1 
vn 0 0 -1 
vn -1 0 0 
vn -1 0 0 
vn -1 0 0 
vn -1 0 0 
vn -1 0 0 
vn -1 0 0 
vn 0 0 1 
vn 0 0 1 
vn 0 0 1 
vn 0 0 1 
vn 0 0 1 
vn 0 0 1 
vn 0 0 1 
vn 0 0 1 
vn 0 0 1 
vn -1 0 0 
vn -1 0 0 
vn -1 0 0 
vn 1 0 0 
vn 1 0 0 
vn 1 0 0 
vn 1 0 0 
vn 1 0 0 
vn -1 0 0 
vn -1 0 0 

vt 0.414437 1.25606 
vt 0.476937 1.25606 
vt 0.414437 1.28106 
vt 0.476937 1.28106 
vt 0.508187 1.22481 
vt 0.508187 1.28731 
vt 0.383187 1.22481 
vt 0.383187 1.28731 
vt 0.508186 1.22481 
vt 0.508186 1.28731 
vt 0.470686 1.22481 
vt 0.470686 1.28731 
vt 0.383187 1.25657 
vt 0.383187 1.25606 
vt 0.383188 1.25606 
vt 0.383188 1.25606 
vt 0.508186 1.25606 
vt 0.508186 1.25606 
vt 0.508187 1.25606 
vt 0.508186 1.22481 
vt 0.508187 1.22481 
vt 0.508186 1.28731 
vt 0.508187 1.28731 
vt 0.383187 1.28731 
vt 0.383187 1.22481 
vt 0.470686 1.28731 
vt 0.470686 1.22481 
vt 0.383188 1.23106 
vt 0.420687 1.23106 
vt 0.383188 1.25606 
vt 0.420687 1.25606 
vt 0.420687 1.25606 
vt 0.383188 1.25606 
vt 0.476937 1.23106 
vt 0.476937 1.25606 
vt 0.414437 1.23106 
vt 0.414437 1.25606 
vt 0.508186 1.25606 
vt 0.470686 1.25606 
vt 0.508186 1.23106 
vt 0.508186 1.25606 
vt 0.470686 1.25606 
vt 0.470686 1.23106 
vt 0.476937 1.23106 
vt 0.476937 1.25606 
vt 0.414437 1.23106 
vt 0.414437 1.25606 
vt 0.476937 1.25606 
vt 0.476937 1.25657 
vt 0.414437 1.25606 
vt 0.476937 1.28106 
vt 0.414437 1.28106 
vt 0.508187 1.28106 
vt 0.470686 1.25606 
vt 0.383187 1.28106 
vt 0.383187 1.28106 
vt 0.420687 1.25606 
vt 0.508187 1.28106 
vt 0.508187 1.25606 
vt 0.420687 1.25606 
vt 0.470686 1.25606 
vt 0.383187 1.25606 

usemtl Part106Mtl

f 6601/6601/6601 6602/6602/6602 6603/6603/6603 
f 6602/6602/6602 6604/6604/6604 6603/6603/6603 
f 6605/6605/6605 6606/6606/6606 6607/6607/6607 
f 6606/6606/6606 6608/6608/6608 6607/6607/6607 
f 6609/6609/6609 6610/6610/6610 6611/6611/6611 
f 6610/6610/6610 6612/6612/6612 6611/6611/6611 
f 6613/6613/6613 6614/6614/6614 6615/6615/6615 
f 6614/6614/6614 6616/6616/6616 6615/6615/6615 
f 6617/6617/6617 6618/6618/6618 6619/6619/6619 
f 6620/6620/6620 6621/6621/6621 6622/6622/6622 
f 6621/6621/6621 6623/6623/6623 6622/6622/6622 
f 6624/6624/6624 6625/6625/6625 6626/6626/6626 
f 6625/6625/6625 6627/6627/6627 6626/6626/6626 
f 6628/6628/6628 6629/6629/6629 6630/6630/6630 
f 6629/6629/6629 6631/6631/6631 6630/6630/6630 
f 6631/6631/6631 6632/6632/6632 6630/6630/6630 
f 6632/6632/6632 6633/6633/6633 6630/6630/6630 
f 6634/6634/6634 6635/6635/6635 6636/6636/6636 
f 6635/6635/6635 6637/6637/6637 6636/6636/6636 
f 6638/6638/6638 6639/6639/6639 6640/6640/6640 
f 6641/6641/6641 6639/6639/6639 6638/6638/6638 
f 6639/6639/6639 6642/6642/6642 6640/6640/6640 
f 6642/6642/6642 6643/6643/6643 6640/6640/6640 
f 6644/6644/6644 6645/6645/6645 6646/6646/6646 
f 6645/6645/6645 6647/6647/6647 6646/6646/6646 
f 6648/6648/6648 6649/6649/6649 6650/6650/6650 
f 6649/6649/6649 6651/6651/6651 6650/6650/6650 
f 6651/6651/6651 6652/6652/6652 6650/6650/6650 
f 6617/6617/6617 6653/6653/6653 6654/6654/6654 
f 6619/6619/6619 6653/6653/6653 6617/6617/6617 
f 6653/6653/6653 6655/6655/6655 6654/6654/6654 
f 6615/6615/6615 6656/6656/6656 6613/6613/6613 
f 6657/6657/6657 6656/6656/6656 6615/6615/6615 
f 6658/6658/6658 6656/6656/6656 6659/6659/6659 
f 6656/6656/6656 6657/6657/6657 6659/6659/6659 
f 6657/6657/6657 6660/6660/6660 6659/6659/6659 
f 6654/6654/6654 6655/6655/6655 6661/6661/6661 
f 6655/6655/6655 6662/6662/6662 6661/6661/6661 

g Part110

v -35.0148 13.19 18.7417 
v -34.5148 13.19 18.7417 
v -35.0148 1.19003 18.7417 
v -34.5148 1.19003 18.7417 
v -34.5148 13.19 18.9417 
v -34.5148 13.19 18.7417 
v -35.0148 13.19 18.9417 
v -35.0148 13.19 18.7417 
v -34.5148 13.19 18.7417 
v -34.5148 13.19 18.9417 
v -34.5148 1.19003 18.7417 
v -34.5148 1.19003 18.9417 
v -34.5148 13.19 18.9417 
v -35.0148 13.19 18.9417 
v -34.5148 1.19003 18.9417 
v -35.0148 1.19003 18.9417 
v -35.0148 1.19003 18.9417 
v -35.0148 1.19003 18.7417 
v -34.5148 1.19003 18.9417 
v -34.5148 1.19003 18.7417 
v -35.0148 13.19 18.9417 
v -35.0148 13.19 18.7417 
v -35.0148 1.19003 18.9417 
v -35.0148 1.19003 18.7417 

vn 0 0 -1 
vn 0 0 -1 
vn 0 0 -1 
vn 0 0 -1 
vn 0 1 0 
vn 0 1 0 
vn 0 1 0 
vn 0 1 0 
vn 1 0 0 
vn 1 0 0 
vn 1 0 0 
vn 1 0 0 
vn 0 0 1 
vn 0 0 1 
vn 0 0 1 
vn 0 0 1 
vn 0 -1 0 
vn 0 -1 0 
vn 0 -1 0 
vn 0 -1 0 
vn -1 0 0 
vn -1 0 0 
vn -1 0 0 
vn -1 0 0 

vt 0.267803 1.17183 
vt 0.205303 1.17183 
vt 0.267803 -0.328166 
vt 0.205303 -0.328166 
vt 0.230303 1.17183 
vt 0.205303 1.17183 
vt 0.230303 1.10933 
vt 0.205303 1.10933 
vt 0.230303 1.17183 
vt 0.205303 1.17183 
vt 0.230303 -0.328166 
vt 0.205303 -0.328166 
vt 0.267803 1.17183 
vt 0.205303 1.17183 
vt 0.267803 -0.328166 
vt 0.205303 -0.328166 
vt 0.230303 1.17183 
vt 0.205303 1.17183 
vt 0.230303 1.10933 
vt 0.205303 1.10933 
vt 0.230303 1.17183 
vt 0.205303 1.17183 
vt 0.230303 -0.328166 
vt 0.205303 -0.328166 

usemtl Part106Mtl

f 6663/6663/6663 6664/6664/6664 6665/6665/6665 
f 6665/6665/6665 6664/6664/6664 6666/6666/6666 
f 6667/6667/6667 6668/6668/6668 6669/6669/6669 
f 6669/6669/6669 6668/6668/6668 6670/6670/6670 
f 6671/6671/6671 6672/6672/6672 6673/6673/6673 
f 6673/6673/6673 6672/6672/6672 6674/6674/6674 
f 6675/6675/6675 6676/6676/6676 6677/6677/6677 
f 6677/6677/6677 6676/6676/6676 6678/6678/6678 
f 6679/6679/6679 6680/6680/6680 6681/6681/6681 
f 6681/6681/6681 6680/6680/6680 6682/6682/6682 
f 6683/6683/6683 6684/6684/6684 6685/6685/6685 
f 6685/6685/6685 6684/6684/6684 6686/6686/6686 

g Union2

v -35.0148 5.59003 17.8417 
v -34.5148 5.59003 17.8417 
v -35.0148 5.79003 17.8417 
v -34.5148 5.79003 17.8417 
v -35.0148 5.79003 17.8417 
v -34.5148 5.79003 17.8417 
v -35.0148 5.79003 16.8417 
v -34.5148 5.79003 16.8417 
v -35.0148 5.39003 16.8417 
v -34.5148 5.39003 16.8417 
v -35.0148 5.39003 17.1417 
v -34.5148 5.39003 17.1417 
v -35.0148 5.59411 16.8417 
v -35.0148 5.59003 16.8417 
v -35.0148 5.59003 16.8417 
v -35.0148 5.59003 16.8417 
v -34.5148 5.59003 16.8417 
v -34.5148 5.59003 16.8417 
v -34.5148 5.59003 16.8417 
v -35.0148 5.59003 16.8417 
v -35.0148 5.59003 16.8417 
v -34.5148 5.59003 16.8417 
v -34.5148 5.59003 16.8417 
v -34.5148 5.59003 17.8417 
v -35.0148 5.59003 17.8417 
v -34.5148 5.59003 17.1417 
v -35.0148 5.59003 17.1417 
v -35.0148 5.39003 16.8417 
v -35.0148 5.39003 17.1417 
v -35.0148 5.59003 16.8417 
v -35.0148 5.59003 17.1417 
v -35.0148 5.59003 17.1417 
v -35.0148 5.59003 16.8417 
v -34.5148 5.39003 17.1417 
v -34.5148 5.59003 17.1417 
v -35.0148 5.39003 17.1417 
v -35.0148 5.59003 17.1417 
v -34.5148 5.59003 16.8417 
v -34.5148 5.59003 17.1417 
v -34.5148 5.39003 16.8417 
v -34.5148 5.59003 16.8417 
v -34.5148 5.59003 17.1417 
v -34.5148 5.39003 17.1417 
v -35.0148 5.39003 16.8417 
v -35.0148 5.59003 16.8417 
v -34.5148 5.39003 16.8417 
v -34.5148 5.59003 16.8417 
v -35.0148 5.59003 16.8417 
v -35.0148 5.59411 16.8417 
v -34.5148 5.59003 16.8417 
v -35.0148 5.79003 16.8417 
v -34.5148 5.79003 16.8417 
v -34.5148 5.79003 16.8417 
v -34.5148 5.59003 17.1417 
v -34.5148 5.79003 17.8417 
v -35.0148 5.79003 16.8417 
v -35.0148 5.59003 17.1417 
v -35.0148 5.79003 17.8417 
v -35.0148 5.59003 17.8417 
v -35.0148 5.59003 17.1417 
v -34.5148 5.59003 17.1417 
v -34.5148 5.59003 17.8417 

vn 0 0 1 
vn 0 0 1 
vn 0 0 1 
vn 0 0 1 
vn 0 1 0 
vn 0 1 0 
vn 0 1 0 
vn 0 1 0 
vn 0 -1 0 
vn 0 -1 0 
vn 0 -1 0 
vn 0 -1 0 
vn -1 0 0 
vn -1 0 0 
vn -1 0 0 
vn -1 0 0 
vn 1 0 0 
vn 1 0 0 
vn 1 0 0 
vn 0 -1 0 
vn 0 -1 0 
vn 0 -1 0 
vn 0 -1 0 
vn 0 -1 0 
vn 0 -1 0 
vn 0 -1 0 
vn 0 -1 0 
vn -1 0 0 
vn -1 0 0 
vn -1 0 0 
vn -1 0 0 
vn -1 0 0 
vn -1 0 0 
vn 0 0 1 
vn 0 0 1 
vn 0 0 1 
vn 0 0 1 
vn 1 0 0 
vn 1 0 0 
vn 1 0 0 
vn 1 0 0 
vn 1 0 0 
vn 1 0 0 
vn 0 0 -1 
vn 0 0 -1 
vn 0 0 -1 
vn 0 0 -1 
vn 0 0 -1 
vn 0 0 -1 
vn 0 0 -1 
vn 0 0 -1 
vn 0 0 -1 
vn 1 0 0 
vn 1 0 0 
vn 1 0 0 
vn -1 0 0 
vn -1 0 0 
vn -1 0 0 
vn -1 0 0 
vn -1 0 0 
vn 1 0 0 
vn 1 0 0 

vt -0.336447 0.76083 
vt -0.273947 0.76083 
vt -0.336447 0.78583 
vt -0.273947 0.78583 
vt -0.242697 0.72958 
vt -0.242697 0.79208 
vt -0.367697 0.72958 
vt -0.367697 0.79208 
vt -0.242698 0.72958 
vt -0.242698 0.79208 
vt -0.280197 0.72958 
vt -0.280197 0.79208 
vt -0.367697 0.761341 
vt -0.367697 0.76083 
vt -0.367696 0.76083 
vt -0.367696 0.76083 
vt -0.242698 0.76083 
vt -0.242698 0.76083 
vt -0.242697 0.76083 
vt -0.242698 0.72958 
vt -0.242697 0.72958 
vt -0.242698 0.79208 
vt -0.242697 0.79208 
vt -0.367697 0.79208 
vt -0.367697 0.72958 
vt -0.280197 0.79208 
vt -0.280197 0.72958 
vt -0.367696 0.73583 
vt -0.330197 0.73583 
vt -0.367696 0.76083 
vt -0.330197 0.76083 
vt -0.330197 0.76083 
vt -0.367696 0.76083 
vt -0.273947 0.73583 
vt -0.273947 0.76083 
vt -0.336447 0.73583 
vt -0.336447 0.76083 
vt -0.242698 0.76083 
vt -0.280197 0.76083 
vt -0.242698 0.73583 
vt -0.242698 0.76083 
vt -0.280197 0.76083 
vt -0.280197 0.73583 
vt -0.273947 0.73583 
vt -0.273947 0.76083 
vt -0.336447 0.73583 
vt -0.336447 0.76083 
vt -0.273947 0.76083 
vt -0.273947 0.761341 
vt -0.336447 0.76083 
vt -0.273947 0.78583 
vt -0.336447 0.78583 
vt -0.242697 0.78583 
vt -0.280197 0.76083 
vt -0.367697 0.78583 
vt -0.367697 0.78583 
vt -0.330197 0.76083 
vt -0.242697 0.78583 
vt -0.242697 0.76083 
vt -0.330197 0.76083 
vt -0.280197 0.76083 
vt -0.367697 0.76083 

usemtl Part106Mtl

f 6687/6687/6687 6688/6688/6688 6689/6689/6689 
f 6688/6688/6688 6690/6690/6690 6689/6689/6689 
f 6691/6691/6691 6692/6692/6692 6693/6693/6693 
f 6692/6692/6692 6694/6694/6694 6693/6693/6693 
f 6695/6695/6695 6696/6696/6696 6697/6697/6697 
f 6696/6696/6696 6698/6698/6698 6697/6697/6697 
f 6699/6699/6699 6700/6700/6700 6701/6701/6701 
f 6700/6700/6700 6702/6702/6702 6701/6701/6701 
f 6703/6703/6703 6704/6704/6704 6705/6705/6705 
f 6706/6706/6706 6707/6707/6707 6708/6708/6708 
f 6707/6707/6707 6709/6709/6709 6708/6708/6708 
f 6710/6710/6710 6711/6711/6711 6712/6712/6712 
f 6711/6711/6711 6713/6713/6713 6712/6712/6712 
f 6714/6714/6714 6715/6715/6715 6716/6716/6716 
f 6715/6715/6715 6717/6717/6717 6716/6716/6716 
f 6717/6717/6717 6718/6718/6718 6716/6716/6716 
f 6718/6718/6718 6719/6719/6719 6716/6716/6716 
f 6720/6720/6720 6721/6721/6721 6722/6722/6722 
f 6721/6721/6721 6723/6723/6723 6722/6722/6722 
f 6724/6724/6724 6725/6725/6725 6726/6726/6726 
f 6727/6727/6727 6725/6725/6725 6724/6724/6724 
f 6725/6725/6725 6728/6728/6728 6726/6726/6726 
f 6728/6728/6728 6729/6729/6729 6726/6726/6726 
f 6730/6730/6730 6731/6731/6731 6732/6732/6732 
f 6731/6731/6731 6733/6733/6733 6732/6732/6732 
f 6734/6734/6734 6735/6735/6735 6736/6736/6736 
f 6735/6735/6735 6737/6737/6737 6736/6736/6736 
f 6737/6737/6737 6738/6738/6738 6736/6736/6736 
f 6703/6703/6703 6739/6739/6739 6740/6740/6740 
f 6705/6705/6705 6739/6739/6739 6703/6703/6703 
f 6739/6739/6739 6741/6741/6741 6740/6740/6740 
f 6701/6701/6701 6742/6742/6742 6699/6699/6699 
f 6743/6743/6743 6742/6742/6742 6701/6701/6701 
f 6744/6744/6744 6742/6742/6742 6745/6745/6745 
f 6742/6742/6742 6743/6743/6743 6745/6745/6745 
f 6743/6743/6743 6746/6746/6746 6745/6745/6745 
f 6740/6740/6740 6741/6741/6741 6747/6747/6747 
f 6741/6741/6741 6748/6748/6748 6747/6747/6747 

g Part111

v -35.3208 13.59 28.7417 
v -33.0208 13.59 28.7417 
v -35.3208 13.59 8.94167 
v -33.0208 13.59 8.94167 
v -33.0208 13.19 28.7417 
v -33.0208 13.59 28.7417 
v -35.3208 13.19 28.7417 
v -35.3208 13.59 28.7417 
v -33.0208 13.59 28.7417 
v -33.0208 13.19 28.7417 
v -33.0208 13.59 8.94167 
v -33.0208 13.19 8.94167 
v -33.0208 13.19 28.7417 
v -35.3208 13.19 28.7417 
v -33.0208 13.19 8.94167 
v -35.3208 13.19 8.94167 
v -35.3208 13.19 8.94167 
v -35.3208 13.59 8.94167 
v -33.0208 13.19 8.94167 
v -33.0208 13.59 8.94167 
v -35.3208 13.19 28.7417 
v -35.3208 13.59 28.7417 
v -35.3208 13.19 8.94167 
v -35.3208 13.59 8.94167 

vn 0 1 0 
vn 0 1 0 
vn 0 1 0 
vn 0 1 0 
vn 0 0 1 
vn 0 0 1 
vn 0 0 1 
vn 0 0 1 
vn 1 0 0 
vn 1 0 0 
vn 1 0 0 
vn 1 0 0 
vn 0 -1 0 
vn 0 -1 0 
vn 0 -1 0 
vn 0 -1 0 
vn 0 0 -1 
vn 0 0 -1 
vn 0 0 -1 
vn 0 0 -1 
vn -1 0 0 
vn -1 0 0 
vn -1 0 0 
vn -1 0 0 

vt -0.091535 -0.355993 
vt -0.379035 -0.355993 
vt -0.091535 -2.83099 
vt -0.379035 -2.83099 
vt -0.329035 -0.355993 
vt -0.379035 -0.355993 
vt -0.329035 -0.643493 
vt -0.379035 -0.643493 
vt -0.329035 -0.355993 
vt -0.379035 -0.355993 
vt -0.329035 -2.83099 
vt -0.379035 -2.83099 
vt -0.091535 -0.355993 
vt -0.379035 -0.355993 
vt -0.091535 -2.83099 
vt -0.379035 -2.83099 
vt -0.329035 -0.355993 
vt -0.379035 -0.355993 
vt -0.329035 -0.643493 
vt -0.379035 -0.643493 
vt -0.329035 -0.355993 
vt -0.379035 -0.355993 
vt -0.329035 -2.83099 
vt -0.379035 -2.83099 

usemtl Part106Mtl

f 6749/6749/6749 6750/6750/6750 6751/6751/6751 
f 6751/6751/6751 6750/6750/6750 6752/6752/6752 
f 6753/6753/6753 6754/6754/6754 6755/6755/6755 
f 6755/6755/6755 6754/6754/6754 6756/6756/6756 
f 6757/6757/6757 6758/6758/6758 6759/6759/6759 
f 6759/6759/6759 6758/6758/6758 6760/6760/6760 
f 6761/6761/6761 6762/6762/6762 6763/6763/6763 
f 6763/6763/6763 6762/6762/6762 6764/6764/6764 
f 6765/6765/6765 6766/6766/6766 6767/6767/6767 
f 6767/6767/6767 6766/6766/6766 6768/6768/6768 
f 6769/6769/6769 6770/6770/6770 6771/6771/6771 
f 6771/6771/6771 6770/6770/6770 6772/6772/6772 

g Part112

v -35.3608 13.24 11.8417 
v -33.0608 13.24 11.8417 
v -35.3608 1.14003 11.8417 
v -33.0608 1.14003 11.8417 
v -33.0608 13.24 12.0417 
v -33.0608 13.24 11.8417 
v -35.3608 13.24 12.0417 
v -35.3608 13.24 11.8417 
v -33.0608 13.24 11.8417 
v -33.0608 13.24 12.0417 
v -33.0608 1.14003 11.8417 
v -33.0608 1.14003 12.0417 
v -33.0608 13.24 12.0417 
v -35.3608 13.24 12.0417 
v -33.0608 1.14003 12.0417 
v -35.3608 1.14003 12.0417 
v -35.3608 1.14003 12.0417 
v -35.3608 1.14003 11.8417 
v -33.0608 1.14003 12.0417 
v -33.0608 1.14003 11.8417 
v -35.3608 13.24 12.0417 
v -35.3608 13.24 11.8417 
v -35.3608 1.14003 12.0417 
v -35.3608 1.14003 11.8417 

vn 0 0 -1 
vn 0 0 -1 
vn 0 0 -1 
vn 0 0 -1 
vn 0 1 0 
vn 0 1 0 
vn 0 1 0 
vn 0 1 0 
vn 1 0 0 
vn 1 0 0 
vn 1 0 0 
vn 1 0 0 
vn 0 0 1 
vn 0 0 1 
vn 0 0 1 
vn 0 0 1 
vn 0 -1 0 
vn 0 -1 0 
vn 0 -1 0 
vn 0 -1 0 
vn -1 0 0 
vn -1 0 0 
vn -1 0 0 
vn -1 0 0 

vt 0.883662 0.728166 
vt 0.596162 0.728166 
vt 0.883662 -0.784334 
vt 0.596162 -0.784334 
vt 0.621162 0.728166 
vt 0.596162 0.728166 
vt 0.621162 0.440666 
vt 0.596162 0.440666 
vt 0.621162 0.728166 
vt 0.596162 0.728166 
vt 0.621162 -0.784334 
vt 0.596162 -0.784334 
vt 0.883662 0.728166 
vt 0.596162 0.728166 
vt 0.883662 -0.784334 
vt 0.596162 -0.784334 
vt 0.621162 0.728166 
vt 0.596162 0.728166 
vt 0.621162 0.440666 
vt 0.596162 0.440666 
vt 0.621162 0.728166 
vt 0.596162 0.728166 
vt 0.621162 -0.784334 
vt 0.596162 -0.784334 

usemtl Part106Mtl

f 6773/6773/6773 6774/6774/6774 6775/6775/6775 
f 6775/6775/6775 6774/6774/6774 6776/6776/6776 
f 6777/6777/6777 6778/6778/6778 6779/6779/6779 
f 6779/6779/6779 6778/6778/6778 6780/6780/6780 
f 6781/6781/6781 6782/6782/6782 6783/6783/6783 
f 6783/6783/6783 6782/6782/6782 6784/6784/6784 
f 6785/6785/6785 6786/6786/6786 6787/6787/6787 
f 6787/6787/6787 6786/6786/6786 6788/6788/6788 
f 6789/6789/6789 6790/6790/6790 6791/6791/6791 
f 6791/6791/6791 6790/6790/6790 6792/6792/6792 
f 6793/6793/6793 6794/6794/6794 6795/6795/6795 
f 6795/6795/6795 6794/6794/6794 6796/6796/6796 

g Part113

v -35.3608 13.59 8.74167 
v -33.0608 13.59 8.74167 
v -35.3608 1.09003 8.74167 
v -33.0608 1.09003 8.74167 
v -33.0608 13.59 8.94167 
v -33.0608 13.59 8.74167 
v -35.3608 13.59 8.94167 
v -35.3608 13.59 8.74167 
v -33.0608 13.59 8.74167 
v -33.0608 13.59 8.94167 
v -33.0608 1.09003 8.74167 
v -33.0608 1.09003 8.94167 
v -33.0608 13.59 8.94167 
v -35.3608 13.59 8.94167 
v -33.0608 1.09003 8.94167 
v -35.3608 1.09003 8.94167 
v -35.3608 1.09003 8.94167 
v -35.3608 1.09003 8.74167 
v -33.0608 1.09003 8.94167 
v -33.0608 1.09003 8.74167 
v -35.3608 13.59 8.94167 
v -35.3608 13.59 8.74167 
v -35.3608 1.09003 8.94167 
v -35.3608 1.09003 8.74167 

vn 0 0 -1 
vn 0 0 -1 
vn 0 0 -1 
vn 0 0 -1 
vn 0 1 0 
vn 0 1 0 
vn 0 1 0 
vn 0 1 0 
vn 1 0 0 
vn 1 0 0 
vn 1 0 0 
vn 1 0 0 
vn 0 0 1 
vn 0 0 1 
vn 0 0 1 
vn 0 0 1 
vn 0 -1 0 
vn 0 -1 0 
vn 0 -1 0 
vn 0 -1 0 
vn -1 0 0 
vn -1 0 0 
vn -1 0 0 
vn -1 0 0 

vt -0.446844 1.83774 
vt -0.734344 1.83774 
vt -0.446844 0.275244 
vt -0.734344 0.275244 
vt -0.709344 1.83774 
vt -0.734344 1.83774 
vt -0.709344 1.55024 
vt -0.734344 1.55024 
vt -0.709344 1.83774 
vt -0.734344 1.83774 
vt -0.709344 0.275244 
vt -0.734344 0.275244 
vt -0.446844 1.83774 
vt -0.734344 1.83774 
vt -0.446844 0.275244 
vt -0.734344 0.275244 
vt -0.709344 1.83774 
vt -0.734344 1.83774 
vt -0.709344 1.55024 
vt -0.734344 1.55024 
vt -0.709344 1.83774 
vt -0.734344 1.83774 
vt -0.709344 0.275244 
vt -0.734344 0.275244 

usemtl Part106Mtl

f 6797/6797/6797 6798/6798/6798 6799/6799/6799 
f 6799/6799/6799 6798/6798/6798 6800/6800/6800 
f 6801/6801/6801 6802/6802/6802 6803/6803/6803 
f 6803/6803/6803 6802/6802/6802 6804/6804/6804 
f 6805/6805/6805 6806/6806/6806 6807/6807/6807 
f 6807/6807/6807 6806/6806/6806 6808/6808/6808 
f 6809/6809/6809 6810/6810/6810 6811/6811/6811 
f 6811/6811/6811 6810/6810/6810 6812/6812/6812 
f 6813/6813/6813 6814/6814/6814 6815/6815/6815 
f 6815/6815/6815 6814/6814/6814 6816/6816/6816 
f 6817/6817/6817 6818/6818/6818 6819/6819/6819 
f 6819/6819/6819 6818/6818/6818 6820/6820/6820 

g Part114

v -34.9607 13.19 8.84167 
v -33.4607 13.19 8.84167 
v -34.9607 1.19003 8.84167 
v -33.4607 1.19003 8.84167 
v -33.4607 13.19 11.8417 
v -33.4607 13.19 8.84167 
v -34.9607 13.19 11.8417 
v -34.9607 13.19 8.84167 
v -33.4607 13.19 8.84167 
v -33.4607 13.19 11.8417 
v -33.4607 1.19003 8.84167 
v -33.4607 1.19003 11.8417 
v -33.4607 13.19 11.8417 
v -34.9607 13.19 11.8417 
v -33.4607 1.19003 11.8417 
v -34.9607 1.19003 11.8417 
v -34.9607 1.19003 11.8417 
v -34.9607 1.19003 8.84167 
v -33.4607 1.19003 11.8417 
v -33.4607 1.19003 8.84167 
v -34.9607 13.19 11.8417 
v -34.9607 13.19 8.84167 
v -34.9607 1.19003 11.8417 
v -34.9607 1.19003 8.84167 

vn 0 0 -1 
vn 0 0 -1 
vn 0 0 -1 
vn 0 0 -1 
vn 0 1 0 
vn 0 1 0 
vn 0 1 0 
vn 0 1 0 
vn 1 0 0 
vn 1 0 0 
vn 1 0 0 
vn 1 0 0 
vn 0 0 1 
vn 0 0 1 
vn 0 0 1 
vn 0 0 1 
vn 0 -1 0 
vn 0 -1 0 
vn 0 -1 0 
vn 0 -1 0 
vn -1 0 0 
vn -1 0 0 
vn -1 0 0 
vn -1 0 0 

vt 1.15634 1.88796 
vt 0.968845 1.88796 
vt 1.15634 0.387956 
vt 0.968845 0.387956 
vt 1.34384 1.88796 
vt 0.968845 1.88796 
vt 1.34384 1.70046 
vt 0.968845 1.70046 
vt 1.34384 1.88796 
vt 0.968845 1.88796 
vt 1.34384 0.387956 
vt 0.968845 0.387956 
vt 1.15634 1.88796 
vt 0.968845 1.88796 
vt 1.15634 0.387956 
vt 0.968845 0.387956 
vt 1.34384 1.88796 
vt 0.968845 1.88796 
vt 1.34384 1.70046 
vt 0.968845 1.70046 
vt 1.34384 1.88796 
vt 0.968845 1.88796 
vt 1.34384 0.387956 
vt 0.968845 0.387956 

usemtl Part107Mtl

f 6821/6821/6821 6822/6822/6822 6823/6823/6823 
f 6823/6823/6823 6822/6822/6822 6824/6824/6824 
f 6825/6825/6825 6826/6826/6826 6827/6827/6827 
f 6827/6827/6827 6826/6826/6826 6828/6828/6828 
f 6829/6829/6829 6830/6830/6830 6831/6831/6831 
f 6831/6831/6831 6830/6830/6830 6832/6832/6832 
f 6833/6833/6833 6834/6834/6834 6835/6835/6835 
f 6835/6835/6835 6834/6834/6834 6836/6836/6836 
f 6837/6837/6837 6838/6838/6838 6839/6839/6839 
f 6839/6839/6839 6838/6838/6838 6840/6840/6840 
f 6841/6841/6841 6842/6842/6842 6843/6843/6843 
f 6843/6843/6843 6842/6842/6842 6844/6844/6844 

g Part115

v -33.6775 17.2243 29 
v -33.6775 17.2243 60.0328 
v -33.6775 1.85864 29 
v -33.6775 1.85864 60.0328 
v -34.7369 17.2243 60.0328 
v -33.6775 17.2243 60.0328 
v -34.7369 17.2243 29 
v -33.6775 17.2243 29 
v -33.6775 17.2243 60.0328 
v -34.7369 17.2243 60.0328 
v -33.6775 1.85864 60.0328 
v -34.7369 1.85864 60.0328 
v -34.7369 17.2243 60.0328 
v -34.7369 17.2243 29 
v -34.7369 1.85864 60.0328 
v -34.7369 1.85864 29 
v -34.7369 1.85864 29 
v -33.6775 1.85864 29 
v -34.7369 1.85864 60.0328 
v -33.6775 1.85864 60.0328 
v -34.7369 17.2243 29 
v -33.6775 17.2243 29 
v -34.7369 1.85864 29 
v -33.6775 1.85864 29 

vn 1 0 0 
vn 1 0 0 
vn 1 0 0 
vn 1 0 0 
vn 0 1 0 
vn 0 1 0 
vn 0 1 0 
vn 0 1 0 
vn 0 0 1 
vn 0 0 1 
vn 0 0 1 
vn 0 0 1 
vn -1 0 0 
vn -1 0 0 
vn -1 0 0 
vn -1 0 0 
vn 0 -1 0 
vn 0 -1 0 
vn 0 -1 0 
vn 0 -1 0 
vn 0 0 -1 
vn 0 0 -1 
vn 0 0 -1 
vn 0 0 -1 

vt 8.8791 1 
vt 5 1 
vt 8.8791 -0.92071 
vt 5 -0.92071 
vt 5.13242 1 
vt 5 1 
vt 5.13242 -2.8791 
vt 5 -2.8791 
vt 5.13242 1 
vt 5 1 
vt 5.13242 -0.92071 
vt 5 -0.92071 
vt 8.8791 1 
vt 5 1 
vt 8.8791 -0.92071 
vt 5 -0.92071 
vt 5.13242 1 
vt 5 1 
vt 5.13242 -2.8791 
vt 5 -2.8791 
vt 5.13242 1 
vt 5 1 
vt 5.13242 -0.92071 
vt 5 -0.92071 

usemtl Part67Mtl

f 6845/6845/6845 6846/6846/6846 6847/6847/6847 
f 6847/6847/6847 6846/6846/6846 6848/6848/6848 
f 6849/6849/6849 6850/6850/6850 6851/6851/6851 
f 6851/6851/6851 6850/6850/6850 6852/6852/6852 
f 6853/6853/6853 6854/6854/6854 6855/6855/6855 
f 6855/6855/6855 6854/6854/6854 6856/6856/6856 
f 6857/6857/6857 6858/6858/6858 6859/6859/6859 
f 6859/6859/6859 6858/6858/6858 6860/6860/6860 
f 6861/6861/6861 6862/6862/6862 6863/6863/6863 
f 6863/6863/6863 6862/6862/6862 6864/6864/6864 
f 6865/6865/6865 6866/6866/6866 6867/6867/6867 
f 6867/6867/6867 6866/6866/6866 6868/6868/6868 

g Part116

v -33.6775 17.2243 -24 
v -33.6775 17.2243 8.74167 
v -33.6775 2.22435 -24 
v -33.6775 2.22435 8.74167 
v -34.7369 17.2243 8.74167 
v -33.6775 17.2243 8.74167 
v -34.7369 17.2243 -24 
v -33.6775 17.2243 -24 
v -33.6775 17.2243 8.74167 
v -34.7369 17.2243 8.74167 
v -33.6775 2.22435 8.74167 
v -34.7369 2.22435 8.74167 
v -34.7369 17.2243 8.74167 
v -34.7369 17.2243 -24 
v -34.7369 2.22435 8.74167 
v -34.7369 2.22435 -24 
v -34.7369 2.22435 -24 
v -33.6775 2.22435 -24 
v -34.7369 2.22435 8.74167 
v -33.6775 2.22435 8.74167 
v -34.7369 17.2243 -24 
v -33.6775 17.2243 -24 
v -34.7369 2.22435 -24 
v -33.6775 2.22435 -24 

vn 1 0 0 
vn 1 0 0 
vn 1 0 0 
vn 1 0 0 
vn 0 1 0 
vn 0 1 0 
vn 0 1 0 
vn 0 1 0 
vn 0 0 1 
vn 0 0 1 
vn 0 0 1 
vn 0 0 1 
vn -1 0 0 
vn -1 0 0 
vn -1 0 0 
vn -1 0 0 
vn 0 -1 0 
vn 0 -1 0 
vn 0 -1 0 
vn 0 -1 0 
vn 0 0 -1 
vn 0 0 -1 
vn 0 0 -1 
vn 0 0 -1 

vt 10.8427 -4 
vt 6.75 -4 
vt 10.8427 -5.87499 
vt 6.75 -5.87499 
vt 6.88242 -4 
vt 6.75 -4 
vt 6.88242 -8.09271 
vt 6.75 -8.09271 
vt 6.88242 -4 
vt 6.75 -4 
vt 6.88242 -5.87499 
vt 6.75 -5.87499 
vt 10.8427 -4 
vt 6.75 -4 
vt 10.8427 -5.87499 
vt 6.75 -5.87499 
vt 6.88242 -4 
vt 6.75 -4 
vt 6.88242 -8.09271 
vt 6.75 -8.09271 
vt 6.88242 -4 
vt 6.75 -4 
vt 6.88242 -5.87499 
vt 6.75 -5.87499 

usemtl Part67Mtl

f 6869/6869/6869 6870/6870/6870 6871/6871/6871 
f 6871/6871/6871 6870/6870/6870 6872/6872/6872 
f 6873/6873/6873 6874/6874/6874 6875/6875/6875 
f 6875/6875/6875 6874/6874/6874 6876/6876/6876 
f 6877/6877/6877 6878/6878/6878 6879/6879/6879 
f 6879/6879/6879 6878/6878/6878 6880/6880/6880 
f 6881/6881/6881 6882/6882/6882 6883/6883/6883 
f 6883/6883/6883 6882/6882/6882 6884/6884/6884 
f 6885/6885/6885 6886/6886/6886 6887/6887/6887 
f 6887/6887/6887 6886/6886/6886 6888/6888/6888 
f 6889/6889/6889 6890/6890/6890 6891/6891/6891 
f 6891/6891/6891 6890/6890/6890 6892/6892/6892 

g Part117

v -34.7369 17.2243 -24 
v 29.3553 17.2243 -24 
v -34.7369 2.22434 -24 
v 29.3553 2.22434 -24 
v 29.3553 17.2243 -22.9407 
v 29.3553 17.2243 -24 
v -34.7369 17.2243 -22.9407 
v -34.7369 17.2243 -24 
v 29.3553 17.2243 -24 
v 29.3553 17.2243 -22.9407 
v 29.3553 2.22434 -24 
v 29.3553 2.22434 -22.9407 
v 29.3553 17.2243 -22.9407 
v -34.7369 17.2243 -22.9407 
v 29.3553 2.22434 -22.9407 
v -34.7369 2.22434 -22.9407 
v -34.7369 2.22434 -22.9407 
v -34.7369 2.22434 -24 
v 29.3553 2.22434 -22.9407 
v 29.3553 2.22434 -24 
v -34.7369 17.2243 -22.9407 
v -34.7369 17.2243 -24 
v -34.7369 2.22434 -22.9407 
v -34.7369 2.22434 -24 

vn 0 0 -1 
vn 0 0 -1 
vn 0 0 -1 
vn 0 0 -1 
vn 0 1 0 
vn 0 1 0 
vn 0 1 0 
vn 0 1 0 
vn 1 0 0 
vn 1 0 0 
vn 1 0 0 
vn 1 0 0 
vn 0 0 1 
vn 0 0 1 
vn 0 0 1 
vn 0 0 1 
vn 0 -1 0 
vn 0 -1 0 
vn 0 -1 0 
vn 0 -1 0 
vn -1 0 0 
vn -1 0 0 
vn -1 0 0 
vn -1 0 0 

vt 10.0115 -6 
vt 2 -6 
vt 10.0115 -7.87499 
vt 2 -7.87499 
vt 2.13242 -6 
vt 2 -6 
vt 2.13242 -14.0115 
vt 2 -14.0115 
vt 2.13242 -6 
vt 2 -6 
vt 2.13242 -7.87499 
vt 2 -7.87499 
vt 10.0115 -6 
vt 2 -6 
vt 10.0115 -7.87499 
vt 2 -7.87499 
vt 2.13242 -6 
vt 2 -6 
vt 2.13242 -14.0115 
vt 2 -14.0115 
vt 2.13242 -6 
vt 2 -6 
vt 2.13242 -7.87499 
vt 2 -7.87499 

usemtl Part67Mtl

f 6893/6893/6893 6894/6894/6894 6895/6895/6895 
f 6895/6895/6895 6894/6894/6894 6896/6896/6896 
f 6897/6897/6897 6898/6898/6898 6899/6899/6899 
f 6899/6899/6899 6898/6898/6898 6900/6900/6900 
f 6901/6901/6901 6902/6902/6902 6903/6903/6903 
f 6903/6903/6903 6902/6902/6902 6904/6904/6904 
f 6905/6905/6905 6906/6906/6906 6907/6907/6907 
f 6907/6907/6907 6906/6906/6906 6908/6908/6908 
f 6909/6909/6909 6910/6910/6910 6911/6911/6911 
f 6911/6911/6911 6910/6910/6910 6912/6912/6912 
f 6913/6913/6913 6914/6914/6914 6915/6915/6915 
f 6915/6915/6915 6914/6914/6914 6916/6916/6916 

g Part118

v -34.6775 17.2243 58.9735 
v 29.3553 17.2243 58.9735 
v -34.6775 1.85866 58.9735 
v 29.3553 1.85866 58.9735 
v 29.3553 17.2243 60.0328 
v 29.3553 17.2243 58.9735 
v -34.6775 17.2243 60.0328 
v -34.6775 17.2243 58.9735 
v 29.3553 17.2243 58.9735 
v 29.3553 17.2243 60.0328 
v 29.3553 1.85866 58.9735 
v 29.3553 1.85866 60.0328 
v 29.3553 17.2243 60.0328 
v -34.6775 17.2243 60.0328 
v 29.3553 1.85866 60.0328 
v -34.6775 1.85866 60.0328 
v -34.6775 1.85866 60.0328 
v -34.6775 1.85866 58.9735 
v 29.3553 1.85866 60.0328 
v 29.3553 1.85866 58.9735 
v -34.6775 17.2243 60.0328 
v -34.6775 17.2243 58.9735 
v -34.6775 1.85866 60.0328 
v -34.6775 1.85866 58.9735 

vn 0 0 -1 
vn 0 0 -1 
vn 0 0 -1 
vn 0 0 -1 
vn 0 1 0 
vn 0 1 0 
vn 0 1 0 
vn 0 1 0 
vn 1 0 0 
vn 1 0 0 
vn 1 0 0 
vn 1 0 0 
vn 0 0 1 
vn 0 0 1 
vn 0 0 1 
vn 0 0 1 
vn 0 -1 0 
vn 0 -1 0 
vn 0 -1 0 
vn 0 -1 0 
vn -1 0 0 
vn -1 0 0 
vn -1 0 0 
vn -1 0 0 

vt 11.0041 0.75 
vt 3 0.75 
vt 11.0041 -1.17071 
vt 3 -1.17071 
vt 3.13242 0.75 
vt 3 0.75 
vt 3.13242 -7.2541 
vt 3 -7.2541 
vt 3.13242 0.75 
vt 3 0.75 
vt 3.13242 -1.17071 
vt 3 -1.17071 
vt 11.0041 0.75 
vt 3 0.75 
vt 11.0041 -1.17071 
vt 3 -1.17071 
vt 3.13242 0.75 
vt 3 0.75 
vt 3.13242 -7.2541 
vt 3 -7.2541 
vt 3.13242 0.75 
vt 3 0.75 
vt 3.13242 -1.17071 
vt 3 -1.17071 

usemtl Part67Mtl

f 6917/6917/6917 6918/6918/6918 6919/6919/6919 
f 6919/6919/6919 6918/6918/6918 6920/6920/6920 
f 6921/6921/6921 6922/6922/6922 6923/6923/6923 
f 6923/6923/6923 6922/6922/6922 6924/6924/6924 
f 6925/6925/6925 6926/6926/6926 6927/6927/6927 
f 6927/6927/6927 6926/6926/6926 6928/6928/6928 
f 6929/6929/6929 6930/6930/6930 6931/6931/6931 
f 6931/6931/6931 6930/6930/6930 6932/6932/6932 
f 6933/6933/6933 6934/6934/6934 6935/6935/6935 
f 6935/6935/6935 6934/6934/6934 6936/6936/6936 
f 6937/6937/6937 6938/6938/6938 6939/6939/6939 
f 6939/6939/6939 6938/6938/6938 6940/6940/6940 

g Part119

v 28.8686 17.2243 -24 
v 28.8686 17.2243 60.0328 
v 28.8686 1.85865 -24 
v 28.8686 1.85865 60.0328 
v 27.8092 17.2243 60.0328 
v 28.8686 17.2243 60.0328 
v 27.8092 17.2243 -24 
v 28.8686 17.2243 -24 
v 28.8686 17.2243 60.0328 
v 27.8092 17.2243 60.0328 
v 28.8686 1.85865 60.0328 
v 27.8092 1.85865 60.0328 
v 27.8092 17.2243 60.0328 
v 27.8092 17.2243 -24 
v 27.8092 1.85865 60.0328 
v 27.8092 1.85865 -24 
v 27.8092 1.85865 -24 
v 28.8686 1.85865 -24 
v 27.8092 1.85865 60.0328 
v 28.8686 1.85865 60.0328 
v 27.8092 17.2243 -24 
v 28.8686 17.2243 -24 
v 27.8092 1.85865 -24 
v 28.8686 1.85865 -24 

vn 1 0 0 
vn 1 0 0 
vn 1 0 0 
vn 1 0 0 
vn 0 1 0 
vn 0 1 0 
vn 0 1 0 
vn 0 1 0 
vn 0 0 1 
vn 0 0 1 
vn 0 0 1 
vn 0 0 1 
vn -1 0 0 
vn -1 0 0 
vn -1 0 0 
vn -1 0 0 
vn 0 -1 0 
vn 0 -1 0 
vn 0 -1 0 
vn 0 -1 0 
vn 0 0 -1 
vn 0 0 -1 
vn 0 0 -1 
vn 0 0 -1 

vt 13.0041 0 
vt 2.5 0 
vt 13.0041 -1.92071 
vt 2.5 -1.92071 
vt 2.63242 0 
vt 2.5 0 
vt 2.63242 -10.5041 
vt 2.5 -10.5041 
vt 2.63242 0 
vt 2.5 0 
vt 2.63242 -1.92071 
vt 2.5 -1.92071 
vt 13.0041 0 
vt 2.5 0 
vt 13.0041 -1.92071 
vt 2.5 -1.92071 
vt 2.63242 0 
vt 2.5 0 
vt 2.63242 -10.5041 
vt 2.5 -10.5041 
vt 2.63242 0 
vt 2.5 0 
vt 2.63242 -1.92071 
vt 2.5 -1.92071 

usemtl Part67Mtl

f 6941/6941/6941 6942/6942/6942 6943/6943/6943 
f 6943/6943/6943 6942/6942/6942 6944/6944/6944 
f 6945/6945/6945 6946/6946/6946 6947/6947/6947 
f 6947/6947/6947 6946/6946/6946 6948/6948/6948 
f 6949/6949/6949 6950/6950/6950 6951/6951/6951 
f 6951/6951/6951 6950/6950/6950 6952/6952/6952 
f 6953/6953/6953 6954/6954/6954 6955/6955/6955 
f 6955/6955/6955 6954/6954/6954 6956/6956/6956 
f 6957/6957/6957 6958/6958/6958 6959/6959/6959 
f 6959/6959/6959 6958/6958/6958 6960/6960/6960 
f 6961/6961/6961 6962/6962/6962 6963/6963/6963 
f 6963/6963/6963 6962/6962/6962 6964/6964/6964 

g Base2

v 29.8686 1.85865 -24 
v 29.8686 1.85865 60.214 
v 29.8686 0 -24 
v 29.8686 0 60.214 
v -35 1.85865 60.214 
v 29.8686 1.85865 60.214 
v -35 1.85865 -24 
v 29.8686 1.85865 -24 
v 29.8686 1.85865 60.214 
v -35 1.85865 60.214 
v 29.8686 0 60.214 
v -35 0 60.214 
v -35 1.85865 60.214 
v -35 1.85865 -24 
v -35 0 60.214 
v -35 0 -24 
v -35 0 -24 
v 29.8686 0 -24 
v -35 0 60.214 
v 29.8686 0 60.214 
v -35 1.85865 -24 
v 29.8686 1.85865 -24 
v -35 0 -24 
v 29.8686 0 -24 

vn 1 0 0 
vn 1 0 0 
vn 1 0 0 
vn 1 0 0 
vn 0 1 0 
vn 0 1 0 
vn 0 1 0 
vn 0 1 0 
vn 0 0 1 
vn 0 0 1 
vn 0 0 1 
vn 0 0 1 
vn -1 0 0 
vn -1 0 0 
vn -1 0 0 
vn -1 0 0 
vn 0 -1 0 
vn 0 -1 0 
vn 0 -1 0 
vn 0 -1 0 
vn 0 0 -1 
vn 0 0 -1 
vn 0 0 -1 
vn 0 0 -1 

vt 13.3371 8.38952 
vt 2.81034 8.38952 
vt 13.3371 8.15719 
vt 2.81034 8.15719 
vt 10.9189 8.38952 
vt 2.81034 8.38952 
vt 10.9189 -2.13724 
vt 2.81034 -2.13724 
vt 10.9189 8.38952 
vt 2.81034 8.38952 
vt 10.9189 8.15719 
vt 2.81034 8.15719 
vt 13.3371 8.38952 
vt 2.81034 8.38952 
vt 13.3371 8.15719 
vt 2.81034 8.15719 
vt 10.9189 8.38952 
vt 2.81034 8.38952 
vt 10.9189 -2.13724 
vt 2.81034 -2.13724 
vt 10.9189 8.38952 
vt 2.81034 8.38952 
vt 10.9189 8.15719 
vt 2.81034 8.15719 

usemtl Base2Mtl

f 6965/6965/6965 6966/6966/6966 6967/6967/6967 
f 6967/6967/6967 6966/6966/6966 6968/6968/6968 
f 6969/6969/6969 6970/6970/6970 6971/6971/6971 
f 6971/6971/6971 6970/6970/6970 6972/6972/6972 
f 6973/6973/6973 6974/6974/6974 6975/6975/6975 
f 6975/6975/6975 6974/6974/6974 6976/6976/6976 
f 6977/6977/6977 6978/6978/6978 6979/6979/6979 
f 6979/6979/6979 6978/6978/6978 6980/6980/6980 
f 6981/6981/6981 6982/6982/6982 6983/6983/6983 
f 6983/6983/6983 6982/6982/6982 6984/6984/6984 
f 6985/6985/6985 6986/6986/6986 6987/6987/6987 
f 6987/6987/6987 6986/6986/6986 6988/6988/6988 

